hotel_name,location,landmark,ratings,info,price,tag,accessibility,occupancy_details,description
Park Inn by Radisson Goa Candolim,Candolim,| 7 minutes walk to Candolim Beach,3.8,"['Gym', 'Swimming Pool']","₹6,192 per night",null,null,null,CoupleFriendlyBreakfastIncluded
Elements by Rosetta,South Goa,| 1.7 km drive to Varca Beach,4.9,"['Gym', 'Swimming Pool']","₹13,494 per night",null,null,null,CoupleFriendlyFreeCancellationBreakfastIncludedAvailINR3500hotelvoucherredeemableonstayof3daysormore20%offonsessionofSpa
Hotel Jyoti Plaza,Margao,null,4.1,"['Bar', 'Jacuzzi']","₹2,092 per night",null,null,null,Breakfastavailableatextracharges
Novotel Goa Resort and Spa Candolim,Candolim,| 4 minutes walk to Candolim Beach,4.1,"['Spa', 'Gym']","₹11,124 per night",null,null,null,"CoupleFriendlyFreeCancellationBreakfastIncludedBook@₹0availableComeswith2outdoorpools,Jacuzzi&TurkishHammam"
Resorte Marinha Dourada,Arpora,| 2.2 km drive to Baga Beach,3.9,"['Swimming Pool', 'Beds in a Hostel']","₹7,090 per night",null,null,null,CoupleFriendlyFreeCancellationBreakfastIncludedBook@₹0available
Panjim City Dorms,Panjim,| 8 minutes walk to Deltin Royale,3.8,"['| 2 Dorm Beds', 'Lounge']",₹872 per night,null,Beds in a Hostel,| 2 Dorm Beds,"Idyllichostelfeaturingalounge,diningarea&freeWi-Fi"
Island House,Tiswadi,null,4.3,"['Caretaker', '| 1 Bedroom | Sleeps 2 guests']","₹4,932 per night",Like a 4 Star,Room in a Homestay,| 1 Bedroom | Sleeps 2 guests,"CoupleFriendlyBreakfastIncludedHomestayfeaturingapool,restaurant&freeparking"
"Fortune Resort Benaulim, Goa",Benaulim,| 4-5 minutes walk from Benaulim Beach,4.1,"['Swimming Pool', 'Caretaker']","₹17,640 per night",null,null,null,CoupleFriendlyBreakfastIncluded15%DiscountOnF&BServices
Alekhya Suites,Panjim,| 1.1 km drive to Miramar Beach,3.5,"['Gym', 'Swimming Pool']","₹3,325 per night",null,null,null,CoupleFriendlyFreeCancellationBook@₹0availableBreakfastavailableatextracharges
Resort Lagoa Azul,Arpora,| 2.8 km drive to Baga Beach,4,"['Spa', 'Swimming Pool']","₹4,128 per night",null,null,null,CoupleFriendlyBreakfastIncluded
Downtown Anjuna - The Party Hostel,Anjuna,| 1.6 km drive to Anjuna Beach,4.4,"['Gym', 'Swimming Pool']","₹2,099 per night",null,Beds in a Hostel,| 2 Dorm Beds,CoupleFriendly
I Love Bell Bottoms Vagator Goa,Vagator,| 1.3 km drive to Vagator Beach,4.2,"['Beds in a Hostel', '| 2 Dorm Beds']","₹6,123 per night",null,null,null,"CoupleFriendlyFreeCancellationBreakfastIncludedBook@₹0availableEnjoyHappyHourswith2+1offeronAlcoholicDrinks,SoftBeverages"
Grand Vatika Resort,Arambol,| 2.7 km drive to Mandrem Beach,4.4,"['Swimming Pool', 'Kitchenette']","₹3,274 per night",null,null,null,CoupleFriendlyBreakfastavailableatextracharges
Whoopers Hostel Palolem | Room & Dorms,Palolem,| 2 minutes walk to Palolem Beach,3.9,"['Swimming Pool', 'Gym']","₹1,292 per night",null,Beds in a Hostel,| 2 Dorm Beds,"CoupleFriendlyFunhostelfeaturingacafe,powerbackup,kitchen&Wi-Fi"
Fortune Select Candolim-Member ITC's Hotel Group,Candolim,| 1.2 km drive to Candolim Beach,4.8,"['Gym', 'Swimming Pool']","₹8,549 per night",null,null,null,CoupleFriendlyBreakfastIncluded
goSTOPS Goa Baga,Baga,| 1.7 km drive to Baga Beach,4.1,"['Beds in a Hostel', '| 2 Dorm Beds']","₹1,671 per night",Like a 3 Star,Beds in a Hostel,| 2 Dorm Beds,"Vibranthostelofferingapool,playarea&lounge"
Hotel Gautam (A Vegetarian Hotel),Povorim,null,5,"['Caretaker', 'Restaurant']","₹3,612 per night",null,null,null,FreeCancellationBook@₹0available
All Seasons Guest House | Rooms & Dorms,Margao,null,4.4,"['Spa', 'Swimming Pool']","₹2,145 per night",null,Room in a Hostel,| 1 Bedroom | Sleeps 5 guests,CoupleFriendlyBreakfastavailableatextracharges
Rosetum Anjuna,Anjuna,| 8 minutes walk to Anjuna Beach,3.9,"['Beds in a Hostel', '| 2 Dorm Beds']","₹2,989 per night",null,null,null,CoupleFriendlyFreeCancellationBreakfastavailableatextracharges
The Lalit Golf & Spa Resort,Palolem,| 6 minutes walk to Rajbag Beach,3.9,"['Swimming Pool', 'Living Room']","₹19,304 per night",null,null,null,CoupleFriendlyBreakfastIncludedsessionofSpa
The Park Calangute,Calangute,| 2-3 minutes walk from Calangute Beach,4,"['Indoor Games', '| 1 Bedroom | Sleeps 5 guests']","₹13,660 per night",null,null,null,CoupleFriendlyBreakfastIncluded
Yu hotel,Candolim,| 8 minutes walk to Candolim Beach,4.3,"['Caretaker', 'Luggage Storage']","₹8,703 per night",null,null,null,CoupleFriendlyFreeCancellationBook@₹0availableBreakfastavailableatextrachargesAvail20%discountonfood&beverages
"Hilton Goa Resort,Candolim",Candolim,Ends  in  18h:  03m:  41s,4.6,"['Gym', 'Swimming Pool']","₹13,088 per night",null,null,null,CoupleFriendlyBreakfastIncludedGet1freebeerbucketonceduringthestayatthein-houseeatery@Saipe
Passions de Goa,Anjuna,null,3.8,"['Gym', 'Private Beach']","₹2,325 per night",null,null,null,CoupleFriendlyFreeCancellationBook@₹0availableBreakfastavailableatextracharges
The Tanisi,Candolim,| 3-4 minutes walk from Anjuna Beach,3.8,"['Gym', 'Swimming Pool']","₹8,146 per night",null,null,null,CoupleFriendlyFreeCancellationBreakfastIncludedBook@₹0availableGuaranteed20%DiscountonHi-Tea/Buffet/Drinks/Brunch/Bakery/Cake
La Vaiencia beach resort,Morjim,| 5 minutes walk to Candolim Beach,3.7,"['Spa', 'Gym']","₹3,408 per night",null,null,null,CoupleFriendlyFreeCancellationBook@₹0availableBreakfastavailableatextracharges
BloomSuites | Calangute,Calangute,| 3 minutes walk to Morjim Beach,4.1,"['Swimming Pool', 'Swimming Pool']","₹6,900 per night",null,null,null,CoupleFriendlyBreakfastavailableatextracharges
Ivy Retreat Apartments,Baga,| 4-5 minutes walk from Calangute Beach,4,"['Jacuzzi', 'Swimming Pool']","₹2,843 per night",null,Entire Apartment,| 1 Bedroom | Sleeps 4 guests,CoupleFriendly
DoubleTree by Hilton Hotel Goa-Arpora- Baga,Arpora,| 4-5 minutes walk from Calangute Beach,4.1,"['Gym', 'Swimming Pool']","₹9,342 per night",null,null,null,CoupleFriendlyBreakfastIncludedBooknow&get20%offatFlamerestaurant
Novotel Goa Candolim,Candolim,null,4.2,"['Swimming Pool', 'Gym']","₹12,449 per night",null,null,null,CoupleFriendlyFreeCancellationBreakfastIncludedBook@₹0available
"The Hosteller Goa, Old Goa",Panjim,| 4 minutes walk to Candolim Beach,4.7,"['Entire Apartment', '| 1 Bedroom | Sleeps 4 guests']","₹1,484 per night",null,Beds in a Hostel,| 2 Dorm Beds,CoupleFriendly
"Stone Wood Resort, Mandrem",North Goa,| 2.2 km drive to Basilica Of Bom Jesus,4.6,"['Housekeeping', 'Caretaker']","₹6,092 per night",null,null,null,CoupleFriendlyBreakfastIncluded20%offonsessionofSpa
Baga Beach Hotel,Baga,| 8 minutes walk to Ashwem Beach,3.5,"['Gym', 'Jacuzzi']","₹1,411 per night",null,null,null,CoupleFriendly
XOXO Hostel,Anjuna,| 5 minutes walk to Baga Beach,3.9,"['Spa', 'Beds in a Hostel']","₹1,454 per night",null,Beds in a Hostel,| 2 Dorm Beds,CoupleFriendly
Lillywoods Zac Beach Resort,Calangute,| 2.7 km drive to Anjuna Beach,3.1,"['| 2 Dorm Beds', 'Swimming Pool']","₹4,888 per night",null,null,null,CoupleFriendlyFreeCancellationBook@₹0availableBreakfastavailableatextracharges
Beleza By The Beach,Colva Beach,| About a minute walk to Calangute Beach,4.6,"['Indoor Games', 'Swimming Pool']","₹10,359 per night",null,null,null,CoupleFriendlyBreakfastIncluded
Bedrock Boutique Hostel,Baga,| About a minute walk to Colva Beach,3.7,"['Restaurant', 'Spa']","₹1,131 per night",null,Beds in a Hostel,| 2 Dorm Beds,
"Taj Cidade de Goa Horizon, Goa",Panjim,| 4-5 minutes walk from Calangute Beach,4.8,"['Kids Play Area', 'Beds in a Hostel']","₹26,250 per night",null,null,null,BreakfastIncludedGetaTajGiftCardworthatleastINR500forF&B&Spa
SinQ Beach Resort,Calangute,| 4-5 minutes walk from Miramar Beach,4,"['| 2 Dorm Beds', 'Swimming Pool']","₹2,925 per night",null,null,null,CoupleFriendlyFreeCancellationBreakfastavailableatextracharges
Reina's Elegance,Candolim,| 6 minutes walk to Calangute Beach,3.2,"['Caretaker', 'Restaurant']","₹1,929 per night",null,Room in an Apartment,| 1 Bedroom | Sleeps 3 guests,
Hotel Campal,Panjim,| 8 minutes walk to Candolim Beach,3.9,"['Bar', 'Gym']","₹2,688 per night",null,null,null,"CoupleFriendlyFreeCancellationBook@₹0availableBreakfastavailableatextracharges10%offonInRoomFoodServicesfromSoulCurryRestaurant,Panjim"
"Ginger Goa, Madgaon",Margao,| 1.6 km drive to Deltin Royale,4.2,"['Swimming Pool', 'Beds in a Hostel']","₹3,824 per night",null,null,null,FreeCancellationBook@₹0availableBreakfastavailableatextracharges
SinQ The Party Hotel (No Stags Allowed),Candolim,null,4.2,"['| 2 Dorm Beds', 'Living Room']","₹3,268 per night",null,null,null,CoupleFriendlyFreeCancellationBreakfastavailableatextrachargesBookPartyCottageandPoolViewRoomGetFreeEntryinSinQNightClubonceduringthestayperperson
Zostel Goa (Morjim),Morjim,| 10 minutes walk to Sinquerium Beach,3.9,"['Barbeque', 'Spa']","₹2,785 per night",Like a 3 Star,Beds in a Hostel,| 2 Dorm Beds,"Hostelwithapool,gamesroom,restaurant&sharedlounge"
"Ginger Goa, Panjim",Panjim,| 4-5 minutes walk from Morjim Beach,4.1,"['Swimming Pool', 'Swimming Pool']","₹7,244 per night",null,null,null,CoupleFriendlyBreakfastavailableatextracharges
Hotel Celi,Calangute,| 1.8 km drive to Deltin Royale,4.2,"['Jacuzzi', 'Room in an Apartment']","₹2,194 per night",null,null,null,CoupleFriendlyFreeCancellation
Moustache Goa Luxuria | Private Rooms & Dorms,Vagator,| 3 minutes walk to Calangute Beach,3.9,"['| 1 Bedroom | Sleeps 3 guests', 'Housekeeping']","₹2,419 per night",null,Beds in a Hostel,| 2 Dorm Beds,
Lillywoods Highland Beach Resort,Candolim,| 2.5 km drive to Vagator Beach,3,"['Free Public Parking', 'Restaurant']","₹4,687 per night",null,null,null,"CoupleFriendlyFreeCancellationBook@₹0availableBreakfastavailableatextracharges10%DiscountOnAirportTransfer,SubjecttoAvailability"
GT GOVEIA SUITES,Candolim,| 9 minutes walk to Candolim Beach,3.3,"['24-hour Room Service', 'Restaurant']","₹2,087 per night",null,null,null,CoupleFriendlyFreeCancellationBook@₹0availableBreakfastavailableatextracharges20%DiscountonF&Bservices
BOB Beach House,Calangute,| 1.2 km drive to Candolim Beach,4,"['Swimming Pool', 'Restaurant']","₹1,367 per night",null,Room in an Apartment,| 1 Bedroom | Sleeps 3 guests,
goSTOPS PLUS Goa Vagator,Vagator,| 5 minutes walk to Calangute Beach,4,"['Beds in a Hostel', '| 2 Dorm Beds']","₹1,785 per night",Like a 3 Star,Beds in a Hostel,| 2 Dorm Beds,Rooms&dormsinahostelfeaturingapool&cafe
DOWN D VILLAGE.,Candolim,null,2.7,"['Swimming Pool', 'Living Room']","₹1,216 per night",null,Room in an Apartment,| 1 Bedroom | Sleeps 6 guests,
Amoravida by 7 Apple Resort (Near Mopa Airport),North Goa,| 5 minutes walk to Candolim Beach,4,"['Gym', 'Kids Play Area']","₹5,704 per night",null,null,null,CoupleFriendlyFreeCancellationBreakfastIncludedBook@₹0available
Shelsta Holiday Resort,Calangute Baga Road,null,3.7,"['null', 'Beds in a Hostel']","₹3,445 per night",null,null,null,CoupleFriendly
Shrikrishna Studio Goa | Rooms & Pool,Calangute,| 7 minutes walk to Calangute Beach,4.5,"['| 2 Dorm Beds', 'Swimming Pool']","₹2,375 per night",null,Room in an Apartment,| 1 Bedroom | Sleeps 6 guests,"CoupleFriendlyBreakfastavailableatextrachargesApartmentfeaturingapool,garden&in-houserestaurant"
Metropolis Business Hotel,Panjim,null,3.8,"['Pool/ Beach towels', 'Swimming Pool']","₹3,818 per night",null,null,null,"FreeCancellationBook@₹0available10%DiscountOnAirportTransfer,SubjecttoAvailability"
"The Golden Suites & Spa,Calangute",Calangute,| 9 minutes walk to Deltin Royale,3.6,"['Kids Play Area', 'Gym']","₹3,731 per night",null,null,null,CoupleFriendlyFreeCancellationBook@₹0availableBreakfastavailableatextracharges
"Porto By Lagom,Vagator",Vagator,| 1.6 km drive to Calangute Beach,3.9,"['Swimming Pool', 'Room in an Apartment']","₹4,262 per night",null,null,null,CoupleFriendlyBreakfastavailableatextracharges
Jungle by sturmfrei Palolem,Palolem,| 1.5 km drive to Vagator Beach,4.1,"['| 1 Bedroom | Sleeps 3 guests', 'Swimming Pool']","₹1,960 per night",null,Beds in a Hostel,| 2 Dorm Beds,"CoupleFriendlyDormitoryfeaturingalounge,terrace&ArabianSeaviews"
The Center Court Resort and Spa,Varca,| About a minute walk to Palolem Beach,4.1,"['Reception', '| 2 Dorm Beds']","₹3,649 per night",null,null,null,CoupleFriendlyFreeCancellationBook@₹0availableBreakfastavailableatextracharges
Brendons Goa,Palolem,| 1.7 km drive to Varca Beach,4.5,"['Swimming Pool', 'Bonfire']","₹4,014 per night",Like a 3 Star,Room in a Cottage,| 1 Bedroom | Sleeps 4 guests,"CoupleFriendlyFreeCancellationBook@₹0availableBreakfastavailableatextrachargesBeachfrontpropertyfeaturingarestaurant,lawn&seaviews"
Mariaariose - Melody of the Sea,Bogmalo,| About a minute walk to Palolem Beach,3.1,"['Room in an Apartment', '| 1 Bedroom | Sleeps 6 guests']","₹2,800 per night",null,null,null,CoupleFriendlyFreeCancellationBook@₹0available
Bloomrooms @ Calangute,Calangute,| 1.5 km drive to Bogmalo Beach,3.9,"['Reception', 'Housekeeping']","₹5,650 per night",null,null,null,CoupleFriendlyBreakfastavailableatextrachargesWelcomeDrinkonarrival
"The Hosteller Bam Goa, Saligao",Bardez,| 4-5 minutes walk from Candolim Beach,5,"['Kids Play Area', 'Swimming Pool']","₹3,802 per night",Like a 4 Star,Room in a Hostel,| 1 Bedroom | Sleeps 2 guests,CoupleFriendly
Antara Goa,Calangute Baga Road,null,3.9,"['Restaurant', '| 1 Bedroom | Sleeps 6 guests']","₹3,808 per night",null,null,null,CoupleFriendlyBreakfastavailableatextracharges
"DeAmour: A Dreamy Getaway, Near Beach",Anjuna,| 7 minutes walk to Calangute Beach,3.8,"['Shared Swimming Pool', 'Reception']","₹3,506 per night",null,null,null,CoupleFriendlyBreakfastavailableatextracharges
Riviera Hermitage,Arpora,| 1.1 km drive to Anjuna Beach,4.3,"['24-hour Room Service', 'Butler Services']","₹5,875 per night",null,Entire Apartment,| 1 Bedroom | Sleeps 4 guests,CoupleFriendly
Calangute Grande,Calangute Baga Road,null,3.7,"['Swimming Pool', 'Kids Play Area']","₹3,709 per night",null,null,null,CoupleFriendlyBreakfastavailableatextracharges
The Tubki Resort,Palolem,| 6 minutes walk to Calangute Beach,4.4,"['Swimming Pool', 'Restaurant']","₹2,603 per night",null,null,null,CoupleFriendlyFreeCancellationBreakfastavailableatextracharges
Shivam Bnb,North Goa,| 2.4 km drive to Palolem Beach,4.1,"['Beds in a Hostel', '| 2 Dorm Beds']",₹647 per night,null,Room in a Homestay,| 1 Bedroom | Sleeps 2 guests,"Poolvillafeaturingsunbeds,sprawlinglawn&caretaker"
Anjuna Beach Resort,Anjuna,null,3.6,"['Bonfire', 'Caretaker']","₹2,683 per night",null,null,null,CoupleFriendly
Carnival De Goa - Luxury Apartment near Candolim,Candolim,| 6 minutes walk to Anjuna Beach,4.3,"['Spa', 'Swimming Pool']","₹4,082 per night",Like a 3 Star,Entire Apartment,| 1 Bedroom | Sleeps 4 guests,"BreakfastIncludedApartmentwithapool,kitchen,livingroom,gym&parking"
Sera's Beach Side Hotel,Calangute,null,3.8,"['Room in a Cottage', '| 1 Bedroom | Sleeps 4 guests']","₹1,432 per night",null,null,null,CoupleFriendlyFreeCancellation
The Hosteller Goa Candolim,Candolim,| 1-2 minutes walk from Calangute Beach,4.4,"['Housekeeping', 'Wi-Fi']","₹2,274 per night",Like a 3 Star,Beds in a Hostel,| 2 Dorm Beds,"CoupleFriendlyVibranthostelfeaturingapool,indoorgames,lounge&Wi-Fi"
IORA BAGA BEACH,Baga,| 10 minutes walk to Candolim Beach,3.7,"['Swimming Pool', 'Restaurant']","₹3,603 per night",null,null,null,"CoupleFriendly10%DiscountOnRoomUpgrade,SubjecttoAvailability"
Pappi Chulo Hostel - Vagator,Vagator,| About a minute walk to Baga Beach,3.9,"['Swimming Pool', 'Restaurant']","₹2,152 per night",null,Beds in a Hostel,| 2 Dorm Beds,CoupleFriendly
Avontade Suites | Entire Pool Villas,Anjuna,| 3-4 minutes walk from Vagator Beach,4.4,"['| 1 Bedroom | Sleeps 2 guests', 'Swimming Pool']","₹7,892 per night",Like a 3 Star,Entire Villa,| 2 Bedrooms | Sleeps 8 guests,FreeCancellationBook@₹0available
Red Thread Morjim,Morjim,null,4.7,"['Caretaker', 'Restaurant']","₹13,746 per night",null,null,null,CoupleFriendlyBreakfastavailableatextracharges
Casa Severina,Calangute,| 2 minutes walk to Morjim Beach,4.7,"['Bar', 'Swimming Pool']","₹4,102 per night",null,null,null,CoupleFriendlyBreakfastavailableatextracharges
Craft Hostel,Anjuna,| 3-4 minutes walk from Calangute Beach,4.5,"['Water Sports', '| 1 Bedroom | Sleeps 4 guests']","₹1,798 per night",Like a 3 Star,Beds in a Hostel,| 2 Dorm Beds,CoupleFriendly
Cygnett Inn Celestiial,Calangute,| 2 minutes walk to Anjuna Beach,3.3,"['Housekeeping', 'Caretaker']","₹3,603 per night",null,null,null,CoupleFriendlyFreeCancellationBook@₹0availableBreakfastavailableatextracharges
Tranquility Cottage Resort,Baga,| 9 minutes walk to Candolim Beach,4,"['Swimming Pool', 'Restaurant']","₹3,183 per night",null,null,null,CoupleFriendlyBreakfastIncluded
"Taj Fort Aguada Resort & Spa, Goa",Candolim,| 10 minutes walk to Baga Beach,4.6,"['Gym', 'Kids Play Area']","₹38,088 per night",null,null,null,CoupleFriendlyBreakfastIncludedGetaTajGiftCardworthatleastINR500forF&B&Spa
SinQ Beach Morjim.,Morjim,| 1-2 minutes walk from Sinquerium Beach,3.9,"['| 1 Bedroom | Sleeps 2 guests', 'Swimming Pool']","₹6,503 per night",null,null,null,CoupleFriendlyFreeCancellationBreakfastIncludedBeachfrontretreatwithsea-viewroomsandpool
Hard Rock Hotel Goa Calangute,Calangute,| About a minute walk to Morjim Beach,4.1,"['Kitchenette', 'Swimming Pool']","₹8,724 per night",null,null,null,CoupleFriendlyFreeCancellationBreakfastIncludedBook@₹0available
ibis Styles Goa Calangute - An Accor Brand,Calangute,| 1.3 km drive to Calangute Beach,4.1,"['Water Sports', '| 1 Bedroom | Sleeps 4 guests']","₹6,399 per night",null,null,null,CoupleFriendlyFreeCancellationBreakfastIncludedBook@₹0available
Whoopers Party Hostel Palolem,South Goa,| 10 minutes walk to Calangute Beach,4.4,"['Swimming Pool', 'Reception']","₹5,297 per night",null,Room in a Hostel,| 1 Bedroom | Sleeps 3 guests,"CoupleFriendlyHostelamidstgreenerywithacafe,bar,indoorgames&parking"
"The Fern Habitat, Candolim, Goa",Candolim,| 2.4 km drive to Palolem Beach,4.4,"['Spa', 'Indoor Games']","₹7,090 per night",null,null,null,CoupleFriendlyFreeCancellationBreakfastIncludedBook@₹0availableEnjoy2pintsofbeerperonceduringthestay&2+1offerduringhappyhoursfrom11:00AMto7:00PM
Zense Candolim,Candolim,| 10 minutes walk to Candolim Beach,3.8,"['Beds in a Hostel', '| 2 Dorm Beds']","₹3,743 per night",null,null,null,CoupleFriendlyBreakfastavailableatextracharges
Blue Lagoon Resort | Room & Restaurant,Cola Beach,| 7 minutes walk to Candolim Beach,3.8,"['Swimming Pool', 'Indoor Games']","₹3,377 per night",Like a 3 Star,Room in a Beach Hut,| 1 Bedroom | Sleeps 4 guests,FreeCancellation
Longuinhos Beach Resort,Colva,null,3.7,"['Water Sports', 'Restaurant']","₹7,841 per night",null,null,null,CoupleFriendlyBreakfastIncluded
Kings Villa Garden View Cottages,Palolem,| 2 minutes walk to Colva Beach,3.7,"['Beds in a Hostel', '| 2 Dorm Beds']","₹3,453 per night",Like a 3 Star,Room in a Cottage,| 1 Bedroom | Sleeps 4 guests,CoupleFriendlyBreakfastIncludedVillafeaturingalivingroom&alawn
SinQ Prive,Candolim,| 6 minutes walk to Palolem Beach,3.8,"['Lounge', 'Barbeque']","₹4,911 per night",null,null,null,CoupleFriendlyFreeCancellationBook@₹0availableBreakfastavailableatextracharges
Casa Comforts,Vagator,| 3-4 minutes walk from Sinquerium Beach,3.3,"['| 2 Bedrooms | Sleeps 8 guests', 'Swimming Pool']","₹7,323 per night",null,Room in a Cottage,| 1 Bedroom | Sleeps 4 guests,CoupleFriendlyBreakfastIncluded
BunkNBrew,Palolem,| 4-5 minutes walk from Vagator Beach,4.4,"['Caretaker', 'Swimming Pool']",₹905 per night,null,Beds in a Hostel,| 2 Dorm Beds,"Hostelfeaturingakitchen,cafe,beachaccess&parking"
Sinon Baga Retreat - A Beach Resort,Baga,| 3-4 minutes walk from Palolem Beach,3.5,"['Kids Play Area', 'Gym']","₹7,686 per night",null,null,null,CoupleFriendlyFreeCancellationBook@₹0available
Sun Park Baga,Baga,| About a minute walk to Baga Beach,3.4,"['Swimming Pool', 'Beds in a Hostel']","₹1,701 per night",null,Entire Apartment,| 1 Bedroom | Sleeps 5 guests,CoupleFriendly
Hilltop Seaview Palolem Beach,Palolem,| 890 m drive to Calangute Beach,3.9,"['| 2 Dorm Beds', 'Kitchenette']","₹4,125 per night",Like a 3 Star,Room in a Cottage,| 1 Bedroom | Sleeps 4 guests,"CoupleFriendlyBeachfrontcottagewithalawn,on-siterestaurant&bonfire"
The Acacia Morjim,Morjim,| 6 minutes walk to Palolem Beach,4.1,"['Living Room', 'Swimming Pool']","₹7,210 per night",null,null,null,CoupleFriendlyBreakfastIncluded10%OffonF&Bservices
Aldeia Santa Rita,Candolim,| 6 minutes walk to Morjim Beach,4.1,"['Restaurant', 'Swimming Pool']","₹6,934 per night",null,null,null,CoupleFriendlyFreeCancellationBook@₹0availableBreakfastavailableatextracharges
Amritara Aura Resort & Spa,North Goa,| 4-5 minutes walk from Sinquerium Beach,4.3,"['Restaurant', 'Spa']","₹6,645 per night",null,null,null,CoupleFriendlyFreeCancellationBreakfastIncludedBook@₹0availableComplimentaryHi-Tea
"The Fern Residency Miramar, Goa",Panjim,| 1.3 km drive to Mandrem Beach,3.7,"['Swimming Pool', 'Jacuzzi']","₹4,766 per night",null,null,null,CoupleFriendlyFreeCancellationBreakfastIncludedBook@₹0available
Bells Beach Resort (A unit of Resort De Balneaire),Calangute,| 1.4 km drive to Miramar Beach,3.8,"['Indoor Games', 'Gym']","₹3,278 per night",null,null,null,CoupleFriendlyBreakfastavailableatextrachargesModesthotelfeaturingaplungepool&well-appointedrooms
Spectrum Hub Candolim,Candolim,| 4-5 minutes walk from Calangute Beach,4.5,"['Swimming Pool', 'Swimming Pool']","₹2,347 per night",null,Entire Apartment,| 1 Bedroom | Sleeps 4 guests,CoupleFriendly
Hotel Colva Kinara,Colva,| 5 minutes walk to Candolim Beach,3.8,"['Gym', 'Room in a Hostel']","₹3,617 per night",null,null,null,CoupleFriendlyBreakfastavailableatextracharges
Woodside Retreat,Baga,| 7 minutes walk to Colva Beach,4.1,"['| 1 Bedroom | Sleeps 3 guests', 'Caretaker']","₹4,213 per night",null,Entire Apartment,| 2 Bedrooms | Sleeps 6 guests,CoupleFriendly
Radisson Resort Goa Baga,Baga,| 1.7 km drive to Baga Beach,4.1,"['Restaurant', 'Swimming Pool']","₹9,314 per night",null,null,null,"CoupleFriendlyBreakfastIncludedEnjoy15%offonF&B,SpaandLaundry"
Mitra Hostel by the Pool,Anjuna,| 1.8 km drive to Baga Beach,4.2,"['Gym', 'Swimming Pool']","₹1,297 per night",null,Beds in a Hostel,| 2 Dorm Beds,
Grand Hyatt Goa,Bambolim Beach,| 8 minutes walk to Anjuna Beach,4.2,"['Indoor Games', '| 1 Bedroom | Sleeps 4 guests']","₹29,480 per night",null,null,null,BreakfastIncluded
Grandeur Stay,Panjim,| 5 minutes walk to Bambolim Beach,5,"['Caretaker', 'Restaurant']","₹2,767 per night",null,Room in an Apartment,| 1 Bedroom | Sleeps 3 guests,FreeCancellationBook@₹0availableBreakfastavailableatextracharges
The Grand Leoney Resort,Vagator,| 7 minutes walk to Miramar Beach,4.3,"['Swimming Pool', 'Jacuzzi']","₹5,712 per night",null,null,null,CoupleFriendly
Arize You Home,Bardez,| 8 minutes walk to Vagator Beach,4.5,"['Room in a Cottage', '| 1 Bedroom | Sleeps 4 guests']","₹2,207 per night",null,Room in an Apartment,| 1 Bedroom | Sleeps 3 guests,CoupleFriendly
Casa Almeida Guest House,Candolim,null,3.9,"['Shared Swimming Pool', 'Pool/ Beach towels']","₹1,830 per night",null,null,null,CoupleFriendlyFreeCancellationBook@₹0available
"Le Meridien Goa, Calangute",Calangute,| 3 minutes walk to Candolim Beach,4.3,"['Swimming Pool', 'Gym']","₹11,213 per night",null,null,null,"CoupleFriendlyFreeCancellationBreakfastIncludedBook@₹0available10%offatLatestRecipe,thein-houseall-daydiningrestaurant"
Casa De Goa Boutique Resort,Calangute Baga Road,| 4-5 minutes walk from Calangute Beach,4.1,"['Room in a Cottage', '| 1 Bedroom | Sleeps 4 guests']","₹7,030 per night",null,null,null,CoupleFriendlyBreakfastIncluded
Bloom Hotel - Calangute,Calangute Baga Road,| 5 minutes walk to Calangute Beach,3.9,"['Caretaker', 'Housekeeping']","₹5,000 per night",null,null,null,"CoupleFriendlyFreeCancellationBook@₹0availableBreakfastavailableatextrachargesNearthebeach&McDonalds,largepool&bikerentals"
"Reemz, Beach Heaven, Anjuna",Anjuna,| 8 minutes walk to Calangute Beach,3.8,"['Beds in a Hostel', '| 2 Dorm Beds']","₹10,925 per night",Like a 3 Star,Room in an Apartment,| 1 Bedroom | Sleeps 2 guests,"CoupleFriendlyBreakfastIncludedApartmentfeaturinganin-houserestaurant,pool&lawn"
The Park Baga River Goa (Adults only Property),Baga,| 9 minutes walk to Anjuna Beach,4,"['Kitchenette', 'Pool/ Beach towels']","₹6,859 per night",null,null,null,CoupleFriendlyBreakfastIncluded
Mandala Hostel near Palolem Beach,Palolem,| 2.2 km drive to Baga Beach,4,"['Private Beach', 'Swimming Pool']","₹1,297 per night",null,Beds in a Hostel,| 2 Dorm Beds,FreeCancellationBook@₹0available
Crystal Goa Onyx,Palolem,| About a minute walk to Palolem Beach,4.1,"['Entire Apartment', '| 1 Bedroom | Sleeps 5 guests']","₹3,861 per night",null,Room in an Apartment,| 1 Bedroom | Sleeps 3 guests,"CoupleFriendlyChicstayentailingalawn,sit-outs&Palolembeachview"
Pride Sun Village Resort & Spa,Baga,| 3 minutes walk to Palolem Beach,3.5,"['Reception', 'Housekeeping']","₹4,548 per night",null,null,null,CoupleFriendlyFreeCancellationBook@₹0availableBreakfastavailableatextracharges10%DiscountOnF&BServices
1BHK Apartment with Private Balcony - Fortune Belleza,Candolim,| 2.3 km drive to Baga Beach,4.4,"['Room in a Cottage', '| 1 Bedroom | Sleeps 4 guests']","₹3,644 per night",Like a 3 Star,Entire Apartment,| 1 Bedroom | Sleeps 4 guests,CoupleFriendlyFeaturesprivatebalconieswithsit-outs
Traverse Luxe Hostel Palolem,Palolem,null,4.1,"['Caretaker', 'Housekeeping']",₹910 per night,null,Beds in a Hostel,| 2 Dorm Beds,CoupleFriendlyBeachsidecottagewithacaretaker&yogasessions
Caphina Coastal Comforts,Benaulim,| About a minute walk to Palolem Beach,4.8,"['Swimming Pool', 'Kids Play Area']","₹1,732 per night",null,Room in an Apartment,| 1 Bedroom | Sleeps 3 guests,CoupleFriendlyFreeCancellationBook@₹0available
"La Estoria, Goa - IHCL SeleQtions",Candolim,Ends  in  02h:  59m:  10s,3.9,"['Spa', 'Swimming Pool']","₹8,454 per night",null,null,null,CoupleFriendlyFreeCancellationBook@₹0availableBreakfastavailableatextracharges
Mountain Palm Patnem Beach,Palolem,| 8 minutes walk to Benaulim Beach,4.6,"['Swimming Pool', 'Spa']","₹2,528 per night",Like a 3 Star,Room in a Cottage,| 1 Bedroom | Sleeps 4 guests,CoupleFriendly
Santana Beach Resort,Candolim,Ends  in  02h:  59m:  10s,4.4,"['Gym', 'Indoor Games']","₹5,090 per night",null,null,null,CoupleFriendlyFreeCancellationBook@₹0availableBreakfastavailableatextracharges10%offonF&Bservices
Candolim Sands,Candolim,| 4-5 minutes walk from Candolim Beach,3.4,"['Swimming Pool', 'Gym']","₹1,821 per night",null,null,null,CoupleFriendlyFreeCancellationBreakfastavailableatextracharges
Sand Tent Beach House,Palolem,| 2.2 km drive to Palolem Beach,4.5,"['Entire Apartment', '| 1 Bedroom | Sleeps 4 guests']","₹4,006 per night",null,Room in a Cottage,| 1 Bedroom | Sleeps 3 guests,
"Okean De Goa : A luxury Getaway, Near Beach",Vagator,| 4-5 minutes walk from Candolim Beach,3.8,"['Caretaker', 'Free Wi-Fi']","₹3,240 per night",null,null,null,CoupleFriendlyBreakfastavailableatextracharges
Aqua Marina Beach Cottages | Pool & Cafe,Calangute,| 8 minutes walk to Candolim Beach,3.6,"['Swimming Pool', 'Restaurant']","₹3,740 per night",Like a 3 Star,Room in a Cottage,| 1 Bedroom | Sleeps 4 guests,"CoupleFriendlyFreeCancellationBook@₹0availableBreakfastavailableatextrachargesCottagewithacaretaker,kidsplayground&beachactivities"
Acron Candolim Regina,Candolim,| About a minute walk to Palolem Beach,3.8,"['Entire Apartment', '| 2 Bedrooms | Sleeps 6 guests']","₹6,124 per night",null,null,null,CoupleFriendlyBreakfastavailableatextracharges15%DiscountOnF&BServices
Caravela Beach Resort,Varca Beach,| 3.0 km drive to Vagator Beach,4.4,"['Housekeeping', 'Caretaker']","₹1,01,099 per night",null,null,null,CoupleFriendlyBreakfastIncluded
Kay's Riverview Resort,Baga,| 3-4 minutes walk from Candolim Beach,3.8,"['Gym', 'Swimming Pool']","₹2,366 per night",null,null,null,CoupleFriendlyFreeCancellationBook@₹0availableBreakfastavailableatextracharges100INRFixedDiscountOnAirportTransfer
Makarios Boutique-Poolside Rooms,Baga,| 4-5 minutes walk from Candolim Beach,4.2,"['Beds in a Hostel', '| 2 Dorm Beds']","₹2,952 per night",Like a 3 Star,Room in a Homestay,| 1 Bedroom | Sleeps 4 guests,"Greek-style,pet-friendlyhomestaywithasunterrace"
Hotel Regent Laguna,Anjuna,| About a minute walk to Varca Beach,3.6,"['Swimming Pool', 'Lounge']","₹3,710 per night",null,null,null,CoupleFriendlyFreeCancellationBook@₹0availableBreakfastavailableatextracharges
Marcelo Place 3,Baga,| 1.7 km drive to Baga Beach,3.6,"['Jacuzzi', 'Spa']","₹2,804 per night",null,Room in a Homestay,| 1 Bedroom | Sleeps 3 guests,
Sulcar Holiday home,Calangute,| 4-5 minutes walk from Baga Beach,4.5,"['Room in an Apartment', '| 1 Bedroom | Sleeps 3 guests']","₹2,106 per night",null,Room in an Apartment,| 1 Bedroom | Sleeps 4 guests,"CoupleFriendlyFreeCancellationBook@₹0availableRoomsinanapartmentwithakitchen,caretaker,beachaccess&parking"
Fairfield by Marriott Goa Anjuna,Anjuna,Ends  in  02h:  59m:  12s,4,"['Free Wi-Fi', 'Washing Machine']","₹7,025 per night",null,null,null,CoupleFriendlyFreeCancellationBreakfastavailableatextrachargesComplimentary2beersonarrival
"The Fern Kesarval Hotel & Spa Verna Plateau, Goa",Mormugao,| 4-5 minutes walk from Anjuna Beach,3.7,"['Swimming Pool', 'Restaurant']","₹4,042 per night",null,null,null,"CoupleFriendlyFreeCancellationBook@₹0availableBreakfastavailableatextrachargesComplimentaryRoomUpgrade,SubjecttoAvailability"
Sai Residency Baga,Baga,| 3 minutes walk to Baga Beach,3.7,"['| 1 Bedroom | Sleeps 3 guests', 'Housekeeping']","₹1,575 per night",null,null,null,CoupleFriendlyBreakfastavailableatextracharges
Beachfront Resort,Calangute,| About a minute walk to Calangute Beach,3.4,"['Pool/ Beach towels', 'Swimming Pool']","₹2,421 per night",null,null,null,CoupleFriendlyBreakfastavailableatextracharges
Jeet Hostel and Rooms Palolem Goa,Palolem,| 2.6 km drive to Anjuna Beach,4.6,"['Kitchenette', 'Swimming Pool']","₹1,591 per night",null,Beds in a Hostel,| 2 Dorm Beds,CoupleFriendlyFreeCancellationBook@₹0available
BluO Amani Vagator - Boutique Hotel Goa,Vagator,null,3.8,"['Gym', 'Swimming Pool']","₹5,299 per night",null,null,null,CoupleFriendlyFreeCancellationBreakfastIncludedBook@₹0available
Golden Tulip Goa Vagator,Vagator,| 6 minutes walk to Baga Beach,4.8,"['Jacuzzi', 'Swimming Pool']","₹5,889 per night",null,null,null,CoupleFriendlyFreeCancellationBreakfastIncludedBook@₹0availableEnjoyHappyHourswith1+1offer
Village Susegat Beach Resort Goa,Morjim,| 2 minutes walk to Calangute Beach,3.5,"['Kids Play Area', 'Room in an Apartment']","₹2,952 per night",null,null,null,CoupleFriendlyBreakfastIncluded
Castle House Calangute,Calangute,| 3 minutes walk to Palolem Beach,4.2,"['| 1 Bedroom | Sleeps 2 guests', 'Swimming Pool']","₹4,141 per night",null,null,null,CoupleFriendlyBreakfastIncluded
City Pride Rooms & Dormitory Panjim,Panjim,| 2.1 km drive to Vagator Beach,4.3,"['Reception', 'Swimming Pool']",₹720 per night,null,Beds in a Hostel,| 2 Dorm Beds,
Regenta Inn Palacio De Goa,Panjim,| 9 minutes walk to Vagator Beach,3.9,"['Spa', 'Beds in a Hostel']","₹6,012 per night",null,null,null,CoupleFriendlyBreakfastIncluded10%offonFood&Beverages
Sort By Stays Anjuna,Anjuna,| About a minute walk to Morjim Beach,4.6,"['| 2 Dorm Beds', 'Kitchenette']","₹3,529 per night",Like a 3 Star,Beds in a Hostel,| 2 Dorm Beds,"CoupleFriendlyFreeCancellationBook@₹0availableTranquilhostelfeaturingalivingroom,indoorgames&abar"
Red Thread Calangute,Calangute,| 4-5 minutes walk from Calangute Beach,4.3,"['Restaurant', 'Room in an Apartment']","₹4,800 per night",null,null,null,CoupleFriendlyBreakfastavailableatextracharges
The Sincro Hotel,Margao,| 6 minutes walk to Deltin Royale,4,"['| 1 Bedroom | Sleeps 3 guests', 'Reception']","₹1,543 per night",null,null,null,CoupleFriendlyBreakfastIncluded
ECO WOODEN HOMES,Benaulim,| 1.4 km drive to Deltin Royale,5,"['Housekeeping', 'Gym']","₹3,963 per night",null,Room in a Cottage,| 1 Bedroom | Sleeps 4 guests,Breakfastavailableatextracharges
"ZIVA SUITES, a Boutique Hotel",Siolim,| 840 m drive to Anjuna Beach,4.6,"['Swimming Pool', '| 1 Bedroom | Sleeps 4 guests']","₹5,336 per night",null,null,null,CoupleFriendlyBreakfastIncluded10%offonsessionofSpa
Magnum Resorts- Near Candolim Beach,Candolim,| 1.4 km drive to Calangute Beach,3.9,"['Reception', 'Housekeeping']","₹2,292 per night",null,null,null,CoupleFriendlyBreakfastavailableatextracharges10%OffonF&Bservices
White Woods Resort & Spa,Morjim,null,4.3,"['Beds in a Hostel', '| 2 Dorm Beds']","₹4,717 per night",null,null,null,CoupleFriendlyBreakfastIncludedGuaranteed15%DiscountonF&Bservices
Spazio Leisure Resort,Anjuna,| About a minute walk to Sernabatim Beach,3.7,"['Lounge', 'Restaurant']","₹3,741 per night",null,null,null,CoupleFriendlyFreeCancellationBreakfastIncludedBook@₹0available
The Byke Royal Pearl Anjuna,Vagator,null,4,"['Room in an Apartment', '| 1 Bedroom | Sleeps 3 guests']","₹2,854 per night",null,null,null,CoupleFriendlyFreeCancellationBook@₹0availableBreakfastavailableatextracharges
"Holiday Inn Goa, Candolim",Candolim,| 7 minutes walk to Candolim Beach,4.2,"['Reception', 'Housekeeping']","₹11,450 per night",null,null,null,"CoupleFriendlyBreakfastavailableatextracharges15%discountonselectspatherapies,food&beverages"
Dew Drop| Rooms with Wi-Fi,Panjim,| 4 minutes walk to Morjim Beach,4,"['Spa', 'Swimming Pool']","₹2,389 per night",null,Room in a Villa,| 1 Bedroom | Sleeps 4 guests,
Crystal Goa | Rooms & Free Wi-Fi,Palolem,| 8 minutes walk to Anjuna Beach,4,"['Room in a Cottage', '| 1 Bedroom | Sleeps 4 guests']","₹2,972 per night",null,Room in a Cottage,| 1 Bedroom | Sleeps 4 guests,"CoupleFriendlyGoanhomewitharestaurant,caretaker&balconysit-out"
TreeHouse MARS Beach Cottages,Calangute,| 2.1 km drive to Vagator Beach,4.2,"['Housekeeping', 'Seating Area']","₹5,432 per night",null,null,null,CoupleFriendlyFreeCancellationBook@₹0availableBreakfastavailableatextrachargesWoodenCottageswithmodernfacilities&commonswimmingpool.
Riva Gold Coast,Candolim,| 4-5 minutes walk from Sinquerium Beach,3.9,"['Swimming Pool', 'Water Sports']","₹5,829 per night",null,null,null,CoupleFriendlyFreeCancellationBreakfastIncludedBook@₹0available
Nazri Resort & Lawns Baga,Baga,| About a minute walk to Caranzalem Beach,3.9,"['Swimming Pool', 'Water Sports']","₹3,960 per night",null,null,null,CoupleFriendlyBreakfastIncluded10%offonsessionofSpa
TROPICAL WAVE HOSTEL,Morjim,| 2 minutes walk to Palolem Beach,4.8,"['Room in a Cottage', '| 1 Bedroom | Sleeps 3 guests']","₹2,244 per night",null,Bed in a Hostel,| 2 Dorm Beds,CoupleFriendly
Royal Heritage Resort,Calangute,| 5 minutes walk to Calangute Beach,3.7,"['Caretaker', 'Housekeeping']","₹1,920 per night",Like a 3 Star,Room in an Apartment,| 1 Bedroom | Sleeps 4 guests,CoupleFriendlyBreakfastavailableatextracharges
Mansao Curtorim: A CGH Earth SAHA Experience,South Goa,| 5 minutes walk to Candolim Beach,4.1,"['Swimming Pool', 'Restaurant']","₹11,274 per night",Like a 4 Star,Room in a Villa,| 1 Bedroom | Sleeps 4 guests,"CoupleFriendlyBreakfastIncludedApartmentwithalibrary,dininghall,loungearea&Wi-Fi"
3102bce - A Vedic Resort,Vagator,| 6 minutes walk to Baga Beach,4.4,"['Room in a Cottage', '| 1 Bedroom | Sleeps 4 guests']","₹7,636 per night",null,null,null,"CoupleFriendlyBreakfastIncludedEnjoyHappyHourswith2+1offeronAlcoholicDrinks,SoftBeverages"
So My Resorts (SoMy Resorts),Calangute Baga Road,| 7 minutes walk to Morjim Beach,4.2,"['Shared Swimming Pool', 'Caretaker']","₹5,316 per night",null,null,null,CoupleFriendlyFreeCancellationBreakfastIncludedBook@₹0available
"Taj Exotica Resort & Spa, Goa",Benaulim,| 4-5 minutes walk from Calangute Beach,4.7,"['Spa', 'Swimming Pool']","₹37,125 per night",null,null,null,CoupleFriendlyBreakfastIncludedGetaTajGiftCardworthatleastINR500forF&B&Spa
Golden Tulip Goa Candolim,Candolim,null,4.1,"['Gym', 'Swimming Pool']","₹7,423 per night",null,null,null,CoupleFriendlyBreakfastIncluded
Ticlo Resorts,Calangute Baga Road,| 1.7 km drive to Vagator Beach,3.9,"['Water Sports', 'Indoor Games']","₹3,248 per night",null,null,null,CoupleFriendlyFreeCancellationBreakfastavailableatextracharges
Boshan Hotels,Mapusa,| 10 minutes walk to Calangute Beach,4,"['Room in a Homestay', '| 1 Bedroom | Sleeps 4 guests']","₹3,095 per night",null,null,null,CoupleFriendlyBreakfastavailableatextracharges
Agonda Paradise Beach Huts,Agonda,| 2 minutes walk to Benaulim Beach,4.3,"['Swimming Pool', 'Pool/ Beach towels']","₹4,537 per night",Like a 3 Star,Room in a Beach Hut,| 1 Bedroom | Sleeps 4 guests,CoupleFriendly
Hotel Gopika International,Panjim,| 1.3 km drive to Candolim Beach,4,"['Swimming Pool', 'Restaurant']","₹3,016 per night",null,null,null,CoupleFriendlyFreeCancellationBreakfastIncludedBook@₹0availablePayAtHotel
Calux Joia Do Mar Resort,Calangute,| 8 minutes walk to Calangute Beach,4,"['Room in a Homestay', '| 1 Bedroom | Sleeps 3 guests']","₹3,864 per night",null,null,null,CoupleFriendlyBreakfastavailableatextracharges
Monkey Mind Hostel | Dorms & Wi-Fi,Margao,| 7 minutes walk to Mapusa Bus Stand,4.2,"['Pool/ Beach towels', 'Caretaker']","₹1,264 per night",Like a 3 Star,Beds in a Hostel,| 2 Dorm Beds,"Spacioushostelofferingakitchenette,caretakerandlivingroom"
Falcon Resorts by Dia Hotels,Calangute Baga Road,| 4 minutes walk to Agonda Beach,3.6,"['Room in an Apartment', '| 1 Bedroom | Sleeps 4 guests']","₹2,150 per night",null,null,null,CoupleFriendlyBreakfastavailableatextracharges
Sundaze Guesthouse | Rooms & Caretaker,Panjim,| 6 minutes walk to Miramar Beach,3.3,"['Reception', 'Housekeeping']","₹1,701 per night",null,Room in a Homestay,| 1 Bedroom | Sleeps 4 guests,
Vila Do Flor Goa,Assagao,| 1.2 km drive to Calangute Beach,3.9,"['Jacuzzi', 'Swimming Pool']","₹2,024 per night",null,Room in an Apartment,| 1 Bedroom | Sleeps 4 guests,CoupleFriendlyBreakfastavailableatextrachargesGuaranteed15%Discountonalacarte
Rahi Coral Beach Resort,Calangute Baga Road,null,3.1,"['Swimming Pool', 'Restaurant']","₹2,260 per night",null,null,null,CoupleFriendlyFreeCancellationBreakfastIncludedBook@₹0available
Veeraas Calangute 2BHK - Premium Apartment with Pool,Calangute,| 9 minutes walk to Calangute Beach,4.7,"['24-hour Room Service', 'Swimming Pool']","₹7,062 per night",Like a 4 Star,Entire Apartment,| 2 Bedrooms | Sleeps 8 guests,"CoupleFriendlyApartmentwithapool,kitchen,livingroom&lawnsit-outs"
The Westin Goa,Anjuna,null,4.5,"['24-hour Room Service', 'Beds in a Hostel']","₹17,875 per night",null,null,null,"CoupleFriendlyFreeCancellationBreakfastIncludedEnjoycomplimentarybeeronarrival,beachtransfers&dailykidsactivities!"
Whispering Palms Beach Resort,Candolim,null,3.9,"['| 2 Dorm Beds', 'Kitchenette']","₹8,421 per night",null,null,null,CoupleFriendlyBreakfastIncluded10%offonsessionofSpa
O9,Mapusa,| 7 minutes walk to Calangute Beach,3.9,"['Living Room', 'Swimming Pool']","₹1,614 per night",null,null,null,CoupleFriendlyFreeCancellationBook@₹0availableBreakfastavailableatextracharges
GT Boutique Resort Anjuna,Anjuna,Ends  in  18h:  04m:  06s,2.9,"['Vehicle Rentals', 'Gym']","₹2,306 per night",null,null,null,CoupleFriendlyFreeCancellationBook@₹0availableBreakfastavailableatextracharges
SPACELAND Mandrem,Mandrem Beach,| 1.4 km drive to Candolim Beach,4.5,"['Swimming Pool', 'Water Sports']",₹794 per night,null,Beds in a Hostel,| 2 Dorm Beds,CoupleFriendlyHostelfeaturingarooftopbarandcafe&indoorgames
JP Resort,Arambol,| 4-5 minutes walk from Anjuna Beach,3.9,"['Beach club', 'Swimming Pool']","₹4,124 per night",null,null,null,CoupleFriendlyFreeCancellationBook@₹0availableBreakfastavailableatextracharges
All Seasons Homestay,Bogmalo,| 7 minutes walk to Candolim Beach,4.4,"['Restaurant', 'Beds in a Hostel']","₹1,543 per night",null,Room in a Homestay,| 1 Bedroom | Sleeps 4 guests,"Homestayfeaturingacaretaker,balcony,parking&sit-outs"
Woke Morjim Hostel | Rooms & Dorms,Morjim,| 3 minutes walk to Mapusa Bus Stand,4.2,"['| 2 Dorm Beds', 'Lounge']","₹1,307 per night",null,Beds in a Hostel,| 2 Dorm Beds,CoupleFriendly
Radisson Blu Resort Goa,Cavelossim,| 4-5 minutes walk from Anjuna Beach,4.5,"['Caretaker', 'Restaurant']","₹16,997 per night",null,null,null,"CoupleFriendlyBreakfastIncludedEnjoy10%offonspa,food&drinks,onceduringthestay"
Margaritas Residency.,Benaulim,| 2 minutes walk to Mandrem Beach,4.2,"['Beds in a Hostel', '| 2 Dorm Beds']","₹2,037 per night",null,Room in an Apartment,| 1 Bedroom | Sleeps 3 guests,CoupleFriendly
Hotel Traveller's Inn,Panjim,| 10 minutes walk to Mandrem Beach,4,"['Kitchenette', 'Lounge']","₹2,529 per night",null,null,null,FreeCancellationBook@₹0available
Amara Oceanfront Resort & Club Baga,Baga,| 5 minutes walk to Bogmalo Beach,3.3,"['Jacuzzi', 'Restaurant']","₹5,568 per night",null,null,null,"CoupleFriendlyBreakfastavailableatextrachargesBeachclub,cabanas&sea-viewroomssetinalivelyambience"
Marcello Villa | Rooms & Caretaker,Baga,| 8 minutes walk to Morjim Beach,3,"['24-hour Room Service', 'Room in a Cottage']","₹1,073 per night",null,Room in a Villa,| 1 Bedroom | Sleeps 12 guests,
Wild Berry Resort,South Goa,| 5 minutes walk to Cavelossim Beach,3.9,"['| 1 Bedroom | Sleeps 4 guests', 'Free Wi-Fi']","₹5,534 per night",Like a 3 Star,Room in a Cottage,| 1 Bedroom | Sleeps 4 guests,CoupleFriendlyBreakfastIncludedCottagewithanoutdoorpool&tropicalgarden
Grande Ave Maria Resort,Candolim,| 2.3 km drive to Benaulim Beach,3.7,"['Shared Kitchen', 'Spa']","₹3,188 per night",null,null,null,CoupleFriendlyBreakfastavailableatextracharges
The Tamarind Hotel,Anjuna,null,4,"['Swimming Pool', 'Restaurant']","₹4,236 per night",null,null,null,CoupleFriendlyBreakfastIncludedEnjoyacomplementarybeerasawelcomedrink
Lambana Resort,Calangute Baga Road,| About a minute walk to Baga Beach,4,"['Swimming Pool', 'Spa']","₹3,160 per night",null,null,null,CoupleFriendlyFreeCancellationBreakfastIncludedBook@₹0available
Hyatt Centric Candolim Goa,Calangute,| 1.5 km drive to Baga Beach,4.4,"['Swimming Pool', 'Restaurant']","₹14,127 per night",null,null,null,CoupleFriendlyFreeCancellationBreakfastIncludedBook@₹0available
Little India Beach Cottages | Rooms & Wi-Fi,Calangute,| 2.4 km drive to Agonda Beach,4,"['Swimming Pool', 'Spa']","₹6,488 per night",Like a 3 Star,Room in a Cottage,| 1 Bedroom | Sleeps 4 guests,CoupleFriendly
Villa Ikebana | Rooms & Pool,Vagator,| 3 minutes walk to Candolim Beach,4.1,"['Spa', 'Swimming Pool']","₹2,621 per night",Like a 3 Star,Room in a Villa,| 1 Bedroom | Sleeps 4 guests,
"Riritana Resort Residences, Dabolim",Mormugao,null,3.5,"['Room in a Villa', '| 1 Bedroom | Sleeps 4 guests']","₹2,546 per night",null,Room in an Apartment,| 1 Bedroom | Sleeps 4 guests,CoupleFriendly
Sharanam Greens Resort,Calangute,| 7 minutes walk to Calangute Beach,3.8,"['Caretaker', 'Housekeeping']","₹2,996 per night",null,null,null,CoupleFriendlyBreakfastavailableatextracharges10%DiscountonAirportTransfer
Dom Carlos Apartments,Arpora,| 9 minutes walk to Candolim Beach,4.2,"['Room in a Cottage', '| 1 Bedroom | Sleeps 4 guests']","₹1,900 per night",null,Entire Apartment,| 1 Bedroom | Sleeps 4 guests,CoupleFriendly
Henry's Place.,Calangute,| 1-2 minutes walk from Calangute Beach,4.5,"['Caretaker', 'Restaurant']","₹1,543 per night",null,null,null,CoupleFriendly
"Lazy Lagoon, A Lemon Tree Resort, Goa, Baga",Baga,null,3.8,"['Swimming Pool', 'Restaurant']","₹8,119 per night",null,null,null,"CoupleFriendlyBreakfastavailableatextrachargesEnjoy2FreePintsofBeerperStay,OnUs!"
Samara Holiday Homes Calangute,Calangute,| 5.0 km drive to Goa International Airport,null,"['Swimming Pool', 'Restaurant']","₹1,477 per night",null,Room in an Apartment,| 1 Bedroom | Sleeps 4 guests,CoupleFriendlyBreakfastavailableatextracharges
Riviera Sapphire Holiday Homes,Siolim,| 4-5 minutes walk from Candolim Beach,4.1,"['Gym', 'Swimming Pool']","₹4,104 per night",Like a 3 Star,Entire Homestay,| 1 Bedroom | Sleeps 4 guests,CoupleFriendly
Fairfield by Marriott Goa Calangute,Calangute,| 2.7 km drive to Baga Beach,4.3,"['Bed in a Hostel', '| 2 Dorm Beds']","₹8,269 per night",null,null,null,CoupleFriendlyFreeCancellationBreakfastIncludedGet20%offon60to90-minutespatreatments
The Funky Monkey Hostel,Anjuna,| 2-3 minutes walk from Calangute Beach,4.2,"['Kitchenette', 'Living Room']","₹2,438 per night",null,Beds in a Hostel,| 2 Dorm Beds,"FreeCancellationBook@₹0availableHostelfeaturingacafe,indoorgames&freeWi-Fi"
Hotel Goan Maharaja,Verna,Ends  in  18h:  04m:  08s,2.5,"['Room in an Apartment', '| 1 Bedroom | Sleeps 4 guests']","₹1,897 per night",null,null,null,FreeCancellationBook@₹0availableBreakfastavailableatextracharges
Tan N Sand,Ashwem Beach,| 2.2 km drive to Baga Beach,3.9,"['Reception', 'Housekeeping']","₹12,502 per night",null,null,null,CoupleFriendlyBreakfastIncluded
Fortune Miramar-Member ITC Hotel Group,Panjim,| 860 m drive to Calangute Beach,4.5,"['| 1 Bedroom | Sleeps 4 guests', 'Caretaker']","₹13,500 per night",null,null,null,CoupleFriendlyBreakfastavailableatextracharges
Ruffles Beach Resort,Candolim,Ends  in  02h:  59m:  21s,3.6,"['Housekeeping', 'Jacuzzi']","₹4,303 per night",null,null,null,CoupleFriendlyFreeCancellationBook@₹0availableBreakfastavailableatextracharges
ROUNDCUBE BEACH BUNGLOWS PATNEM,Palolem,null,3.4,"['Spa', 'Swimming Pool']","₹5,504 per night",Like a 3 Star,Room in a Cottage,| 1 Bedroom | Sleeps 4 guests,CoupleFriendlyFreeCancellationBook@₹0available
Graciano Cottages,Colva,| 4-5 minutes walk from Candolim Beach,3.5,"['Spa', 'Jacuzzi']","₹4,085 per night",null,null,null,CoupleFriendlyFreeCancellationBook@₹0availableBreakfastavailableatextracharges
BLUE JAY Homestay,Vagator,| About a minute walk to Anjuna Beach,4.7,"['Spa', 'Gym']","₹1,350 per night",null,Room in a Homestay,| 1 Bedroom | Sleeps 4 guests,"BreakfastavailableatextrachargesRoomsinahomestayofferingabalcony,powerbackup,lawn&parking"
Silver Sands Serenity,Candolim,null,3.4,"['Swimming Pool', 'Swimming Pool']","₹4,712 per night",null,null,null,CoupleFriendlyFreeCancellationBreakfastIncludedBook@₹0availableStylishpropertywithaninfinitypool&achicloungebar
"Hotel Aroma Executive Panaji -Stay in the Heart of the City,",Panjim,| About a minute walk to Ashwem Beach,3.9,"['Spa', 'Swimming Pool']","₹4,000 per night",null,null,null,Breakfastavailableatextracharges
Silver Sands Hideaway,Candolim,| About a minute walk to Miramar Beach,3.9,"['Restaurant', 'Room in a Beach Hut']","₹6,253 per night",null,null,null,CoupleFriendlyFreeCancellationBook@₹0availableBreakfastavailableatextracharges
Calangute Towers - AM Hotel Kollection,Calangute,| 7 minutes walk to Candolim Beach,3.6,"['| 1 Bedroom | Sleeps 4 guests', 'Caretaker']","₹3,750 per night",null,null,null,CoupleFriendlyFreeCancellationBook@₹0availableBreakfastavailableatextrachargesGuaranteed10%DiscountonF&Bservices
Eros Boutique Hotel,Baga,| 2.2 km drive to Palolem Beach,3.7,"['Housekeeping', 'Restaurant']","₹2,150 per night",null,null,null,CoupleFriendly
ArtBuzz Goa Morjim,Morjim,| 3 minutes walk to Colva Beach,4.9,"['24-hour Room Service', 'Swimming Pool']","₹2,211 per night",null,Beds in a Hostel,| 2 Dorm Beds,CoupleFriendly
Kapila Beach Hotel and Resort,Palolem,null,4,"['Restaurant', '| 2 Dorm Beds']","₹2,848 per night",null,null,null,CoupleFriendly
"Lemon Tree Hotel,Candolim",Candolim,| 5 minutes walk to Candolim Beach,4.2,"['Kitchenette', 'Living Room']","₹11,179 per night",null,null,null,CoupleFriendlyBreakfastIncluded
Kay's Calangute Resort | Service Apartments,Calangute Baga Road,| 2 minutes walk to Deltin Royale,4.3,"['Swimming Pool', 'Restaurant']","₹3,213 per night",null,null,null,CoupleFriendlyFreeCancellationBreakfastIncluded10%OffonAirportTransfer
Casa Baga,Baga,| 7 minutes walk to Candolim Beach,3.6,"['| 1 Bedroom | Sleeps 4 guests', 'Caretaker']","₹5,500 per night",null,null,null,CoupleFriendlyBreakfastIncluded
Hotel Baga Prime,Baga,| 4-5 minutes walk from Calangute Beach,3.9,"['Parking', '| 1 Bedroom | Sleeps 4 guests']","₹1,727 per night",null,null,null,CoupleFriendlyBreakfastavailableatextracharges
Sortby Stays Vagator,Vagator,| 7 minutes walk to Baga Beach,4.3,"['Caretaker', 'Housekeeping']","₹3,626 per night",null,Room in an Apartment,| 1 Bedroom | Sleeps 3 guests,BreakfastIncluded
Eternal Wave By HappyInch,Calangute,| 9 minutes walk to Morjim Beach,4.2,"['Swimming Pool', 'Indoor Games']","₹6,000 per night",null,Entire Apartment,| 2 Bedrooms | Sleeps 6 guests,"CoupleFriendlyEntireapartmentunitsfeaturingapool,garden&restaurant"
"Goa Villagio Resort & Spa - A Unit of IHM, Goa",Betalbatim,| About a minute walk to Palolem Beach,4.2,"['Entire Apartment', '| 2 Bedrooms | Sleeps 8 guests']","₹4,508 per night",null,null,null,CoupleFriendlyFreeCancellationBook@₹0availableBreakfastavailableatextracharges
Shalom Backpackers Anjuna Goa,Anjuna,| 6 minutes walk to Candolim Beach,3.7,"['Shared Swimming Pool', 'Reception']","₹2,874 per night",null,Room in a Hostel,| 1 Bedroom | Sleeps 2 guests,FreeCancellationBook@₹0available
Resort Palmeiras Dourado,Mormugao,| 8 minutes walk to Calangute Beach,4,"['Gym', 'Swimming Pool']","₹6,020 per night",null,null,null,CoupleFriendlyFreeCancellationBreakfastIncludedBook@₹0available
Qees Empire Beach Resort Beachfront,Calangute,| 2 minutes walk to Baga Beach,3.5,"['Gym', 'Swimming Pool']","₹2,987 per night",null,null,null,CoupleFriendlyFreeCancellationBreakfastIncludedBook@₹0available
Ashirwad Residency in Agonda,Agonda,| 1.8 km drive to Baga Beach,3.6,"['null', 'Gym']","₹2,590 per night",null,Room in an Apartment,| 1 Bedroom | Sleeps 4 guests,FreeCancellationBook@₹0available
Tranquilo Arambol,Arambol,| 2.0 km drive to Vagator Beach,4.4,"['Indoor Games', 'Beds in a Hostel']",₹860 per night,null,Beds in a Hostel,| 2 Dorm Beds,CoupleFriendlyHostelfeaturingarestaurant&terracesit-outswithviews
Vacances Nordus Boutique Resort,Calangute,| 4-5 minutes walk from Calangute Beach,3.1,"['| 2 Dorm Beds', 'Kitchenette']","₹2,192 per night",null,null,null,CoupleFriendly
Swimup Suites with private pool in  Vagator,Vagator,Ends  in  02h:  59m:  27s,4.2,"['Bonfire', 'Swimming Pool']","₹8,038 per night",null,Room in a Cottage,| 1 Bedroom | Sleeps 4 guests,"BreakfastavailableatextrachargesBoutiquevillafeaturingapool,beachaccess&arestaurant"
Sea Shell Beach Cottages | Rooms & Wi-Fi,Arambol,| 9 minutes walk to Betalbatim Beach,3.9,"['Spa', 'Room in a Homestay']","₹1,894 per night",null,Room in a Cottage,| 1 Bedroom | Sleeps 4 guests,CoupleFriendlyBreakfastavailableatextracharges
Green View Morjim,Morjim,| 3-4 minutes walk from Anjuna Beach,4.5,"['| 1 Bedroom | Sleeps 4 guests', 'Shared Parking']","₹1,614 per night",null,null,null,CoupleFriendly
Hotel Baga Bay,Baga,| 2.5 km drive to Arossim Beach,3.8,"['Shared Terrace', 'Beds in a Hostel']","₹4,896 per night",null,null,null,CoupleFriendlyBreakfastavailableatextracharges
"La Station Resort, Vagator",Vagator,| 1-2 minutes walk from Calangute Beach,4.4,"['| 2 Dorm Beds', 'Swimming Pool']","₹1,958 per night",null,null,null,CoupleFriendlyBreakfastavailableatextracharges
La Cabana Beach Resort & Spa,Ashwem Beach,| 1.5 km drive to Agonda Beach,4.4,"['Kitchenette', 'Gym']","₹11,543 per night",null,null,null,CoupleFriendlyFreeCancellationBook@₹0availableBreakfastavailableatextracharges
Vinsons Cottages,Colva,| 2.6 km drive to Mandrem Beach,4.2,"['Swimming Pool', 'Room in an Apartment']","₹1,805 per night",null,null,null,CoupleFriendlyFreeCancellationBook@₹0available
Zone Connect by The Park Parra Goa,Bardez,| 2-3 minutes walk from Calangute Beach,3.9,"['| 1 Bedroom | Sleeps 3 guests', 'Reception']","₹4,864 per night",null,null,null,CoupleFriendlyFreeCancellationBook@₹0availableBreakfastavailableatextracharges
Lemon Tree Amarante Beach Resort,Candolim,| 2.0 km drive to Vagator Beach,4,"['Housekeeping', 'null']","₹11,496 per night",null,null,null,CoupleFriendlyBreakfastIncludedEnjoy2complimentarypintsofbeer
Whoopers  Boutique Morjim Goa,Morjim,| 1.4 km drive to Mandrem Beach,4.7,"['Jacuzzi', 'Swimming Pool']","₹2,076 per night",Like a 3 Star,Beds in a Hostel,| 2 Dorm Beds,FreeCancellationBook@₹0available
Grand royal suites Benaulim,Benaulim,| 2.0 km drive to Morjim Beach,3.5,"['Room in a Villa', '| 1 Bedroom | Sleeps 12 guests']","₹1,697 per night",null,Room in a Homestay,| 1 Bedroom | Sleeps 4 guests,
TreeHouse Blue Hotel & Serviced Apartments,Majorda,| 4 minutes walk to Baga Beach,4.5,"['Caretaker', 'Spa']","₹4,025 per night",Like a 4 Star,Room in an Apartment,| 1 Bedroom | Sleeps 2 guests,"CoupleFriendlyBreakfastIncludedServicedapartmentswithacafé,anoutdoorpool&playarea"
Mykonos Blu,Baga,| 2.2 km drive to Vagator Beach,4,"['Room in a Cottage', '| 1 Bedroom | Sleeps 4 guests']","₹5,838 per night",null,null,null,"CoupleFriendlyFreeCancellationBook@₹0availableBreakfastavailableatextrachargesNearthebeach,poolsidebar&aplushbathtub"
"O Hotel Goa, Candolim Beach",Candolim,| About a minute walk to Ashwem Beach,3.9,"['Shared Swimming Pool', 'Pool/ Beach towels']","₹11,406 per night",null,null,null,CoupleFriendlyBreakfastIncluded
KARA CASA,Arpora,| 7 minutes walk to Colva Beach,4.7,"['Swimming Pool', 'Restaurant']","₹2,890 per night",null,Room in an Apartment,| 1 Bedroom | Sleeps 8 guests,CoupleFriendly
Larisa Resort Ashwem,North Goa,Ends  in  18h:  04m:  22s,4.3,"['Kids Play Area', 'Swimming Pool']","₹18,404 per night",null,null,null,CoupleFriendlyBreakfastavailableatextrachargesHappyHoursSpecial:1+1onIMFL10%DiscountonF&Bservices
Palm Paradise Anjuna,Anjuna,| 4 minutes walk to Candolim Beach,4.5,"['Restaurant', 'Swimming Pool']","₹1,867 per night",null,Room in a Homestay,| 1 Bedroom | Sleeps 4 guests,CoupleFriendly
Royal Orchid Beach Resort & Spa,Utorda Beach,| 4 minutes walk to Morjim Beach,4.2,"['Gym', 'Room in a Cottage']","₹13,562 per night",null,null,null,CoupleFriendlyBreakfastavailableatextracharges10%offonFood&Beverages
Olive Calangute Mira by Embassy Group,Calangute,| 2.1 km drive to Benaulim Beach,4,"['| 1 Bedroom | Sleeps 4 guests', 'Shared Swimming Pool']","₹3,234 per night",null,null,null,CoupleFriendlyBreakfastIncluded
Living Room Beach Resort,Morjim,| 2.4 km drive to Utorda Beach,3.6,"['Caretaker', '| 1 Bedroom | Sleeps 4 guests']","₹7,826 per night",Like a 4 Star,Room in a Cottage,| 1 Bedroom | Sleeps 3 guests,"CoupleFriendlyBreakfastavailableatextrachargesPlushresortflauntingapool,bar,jacuzzi&beachaccess"
Rio Boutique Hotel,Bardez,| 3-4 minutes walk from Baga Beach,4.1,"['Shared Swimming Pool', 'Caretaker']","₹3,146 per night",null,null,null,CoupleFriendlyFreeCancellationBook@₹0availableBreakfastavailableatextracharges
Hotel Z Square ( Hotel Ashok Plaza),Panjim,| 4-5 minutes walk from Candolim Beach,3.7,"['Room in an Apartment', '| 1 Bedroom | Sleeps 4 guests']","₹2,704 per night",null,null,null,CoupleFriendlyPayAtHotel
The Last Minute Trip,Morjim,| 2.0 km drive to Baga Beach,4.9,"['Shared Swimming Pool', 'Caretaker']","₹2,211 per night",Like a 3 Star,Room in a Hostel,| 1 Bedroom | Sleeps 3 guests,CoupleFriendly
The Byke Old Anchor Beach Resort & Spa,Cavelossim,null,3.8,"['Swimming Pool', 'Restaurant']","₹1,828 per night",null,null,null,CoupleFriendlyFreeCancellationBook@₹0availableBreakfastavailableatextracharges
Andaz Arambol - Artist Party Hostel,Arambol,| 1.7 km drive to Anjuna Beach,3.8,"['Entire Apartment', '| 1 Bedroom | Sleeps 4 guests']",₹489 per night,null,Beds in a Hostel,| 2 Dorm Beds,CoupleFriendlyFreeCancellationBook@₹0available
Planet Hollywood Beach Resort,Utorda Beach,Ends  in  02h:  59m:  38s,4.4,"['Reception', 'Caretaker']","₹11,994 per night",null,null,null,CoupleFriendlyBreakfastIncluded10%offonsessionofSpa
Kalki Resort and Cottages Baga,Baga,| 3 minutes walk to Utorda Beach,3.3,"['null', 'Gym']","₹2,815 per night",null,null,null,CoupleFriendlyFreeCancellationBook@₹0availableBreakfastavailableatextracharges
AquaVista at Casa Philomena,Calangute Baga Road,| 2-3 minutes walk from Calangute Beach,4.2,"['Swimming Pool', 'Room in an Apartment']","₹4,151 per night",null,Room in an Apartment,| 1 Bedroom | Sleeps 4 guests,
Candolim suites - A unit of pal hospitality,Calangute,| About a minute walk to Morjim Beach,3.8,"['| 1 Bedroom | Sleeps 4 guests', 'Reception']","₹3,815 per night",null,null,null,CoupleFriendlyFreeCancellationBreakfastIncludedBook@₹0availablePayAtHotel
Durga Resort,Arambol Beach,null,4,"['Housekeeping', '| 1 Bedroom | Sleeps 4 guests']","₹1,318 per night",null,Room in an Apartment,| 1 Bedroom | Sleeps 3 guests,"CoupleFriendlyRoomsinanapartmentwithalawn,freeparking&Wi-Fi"
Marbela Beach Resort,Morjim,| 8 minutes walk to Deltin Royale,3.5,"['Private Swimming Pool', 'Private Kitchen']","₹7,511 per night",null,null,null,CoupleFriendlyBreakfastIncluded
Acron Waterfront Resort,Baga,| 3 minutes walk to Morjim Beach,3.8,"['Spa', 'Swimming Pool']","₹9,374 per night",null,null,null,CoupleFriendlyBreakfastavailableatextrachargesINR500discountonsessionofSpa
goSTOPS Goa Calangute,Calangute Baga Road,| About a minute walk to Cavelossim Beach,3.9,"['Beds in a Hostel', '| 2 Dorm Beds']","₹2,135 per night",Like a 3 Star,Beds in a Hostel,| 2 Dorm Beds,
Artistry Suites,Calangute,| 2.4 km drive to Mandrem Beach,4.8,"['Living Room', 'Restaurant']","₹10,222 per night",null,null,null,CoupleFriendlyFreeCancellationBook@₹0availableBreakfastavailableatextracharges10%DiscountOnF&BServices
HOTEL GOLDEN PLATEAU,Povorim,| About a minute walk to Utorda Beach,3.6,"['Bar', 'Jacuzzi']","₹4,844 per night",null,null,null,CoupleFriendlyFreeCancellationBook@₹0availableBreakfastavailableatextracharges
Hotel Delta Residency,Calangute,| 4-5 minutes walk from Baga Beach,3.7,"['Spa', 'Swimming Pool']","₹1,898 per night",null,null,null,CoupleFriendlyFreeCancellationBook@₹0availableBreakfastavailableatextracharges
Ocean Palms Goa,Calangute,| 9 minutes walk to Calangute Beach,4.3,"['Gym', 'Swimming Pool']","₹7,351 per night",null,null,null,"CoupleFriendlyBreakfastIncludedEnjoyavibrantdiningexperiencecomplementedbyliveperformanceslike–BellyDance,MagicShows,DJNights&AerialDanceatTerra(ChargedApply)20%offonsessionof60minsSpa"
Marina Bay Beach Resort,Candolim,| 7 minutes walk to Candolim Beach,3.6,"['Restaurant', 'Room in a Cottage']","₹3,333 per night",null,null,null,CoupleFriendlyBreakfastIncluded
"Vivanta Goa, Panaji",Panjim,null,4.5,"['| 1 Bedroom | Sleeps 4 guests', 'Caretaker']","₹18,225 per night",null,null,null,CoupleFriendlyFreeCancellationBreakfastIncludedBook@₹0availableGetaTajGiftCardworthatleastINR500forF&B&Spa
Jasminn Hotel- AM Hotel Kollection,Betalbatim,| About a minute walk to Morjim Beach,4.3,"['Housekeeping', 'Indoor Games']","₹6,841 per night",null,null,null,CoupleFriendlyFreeCancellationBook@₹0availableBreakfastavailableatextracharges
Goan Fiesta Studios Calangute,Calangute,| 10 minutes walk to Baga Beach,4.3,"['Restaurant', '| 1 Bedroom | Sleeps 4 guests']","₹2,010 per night",null,Room in an Apartment,| 1 Bedroom | Sleeps 4 guests,"CoupleFriendlyEntireapartmentofferingakitchen,caretaker&parking"
Park Prime Goa,Panjim,| 5 minutes walk to Calangute Beach,3.7,"['Caretaker', 'Lawn']","₹5,150 per night",null,null,null,CoupleFriendlyFreeCancellationBook@₹0availableBreakfastavailableatextracharges
Estrela Do Mar Beach Resort - A Beach Property,Calangute,| 4-5 minutes walk from Calangute Beach,3.7,"['Swimming Pool', 'Gym']","₹5,294 per night",null,null,null,CoupleFriendlyBreakfastavailableatextracharges
Common Home Agonda Beach,Agonda,null,4.6,"['Restaurant', 'Bar']","₹3,482 per night",Like a 3 Star,Room in a Cottage,| 1 Bedroom | Sleeps 4 guests,CoupleFriendlyBeachfronthomestaywitharestaurant&stylishdecor
Crystal Bay Baga,Baga,| 3-4 minutes walk from Calangute Beach,3.4,"['Jacuzzi', 'Swimming Pool']","₹2,308 per night",null,null,null,CoupleFriendly
The Queeny,Mormugao,| 4-5 minutes walk from Calangute Beach,3,"['Swimming Pool', 'Gym']","₹1,498 per night",null,null,null,CoupleFriendlyBreakfastavailableatextracharges
Susegado Calangute,Calangute,| 8 minutes walk to Candolim Beach,5,"['null', 'Beds in a Hostel']","₹1,925 per night",null,Room in an Apartment,| 1 Bedroom | Sleeps 4 guests,
Lazy Bee Cottages,Nagoa,| 1.5 km drive to Deltin Royale,4.2,"['| 2 Dorm Beds', 'Swimming Pool']","₹3,616 per night",null,null,null,CoupleFriendlyFreeCancellationBook@₹0availableBreakfastavailableatextracharges
Villa Donna Luxury Apartment,Panjim,| 2.2 km drive to Betalbatim Beach,4.4,"['Caretaker', 'Swimming Pool']","₹8,185 per night",Like a 4 Star,Entire Apartment,| 1 Bedroom | Sleeps 3 guests,CoupleFriendly
GoAround Homes | Portuguese Villa at Anjuna Beach,Anjuna,| 1.7 km drive to Calangute Beach,4.4,"['24-hour Room Service', 'Gym']","₹3,089 per night",null,Room in a Villa,| 1 Bedroom | Sleeps 4 guests,"CoupleFriendlyVillasofferingakitchen,caretaker,terrace,garden&sit-outs"
Atlanta Beach Resort,Calangute,| 10 minutes walk to Deltin Royale,3.3,"['Swimming Pool', 'Swimming Pool']","₹2,374 per night",null,null,null,Breakfastavailableatextracharges
Arya Cottages,Agonda,| 2 minutes walk to Calangute Beach,3.7,"['Water Sports', 'Swimming Pool']","₹3,044 per night",Like a 3 Star,Room in a Beach Hut,| 1 Bedroom | Sleeps 4 guests,CoupleFriendly
DiVaN Clarks Inn (Calangute Beach),Calangute,| 3 minutes walk to Agonda Beach,3.5,"['Restaurant', 'Water Sports']","₹2,192 per night",null,null,null,CoupleFriendlyFreeCancellationBook@₹0availableBreakfastavailableatextracharges10%OffonF&Bservices
Goa Marriott Resort & Spa,Panjim,| 3 minutes walk to Baga Beach,4.4,"['Lounge', 'Room in an Apartment']","₹22,500 per night",null,null,null,"CoupleFriendlyFreeCancellationBreakfastavailableatextrachargesAvail15%discountonspa,food&beverages"
The Baga Beach Resort,Baga,| 9.7 km drive to Goa International Airport,4,"['| 1 Bedroom | Sleeps 3 guests', 'Reception']","₹7,001 per night",null,null,null,CoupleFriendlyBreakfastavailableatextrachargesComplimentaryHi-Tea
The X & Z Goa,Calangute,| 2 minutes walk to Calangute Beach,3.9,"['Housekeeping', 'Entire Apartment']","₹2,694 per night",null,null,null,CoupleFriendlyBreakfastavailableatextracharges
Park Regis,Baga,null,3.6,"['| 2 Bedrooms | Sleeps 6 guests', 'Reception']","₹9,276 per night",null,null,null,CoupleFriendlyFreeCancellationBook@₹0availableBreakfastavailableatextracharges
Laxmi Empire Hotel,Margao,| 4-5 minutes walk from Miramar Beach,4.3,"['Housekeeping', 'Gym']","₹10,833 per night",null,null,null,CoupleFriendlyBreakfastavailableatextracharges
Cozy Apartments in Monarch Palms | Rooms & Pool,Candolim,| 4 minutes walk to Anjuna Beach,4.2,"['Swimming Pool', 'Room in a Hostel']","₹8,426 per night",Like a 4 Star,Room in an Apartment,| 1 Bedroom | Sleeps 10 guests,"CoupleFriendlyRoomsinanapartmentwithakitchen,Wi-Fi&parking"
Agonda Beach Chalets,Agonda,| 9 minutes walk to Calangute Beach,4.1,"['| 1 Bedroom | Sleeps 2 guests', 'Swimming Pool']","₹5,369 per night",Like a 3 Star,Room in a Cottage,| 1 Bedroom | Sleeps 4 guests,"Beachfrontresortfeaturingarestaurant,parking&seaviews"
Obrigado Beach Cottages | Room & Pool,Arambol,| 3 minutes walk to Agonda Beach,3.9,"['Kitchenette', 'Swimming Pool']","₹3,262 per night",Like a 3 Star,Room in a Cottage,| 1 Bedroom | Sleeps 4 guests,CoupleFriendlyBreakfastavailableatextracharges
Coco Homes by MyRoom,Candolim,| 10 minutes walk to Calangute Beach,3.6,"['Restaurant', 'Swimming Pool']","₹3,039 per night",null,Room in an Apartment,| 1 Bedroom | Sleeps 4 guests,CoupleFriendlyBreakfastavailableatextracharges
Baga Beach Myron,Baga,| 2 minutes walk to Miramar Beach,3.3,"['Restaurant', 'Room in an Apartment']","₹3,648 per night",null,null,null,Breakfastavailableatextracharges
Hotel Succegado,Panjim,| About a minute walk to Baga Beach,4.2,"['| 1 Bedroom | Sleeps 4 guests', 'Reception']","₹2,340 per night",null,null,null,
Calangute Inn by AZ Goa,Calangute,| 4-5 minutes walk from Calangute Beach,3.1,"['Caretaker', 'Beds in a Hostel']","₹1,051 per night",null,Room in an Apartment,| 1 Bedroom | Sleeps 4 guests,
The Flora Residency,Calangute Baga Road,| 2.5 km drive to Baga Beach,3.4,"['| 2 Dorm Beds', 'Kitchenette']","₹2,477 per night",null,null,null,CoupleFriendlyFreeCancellationBook@₹0availableBreakfastavailableatextracharges
Madpackers Goa (Anjuna),Anjuna,Ends  in  18h:  04m:  32s,3.9,"['Living Room', 'Swimming Pool']","₹1,991 per night",Like a 3 Star,Beds in a Hostel,| 2 Dorm Beds,"Vibranthostelfeaturingacafe,parking&indoorgames"
The Hammock Goa - Holiday Stay & Cafe,Anjuna,| 10 minutes walk to Candolim Beach,3.6,"['Room in a Cottage', '| 1 Bedroom | Sleeps 4 guests']","₹4,946 per night",Like a 3 Star,Room in a Cottage,| 1 Bedroom | Sleeps 3 guests,CoupleFriendlyFreeCancellationBook@₹0available
Baga Hideout Resort,Baga,| 2 minutes walk to Agonda Beach,3,"['Swimming Pool', 'Caretaker']","₹5,364 per night",null,null,null,CoupleFriendlyFreeCancellationBook@₹0availableBreakfastavailableatextrachargesTropicalhavenwithpool&charmingcottagesnearBagaBeach
Whoopers Boutique Anjuna Goa,Anjuna,| 2.7 km drive to Mandrem Beach,4.3,"['Room in a Cottage', '| 1 Bedroom | Sleeps 4 guests']","₹3,538 per night",null,Bed in a Hostel,| 2 Dorm Beds,CoupleFriendlyFreeCancellationBook@₹0availableApartmentamidstplantationwithapool&aplayarea
Cuba Agonda,Agonda,| About a minute walk to Candolim Beach,3.8,"['Shared Swimming Pool', 'Caretaker']","₹5,559 per night",Like a 3 Star,Room in a Beach Hut,| 1 Bedroom | Sleeps 4 guests,"CoupleFriendlyLuxebeachhutfeaturingabar,arestaurant&sunbeds."
Brushwood Villa | Rooms & Caretaker,Palolem,| About a minute walk to Baga Beach,3.1,"['null', 'Restaurant']","₹3,858 per night",null,Room in a Cottage,| 1 Bedroom | Sleeps 4 guests,CoupleFriendlyFreeCancellationBook@₹0available
"Hotel Goa Continental by DL Hotels, Arpora-Baga",Arpora,| 7 minutes walk to Deltin Royale,3.3,"['24-hour Room Service', 'Swimming Pool']","₹3,697 per night",null,null,null,CoupleFriendlyFreeCancellationBook@₹0availableBreakfastavailableatextracharges
juSTa Morjim Beach Resort (80 steps from Morjim Beach),Morjim,| 9 minutes walk to Calangute Beach,4.2,"['Indoor Games', 'Gym']","₹9,871 per night",null,null,null,CoupleFriendlyBreakfastavailableatextrachargesBooknowandget15%discountonfood&beveragesandlaundryGuaranteed15%DiscountonF&Bservices
Alore Grande Candolim beach with kitchen,Candolim,| 7 minutes walk to Calangute Beach,3.4,"['Swimming Pool', 'Restaurant']","₹12,790 per night",null,Entire Apartment,| 1 Bedroom | Sleeps 4 guests,FreeCancellationBook@₹0available
Acron Seawinds 1BHK - Premium Apartment with Pool,Baga,| 2.6 km drive to Anjuna Beach,3.4,"['Bar', 'Spa']","₹3,788 per night",Like a 3 Star,Entire Apartment,| 1 Bedroom | Sleeps 4 guests,CoupleFriendly
"Storii By ITC Hotels, Shanti Morada, Goa",Bardez,| 2.8 km drive to Anjuna Beach,4.8,"['Gym', 'Swimming Pool']","₹14,563 per night",null,null,null,"CoupleFriendlyBreakfastIncludedFreeRoomUpgrade,SubjecttoAvailability"
Virat Square Garden | Rooms & Caretaker,Bardez,| 4 minutes walk to Baga Beach,4.4,"['Beds in a Hostel', '| 2 Dorm Beds']","₹1,789 per night",null,Room in a Homestay,| 1 Bedroom | Sleeps 4 guests,CoupleFriendly
Nirvana Hill Resort,Margao,| 8 minutes walk to Anjuna Beach,3.9,"['Swimming Pool', 'Living Room']","₹4,890 per night",Like a 3 Star,Room in a Tree House,| 1 Bedroom | Sleeps 3 guests,"BreakfastavailableatextrachargesCottageswithapool,kitchen,restaurant&parking"
Zip By Spree Hotels Hyde Goa,Candolim,| About a minute walk to Agonda Beach,4.2,"['Room in a Homestay', '| 1 Bedroom | Sleeps 4 guests']","₹3,491 per night",null,null,null,CoupleFriendlyBreakfastavailableatextracharges
Indie Stays Goa,Candolim,| 6 minutes walk to Palolem Beach,4.2,"['Elevator/Lift', 'Air Conditioning']","₹2,909 per night",null,null,null,CoupleFriendlyFreeCancellationBook@₹0availableBreakfastavailableatextracharges
Daystar Ventures | Goa Junction Apartment,Vagator,| 3.0 km drive to Baga Beach,4.2,"['Room in an Apartment', '| 1 Bedroom | Sleeps 2 guests']","₹5,239 per night",Like a 3 Star,Room in an Apartment,| 1 Bedroom | Sleeps 6 guests,CoupleFriendly
Palmarinha De Goa,Calangute,| About a minute walk to Morjim Beach,4,"['Reception', 'Housekeeping']","₹3,973 per night",null,null,null,CoupleFriendlyFreeCancellationBook@₹0availableBreakfastavailableatextracharges
Hotel Casa de patio,Povorim,| 8 minutes walk to Candolim Beach,4.2,"['Swimming Pool', 'Restaurant']","₹3,183 per night",null,null,null,CoupleFriendlyFreeCancellationBreakfastIncludedBook@₹0available15%DiscountonAirportTransfer
Naik Guest House 2,Arambol Beach,| 4-5 minutes walk from Calangute Beach,4.3,"['Gym', 'Swimming Pool']","₹1,516 per night",null,Room in a Homestay,| 1 Bedroom | Sleeps 4 guests,
The Village Inn.,South Goa,| 3.0 km drive to Calangute Beach,4.1,"['Room in an Apartment', '| 1 Bedroom | Sleeps 8 guests']","₹2,031 per night",null,null,null,CoupleFriendlyBreakfastavailableatextracharges
Resort Rio,Arpora,null,3.6,"['Reception', 'Housekeeping']","₹8,069 per night",null,null,null,CoupleFriendlyBreakfastIncluded
Goa Holiday AC & NON-AC ROOMS,Calangute,Ends  in  02h:  59m:  50s,3.6,"['Jacuzzi', 'Room in a Homestay']","₹1,117 per night",null,Room in an Apartment,| 1 Bedroom | Sleeps 4 guests,CoupleFriendly
Baale Resort Goa,Arpora,| 4-5 minutes walk from Candolim Beach,4.2,"['| 1 Bedroom | Sleeps 4 guests', 'Shared Living Room']","₹1,44,844 per night",Like a 5 Star,Entire Villa,| 4 Bedrooms | Sleeps 12 guests,"CoupleFriendlyBreakfastIncludedResortwithapool,livingroom,diningarea&arestaurantFreeAirportTransfer"
Sonnet-A boutique hotel by Lotus leaf Hotels,Anjuna,| 9 minutes walk to Candolim Beach,4.1,"['Barbeque', 'Gym']","₹3,667 per night",null,null,null,CoupleFriendlyBreakfastavailableatextracharges
Camp Sanfrancisco,Palolem,| 2.1 km drive to Vagator Beach,3,"['Swimming Pool', 'Swimming Pool']","₹2,590 per night",null,Room in a Beach Hut,| 1 Bedroom | Sleeps 4 guests,"CoupleFriendlyFreeCancellationBook@₹0availableSea-facinghutofferingacaretaker,BBQ&beachactivities"
Olive Alidia Beach Resort by Embassy Group,Baga,| 2.5 km drive to Calangute Beach,4.8,"['Indoor Games', 'Room in a Cottage']","₹3,459 per night",null,null,null,CoupleFriendly
Ena Holiday Homes By Ronz Vista De Praia,Calangute,null,4.3,"['| 1 Bedroom | Sleeps 3 guests', 'Swimming Pool']","₹2,573 per night",null,Room in a Homestay,| 1 Bedroom | Sleeps 6 guests,CoupleFriendly
Mayflower By Casa Eternal Beach Resort - Baga,Baga,null,3.1,"['Caretaker', 'Swimming Pool']","₹3,820 per night",null,null,null,CoupleFriendlyBreakfastavailableatextracharges
Hotel Sona,Panjim,| 9 minutes walk to Arossim Beach,3.3,"['null', 'Room in a Hostel']","₹2,066 per night",null,null,null,FreeCancellationBook@₹0availableBreakfastavailableatextracharges
Casa German holiday Baga,Calangute,| 2.9 km drive to Baga Beach,4.5,"['| 1 Bedroom | Sleeps 3 guests', 'Living Room']","₹1,489 per night",null,Room in a Homestay,| 1 Bedroom | Sleeps 4 guests,FreeCancellationBook@₹0available
White Flower Pool Facing Cottages,Vagator,null,3.9,"['Lounge', 'Swimming Pool']","₹4,375 per night",Like a 3 Star,Room in a Cottage,| 1 Bedroom | Sleeps 3 guests,"FreeCancellationBook@₹0availableBreakfastavailableatextrachargesHomestayfeaturingapool,livingroom,bar&arestaurant"
Summer Hostel Palolem,Palolem,| 3.0 km drive to Baga Beach,4.9,"['Spa', 'Beds in a Hostel']","₹1,122 per night",null,Beds in a Hostel,| 2 Dorm Beds,
Sea view holidays,Vagator,| 2.4 km drive to Vagator Beach,4.4,"['| 2 Dorm Beds', 'Swimming Pool']","₹1,583 per night",null,null,null,CoupleFriendlyFreeCancellationBook@₹0available
"Taj Cidade de Goa Heritage, Goa",Vainguinim Beach,| 7 minutes walk to Palolem Beach,4.7,"['Kitchenette', 'Gym']","₹26,250 per night",null,null,null,BreakfastIncludedGetaTajGiftCardworthatleastINR500forF&B&Spa
Locomo Boutique Morjim - Stay. Work. Eat.,Morjim,| 6 minutes walk to Baga Beach,4.8,"['Private Beach', 'Swimming Pool']","₹4,078 per night",null,Room in an Apartment,| 1 Bedroom | Sleeps 4 guests,"CoupleFriendlyBreakfastavailableatextrachargesApartmentwithapool,kitchen,terrace&sit-outs"
CABO SERAI,South Goa,| 10 minutes walk to Calangute Beach,4.3,"['Restaurant', 'Room in an Apartment']","₹14,629 per night",Like a 5 Star,Room in a Cottage,| 1 Bedroom | Sleeps 4 guests,CoupleFriendlyBreakfastIncluded
Mayfair on Sea,Morjim,| About a minute walk to Baga Beach,4.4,"['| 1 Bedroom | Sleeps 4 guests', 'Housekeeping']","₹21,000 per night",null,null,null,CoupleFriendlyBreakfastIncludedComplimentaryHi-TeaservedwithVegSnack(s)
ALOHA HOLIDAY RESORT,Baga,| 9 minutes walk to Deltin Royale,4.2,"['Caretaker', 'Swimming Pool']","₹5,303 per night",null,null,null,CoupleFriendly
Shivam BnB Hostel,North Goa,| About a minute walk to Calangute Beach,4,"['Restaurant', '| 1 Bedroom | Sleeps 3 guests']",₹626 per night,null,Room in a Camp,| 1 Bedroom | Sleeps 2 guests,CoupleFriendly
Olive Calangute Niwasa by Embassy Group,Calangute,Ends  in  02h:  59m:  57s,4.1,"['Reception', 'Free Wi-Fi']","₹3,736 per night",Like a 3 Star,Room in an Apartment,| 1 Bedroom | Sleeps 4 guests,"CoupleFriendlyApartmentfeaturingvibrantrooms,plushpool&lawn"
SIBAYA BEACH RESORT,Morjim,| 4-5 minutes walk from Vagator Beach,3.6,"['Swimming Pool', 'Restaurant']","₹6,965 per night",null,null,null,CoupleFriendlyBreakfastIncluded20%offonsessionofSpa
The Tato Hotel,Vasco Da Gama,| 1.7 km drive to Palolem Beach,3.7,"['Gym', 'Swimming Pool']","₹2,160 per night",null,null,null,CoupleFriendlyFreeCancellationBreakfastavailableatextracharges
Casa Menezes | Rooms & Restaurant,Tiswadi,| 9 minutes walk to Vagator Beach,5,"['Beds in a Hostel', '| 2 Dorm Beds']","₹8,133 per night",Like a 4 Star,Room in a Homestay,| 1 Bedroom | Sleeps 4 guests,BreakfastIncluded
"VITS Shanti Solitaire, Arpora",Arpora,| 1.6 km drive to Miramar Beach,3.8,"['Bonfire', 'Indoor Games']","₹6,235 per night",null,null,null,CoupleFriendlyFreeCancellationBreakfastIncludedBook@₹0available
Green Nest Hostel Baga,Arpora,| 8 minutes walk to Morjim Beach,4.5,"['Swimming Pool', 'Gym']","₹1,065 per night",Like a 3 Star,Beds in a Hostel,| 2 Dorm Beds,
Granpas Inn Hotel Bougainvillea,Anjuna,| About a minute walk to Cabo De Rama Beach,4.4,"['null', 'Restaurant']","₹5,125 per night",null,null,null,"CoupleFriendlyFreeCancellationBook@₹0availableBreakfastavailableatextracharges10%DiscountOnF&BServices,SubjecttoAvailability"
FabExpress Victoria With Pool - Nr. Baga Beach,Baga,| About a minute walk to Morjim Beach,2,"['Bar', 'Gym']","₹1,948 per night",null,null,null,"CoupleFriendlyFreeCancellationBook@₹0availableBreakfastavailableatextrachargesOnlya1-minutewalktoTitosLane,idealfornightlifelovers"
Dodi Holiday Homes,Baga,| 3-4 minutes walk from Baga Beach,3.7,"['Swimming Pool', 'Swimming Pool']","₹1,779 per night",null,Room in a Homestay,| 1 Bedroom | Sleeps 5 guests,CoupleFriendlyBreakfastavailableatextracharges
Seashell Suites and Villas Goa,Candolim,null,4.8,"['Restaurant', 'Spa']","₹31,620 per night",null,null,null,CoupleFriendlyBreakfastavailableatextracharges
Mitra Hostel Arambol.,Arambol Beach,| 3-4 minutes walk from Calangute Beach,4.5,"['Swimming Pool', 'Gym']","₹2,037 per night",null,Beds in a Hostel,| 2 Dorm Beds,
juSTa Casa Frangipani Assagao (3 KM from Anjuna Beach),Assagao,| 3 minutes walk to Morjim Beach,4.4,"['Swimming Pool', 'Room in an Apartment']","₹5,366 per night",null,null,null,CoupleFriendlyFreeCancellationBook@₹0availableBreakfastavailableatextracharges10%DiscountonF&Bservices
Westwood Residence,Porvorim,| 7.4 km drive to Goa International Airport,4.4,"['| 1 Bedroom | Sleeps 4 guests', 'Housekeeping']","₹3,833 per night",Like a 3 Star,Entire Apartment,| 1 Bedroom | Sleeps 4 guests,"CoupleFriendlyFreeCancellationBook@₹0availablePropertywithapool,livingroom,kitchen&terracewithviews"
Agonda HolidayHome,Agonda,null,3.5,"['Shared Parking', 'Restaurant']","₹1,834 per night",null,Room in a Homestay,| 1 Bedroom | Sleeps 2 guests,"CoupleFriendlyFreeCancellationBook@₹0availableBeach-viewcottageofferingagarden,bonfire&sit-outs"
Grand Goa Exotica,Bardez,| 2.6 km drive to Baga Beach,3.7,"['Swimming Pool', 'Kids Play Area']","₹2,785 per night",null,null,null,CoupleFriendlyFreeCancellationBreakfastIncludedBook@₹0available
"Sortby Stays Anjuna , Grand Peddem",Anjuna,| 2.8 km drive to Baga Beach,4,"['Room in a Cottage', '| 1 Bedroom | Sleeps 4 guests']","₹3,928 per night",null,Room in an Apartment,| 1 Bedroom | Sleeps 3 guests,Breakfastavailableatextracharges
Lillywoods Highland Beach Apartments,Candolim,| 2.5 km drive to Anjuna Beach,2.7,"['Housekeeping', 'Free Wi-Fi']","₹3,266 per night",Like a 3 Star,Room in an Apartment,| 1 Bedroom | Sleeps 4 guests,"CoupleFriendlyBreakfastavailableatextrachargesApartmentunitsfeaturingalawn,chef,sharedkitchen&pool"
Bliss Holiday Inn,Calangute,| 3 minutes walk to Baga Beach,3.6,"['Water Sports', 'Swimming Pool']","₹1,090 per night",null,null,null,CoupleFriendly
"Nanu Resort & Spa, Arambol",Arambol,| About a minute walk to Baga Beach,4.3,"['Room in an Apartment', '| 1 Bedroom | Sleeps 4 guests']","₹5,079 per night",null,null,null,CoupleFriendlyBreakfastavailableatextracharges
Nityananda Residency,Margao,| 5 minutes walk to Candolim Beach,4.5,"['Free Wi-Fi', 'Air Conditioning']","₹1,776 per night",null,null,null,
Krishna Beach Resort and Spa,Colva,| 3.0 km drive to Mandrem Beach,3.9,"['Indoor Games', 'Entire Apartment']","₹4,264 per night",null,null,null,CoupleFriendlyBreakfastavailableatextracharges
Marquis Beach Resort,Candolim,null,4.4,"['| 1 Bedroom | Sleeps 3 guests', 'Reception']","₹13,150 per night",null,null,null,CoupleFriendlyBreakfastIncluded
Asiatic Service Apartments,Calangute,null,2.8,"['Housekeeping', 'Room in a Villa']","₹1,923 per night",null,Entire Apartment,| 1 Bedroom | Sleeps 8 guests,CoupleFriendly
Resort De Coracao- Calangute,Calangute,| 2 minutes walk to Agonda Beach,3.6,"['| 1 Bedroom | Sleeps 4 guests', 'Caretaker']","₹6,467 per night",null,null,null,CoupleFriendlyBreakfastavailableatextracharges10%DiscountOnF&BServices
Avataara Resort & Spa,Vagator,null,4.3,"['Housekeeping', 'Swimming Pool']","₹14,040 per night",null,null,null,"CoupleFriendlyFreeCancellationBreakfastIncludedBook@₹0availableEnjoybreakfasttillnoon&freeminibar,onceduringthestay"
"Casa Ahaana Resort Vagator, By Lavin Hotels.",Vagator,| 6 minutes walk to Anjuna Beach,3.6,"['Water Sports', 'Room in a Beach Hut']","₹3,904 per night",null,null,null,CoupleFriendlyFreeCancellationBook@₹0availableBreakfastavailableatextracharges
GOA TOURIST DORMITORY,Panjim,| 2 minutes walk to Candolim Beach,2.3,"['| 1 Bedroom | Sleeps 4 guests', 'Caretaker']",₹770 per night,null,Beds in a Hostel,| 2 Dorm Beds,
Hotel Vemara,Panjim,| 1.6 km drive to Calangute Beach,4,"['Housekeeping', 'Swimming Pool']","₹6,243 per night",null,null,null,CoupleFriendlyBreakfastavailableatextracharges
Seasons Hotel,South Goa,| 1.2 km drive to Mandrem Beach,3.9,"['Spa', 'Gym']","₹2,782 per night",null,null,null,BreakfastIncluded
The Karma Plaza,Vasco Da Gama,| 9 minutes walk to Madgaon Bus Terminal,2.9,"['Swimming Pool', 'Gym']","₹1,227 per night",null,null,null,CoupleFriendly
Cilantro-Agonda Canacona | Rooms & Wi-Fi,Agonda,| 7 minutes walk to Colva Beach,3.4,"['Swimming Pool', 'Swimming Pool']","₹2,560 per night",null,Room in a Cottage,| 1 Bedroom | Sleeps 4 guests,"CoupleFriendlyCottageswithacaretaker,restaurant&beachaccess"
"Stone Wood Beach Resort and Club, Vagator Beach",Vagator,| 4-5 minutes walk from Candolim Beach,3.3,"['Lounge', 'Gym']","₹8,723 per night",null,null,null,CoupleFriendlyBreakfastIncluded15%DiscountonF&Bservices
Amigos Candolim Beach,Candolim,| 4-5 minutes walk from Calangute Beach,4,"['Swimming Pool', 'Restaurant']","₹3,692 per night",Like a 3 Star,Room in an Apartment,| 1 Bedroom | Sleeps 4 guests,"CoupleFriendlyBreakfastavailableatextrachargesMajesticstaynearbeachwithapool,bar&restaurant"
Bunkd Hostel Anjuna | Dorms & Restaurant,Anjuna,| 10 minutes walk to Calangute Beach,4.1,"['Room in an Apartment', '| 1 Bedroom | Sleeps 10 guests']","₹1,068 per night",Like a 3 Star,Beds in a Hostel,| 2 Dorm Beds,CoupleFriendly
Hotel Lua Nova,Baga,| 2.0 km drive to Anjuna Beach,3.2,"['Shared Swimming Pool', 'Caretaker']","₹2,890 per night",null,null,null,CoupleFriendlyBreakfastavailableatextracharges
Beach House Resort Goa,Benaulim,| 3.0 km drive to Vagator Beach,4.2,"['Room in a Cottage', '| 1 Bedroom | Sleeps 4 guests']","₹6,225 per night",null,null,null,CoupleFriendlyBreakfastavailableatextracharges20%Discountonalacarte
The Golden Rice,Candolim,| 1.5 km drive to Deltin Royale,3.1,"['Caretaker', 'Housekeeping']","₹1,287 per night",null,Entire Apartment,| 1 Bedroom | Sleeps 5 guests,CoupleFriendly
RAINBOW LINING HOSTELS PALOLEM,Palolem,| 2.2 km drive to Deltin Royale,4.6,"['Room in a Cottage', '| 1 Bedroom | Sleeps 4 guests']","₹1,811 per night",Like a 3 Star,Beds in a Hostel,| 2 Dorm Beds,"Bustlinghostelwitharestaurant,indoorgames&bonfire"
360 Bliss Dia Homes,Nerul,| 10 minutes walk to Margao Bus Terminal,4.5,"['Shared Swimming Pool', 'Caretaker']","₹3,522 per night",Like a 3 Star,Entire Apartment,| 1 Bedroom | Sleeps 4 guests,CoupleFriendly
Radisson Goa Candolim,Candolim,| 8.0 km drive to Goa International Airport,4.1,"['Room in an Apartment', '| 1 Bedroom | Sleeps 4 guests']","₹12,623 per night",null,null,null,CoupleFriendlyBreakfastIncludedWelcomeBeeronarrivaland1+1HappyHoursfrom11amto7pm!
Godwin Goa,Candolim,| 3 minutes walk to Agonda Beach,3.6,"['Reception', 'Housekeeping']","₹4,568 per night",null,null,null,CoupleFriendlyFreeCancellationBook@₹0availableBreakfastavailableatextracharges
Treebo Morjim Banyan Resort,Morjim,| 4-5 minutes walk from Vagator Beach,3.7,"['Caretaker', 'Night Club']","₹4,237 per night",null,null,null,"FreeCancellationBreakfastIncludedBook@₹0availableSwimmingpool,cleanrooms,andparking"
Heritage Villa Calangute,Calangute Baga Road,| 4-5 minutes walk from Candolim Beach,null,"['null', 'Room in an Apartment']","₹33,489 per night",Like a 4 Star,Entire Villa,| 4 Bedrooms | Sleeps 16 guests,"CoupleFriendlyEntirepoolvillafeaturingalivingroom,beachaccess&parking"
Santonio Resorts,Vagator,| 2 minutes walk to Anjuna Beach,4.3,"['| 1 Bedroom | Sleeps 4 guests', 'Reception']","₹3,300 per night",null,null,null,CoupleFriendlyFreeCancellationBook@₹0availableBreakfastavailableatextracharges
Sea Shore Beach Resort,Calangute,| 5 minutes walk to Baga Beach,3.4,"['Caretaker', 'Restaurant']","₹3,436 per night",Like a 3 Star,Room in an Apartment,| 1 Bedroom | Sleeps 4 guests,CoupleFriendlyBreakfastavailableatextracharges
Hotel Image Inn,Calangute,| About a minute walk to Sernabatim Beach,3.6,"['24-hour Room Service', 'Beds in a Hostel']","₹2,861 per night",null,null,null,CoupleFriendlyBreakfastavailableatextracharges
"La GoYa at Anjuna Beachside, Goa",Anjuna,| 5 minutes walk to Candolim Beach,5,"['| 2 Dorm Beds', 'Swimming Pool']","₹1,791 per night",null,Rooms in an Apartment,| 2 Bedrooms | Sleeps 4 guests,CoupleFriendly
GreenAmbit - The Calissa by Vacayom Homestay,Calangute,| 8 minutes walk to Palolem Beach,5,"['Lounge', 'Room in a Cottage']","₹8,930 per night",Like a 3 Star,Room in an Apartment,| 1 Bedroom | Sleeps 4 guests,CoupleFriendlyFreeCancellationBook@₹0available
Celina Guest House,Calangute,null,3.1,"['| 1 Bedroom | Sleeps 3 guests', 'Swimming Pool']","₹2,108 per night",null,null,null,CoupleFriendlyFreeCancellationBook@₹0available
Sabinas Homestay,Bardez,| 10 minutes walk to Candolim Beach,4.7,"['Kitchenette', 'Swimming Pool']","₹3,005 per night",null,Room in a Homestay,| 1 Bedroom | Sleeps 4 guests,CoupleFriendly
Thalassa Beach Boutique Resort,Ashwem Beach,| 8 minutes walk to Candolim Beach,4,"['Restaurant', 'Bed in a Hostel']","₹16,587 per night",null,null,null,CoupleFriendlyBreakfastIncluded
Fairfield by Marriott Goa Benaulim,Benaulim,| 4-5 minutes walk from Morjim Beach,4.6,"['| 2 Dorm Beds', 'Swimming Pool']","₹13,925 per night",null,null,null,CoupleFriendlyFreeCancellationBreakfastavailableatextrachargesComplimentaryeveninghighteaonarrivalbetween4p.m.and6p.m.
Rootsvilla Vagator- Longstays and coworking Hostel,Vagator,| 9 minutes walk to Calangute Beach,4.3,"['Caretaker', 'Room in a Beach Hut']","₹1,405 per night",Like a 3 Star,Beds in a Hostel,| 2 Dorm Beds,"CoupleFriendlyHostelwithwell-keptdorms,well-equippedkitchen&garden"
Cafe blue in Palolem,Palolem,| 9 minutes walk to Vagator Beach,4.1,"['| 1 Bedroom | Sleeps 4 guests', 'Caretaker']","₹3,861 per night",Like a 3 Star,Room in a Cottage,| 1 Bedroom | Sleeps 4 guests,"CoupleFriendlyBreakfastavailableatextrachargesBeachfrontcottagewithacafe,barbecue&indoorgames"
Pousada Donaciana | Rooms & Caretaker,Baga,| 4 minutes walk to Calangute Beach,3.8,"['Housekeeping', 'Room in a Cottage']","₹3,127 per night",null,Room in a Cottage,| 1 Bedroom | Sleeps 4 guests,CoupleFriendly
Vedana Retreat,Arambol,| 4-5 minutes walk from Calangute Beach,3.8,"['| 1 Bedroom | Sleeps 4 guests', 'Caretaker']","₹2,142 per night",null,null,null,CoupleFriendlyFreeCancellationBook@₹0availableBreakfastavailableatextracharges
Sea Side Beach House,Calangute Baga Road,| About a minute walk to Anjuna Beach,4,"['Lawn', 'Swimming Pool']","₹1,819 per night",null,Room in an Apartment,| 1 Bedroom | Sleeps 5 guests,
Sobit Sarovar Portico,Palolem,| 10 minutes walk to Calangute Beach,4.5,"['Indoor Games', 'Swimming Pool']","₹10,766 per night",null,null,null,CoupleFriendlyBreakfastIncluded
Mansions by Pinto Rosario | Luxe Pool Villa,Bardez,| About a minute walk to Calangute Beach,4.1,"['Restaurant', 'Entire Apartment']","₹12,722 per night",Like a 3 Star,Entire Villa,| 3 Bedrooms | Sleeps 12 guests,CoupleFriendly
"Verandah - A Beautiful Story, Near Anjuna Beach",Anjuna,null,4.3,"['| 1 Bedroom | Sleeps 4 guests', 'Reception']","₹3,347 per night",null,null,null,CoupleFriendlyBreakfastavailableatextracharges
Sun City Resort,Baga,| 7 minutes walk to Ashwem Beach,3.7,"['24-hour Security', 'Entire Apartment']","₹4,121 per night",null,null,null,CoupleFriendlyFreeCancellationBook@₹0availableBreakfastavailableatextracharges
SUNSET WAVES RESORT,Mandrem Beach,| About a minute walk to Benaulim Beach,4.3,"['| 1 Bedroom | Sleeps 4 guests', 'Swimming Pool']","₹4,617 per night",null,null,null,CoupleFriendlyBreakfastavailableatextracharges
Fig House - Entire 1 BHK Apartments,Siolim,| 2.5 km drive to Vagator Beach,4.3,"['Reception', 'Jacuzzi']","₹4,279 per night",Like a 3 Star,Entire Apartment,| 1 Bedroom | Sleeps 4 guests,"CoupleFriendlyFreeCancellationBook@₹0availableSuiteamidstgreenerywithapool,restaurant&akitchen"
Bliss Water Resort | Rooms in a Cottage,Arambol,| About a minute walk to Palolem Beach,3.8,"['Spa', '| 1 Bedroom | Sleeps 4 guests']","₹2,401 per night",Like a 3 Star,Room in a Cottage,| 1 Bedroom | Sleeps 4 guests,CoupleFriendly
Hotel Wayfarer,Porvorim,| 2 minutes walk to Baga Beach,4.4,"['Barbeque', 'Bonfire']","₹5,530 per night",null,null,null,"CoupleFriendlyBreakfastavailableatextrachargesFreeRoomUpgrade,SubjecttoAvailability"
Villa De Orange A Boutique Hotel,Siolim,| 1.5 km drive to Mandrem Beach,4.3,"['| 1 Bedroom | Sleeps 3 guests', 'Swimming Pool']","₹2,973 per night",null,null,null,CoupleFriendlyFreeCancellationBook@₹0availableBreakfastavailableatextracharges
Blue Flamingo 1BHK Private Apartment,Baga,| 9 minutes walk to Calangute Beach,3.3,"['Caretaker', 'Swimming Pool']","₹2,588 per night",Like a 3 Star,Entire Apartment,| 2 Bedrooms | Sleeps 8 guests,CoupleFriendly
Harmal's Residency,Arambol,| 4 minutes walk to Palolem Beach,3.8,"['Indoor Games', 'Swimming Pool']","₹2,475 per night",Like a 3 Star,Room in a Homestay,| 1 Bedroom | Sleeps 4 guests,CoupleFriendlyFreeCancellationBook@₹0available
Goa Woodlands Hotel,Margao,null,4.3,"['Water Sports', 'Room in an Apartment']","₹3,301 per night",null,null,null,CoupleFriendlyBreakfastIncluded
Neelam's The Grand,Calangute,| 2.9 km drive to Anjuna Beach,3.7,"['| 1 Bedroom | Sleeps 6 guests', 'Reception']","₹4,186 per night",null,null,null,CoupleFriendlyBreakfastavailableatextracharges
My Sea Side Hotel Baga,Baga,| 8 minutes walk to Baga Beach,2.8,"['Caretaker', 'Swimming Pool']","₹1,896 per night",null,Room in an Apartment,| 1 Bedroom | Sleeps 4 guests,CoupleFriendlyFreeCancellationBook@₹0availableBreakfastavailableatextrachargesPropertywithadiningarea&terracesit-outswithviews
Casa De Royale Goa,Vagator,| About a minute walk to Mandrem Beach,3.7,"['Restaurant', '| 1 Bedroom | Sleeps 4 guests']","₹2,557 per night",null,Room in an Apartment,| 1 Bedroom | Sleeps 4 guests,"CoupleFriendlyBreakfastIncludedRitzyvillaboastinganazurepool,lawn&diningarea"
Riva Boutique Apartments,Porvorim,null,4.1,"['Wi-Fi', 'Swimming Pool']","₹3,399 per night",null,null,null,CoupleFriendlyFreeCancellationBreakfastIncludedQuaintstudiorooms&aplungepoolneartopGoanbeaches
The Crown Goa,31st January Road,| 1.5 km drive to Mandrem Beach,3.9,"['Kids Play Area', 'Gym']","₹16,425 per night",null,null,null,CoupleFriendlyFreeCancellationBreakfastIncludedBook@₹0availableHilltopretreatofferingscenicriverviews&24/7restaurant
JS Holiday Apartment,Calangute,null,3.3,"['Swimming Pool', '| 1 Bedroom | Sleeps 4 guests']","₹1,615 per night",null,Room in a Homestay,| 1 Bedroom | Sleeps 8 guests,"CoupleFriendlyHomestayfeaturingakitchen,Wi-Fi&parking"
Bella Villa | Rooms in Homestay,Panjim,null,3.7,"['Reception', 'Caretaker']","₹1,769 per night",null,Room in a Homestay,| 1 Bedroom | Sleeps 4 guests,FreeCancellationBook@₹0availableBreakfastavailableatextracharges
Budget Friendly Studio Apartments in North Goa near Anjuna,Bardez,| 7 minutes walk to Baga Beach,4.4,"['Entire Villa', '| 4 Bedrooms | Sleeps 12 guests']",₹999 per night,null,Entire Apartment,| 1 Bedroom | Sleeps 4 guests,CoupleFriendly
ARIV INN,Baga,| 2.3 km drive to Mandrem Beach,3.3,"['Swimming Pool', 'Kitchenette']","₹2,194 per night",null,null,null,CoupleFriendlyFreeCancellationBook@₹0available
78 Backpackers Anjuna,Anjuna,Ends  in  03h:  00m:  12s,4.6,"['Swimming Pool', 'Restaurant']","₹1,507 per night",null,Beds in a Hostel,| 2 Dorm Beds,CoupleFriendly
Xec Residency,Margao,null,3.4,"['Room in a Beach Hut', '| 1 Bedroom | Sleeps 4 guests']","₹2,626 per night",null,Room in an Apartment,| 1 Bedroom | Sleeps 3 guests,"CoupleFriendlyBreakfastavailableatextrachargesStylishapartmentwithadiningarea,livingroom&parking"
Doris Beach House,Calangute,| 1.2 km drive to Calangute Beach,3.4,"['Caretaker', 'Housekeeping']","₹2,528 per night",null,Room in a Homestay,| 1 Bedroom | Sleeps 4 guests,"FreeCancellationBook@₹0availableWell-furnishedhomewithhomelymeals,balconysit-outs&parking10%DiscountOnAirportTransfer"
Calangute Heights by Stay ALYF | Luxury 1 BHK Apartments,Calangute,| About a minute walk to Baga Beach,4.7,"['Swimming Pool', 'Room in a Homestay']","₹3,907 per night",null,Entire Apartment,| 1 Bedroom | Sleeps 4 guests,"CoupleFriendlyModernapartmentfeaturingapool,powerbackup&parking"
Ramsons Luxo | Entire Service Apartment,Siolim,| 1.9 km drive to Vagator Beach,3.4,"['| 1 Bedroom | Sleeps 6 guests', 'Living Room']","₹4,088 per night",null,Entire Apartment,| 2 Bedrooms | Sleeps 8 guests,"CoupleFriendlyEntirepet-friendlyapartmentunitsofferingapool,kitchen&Wi-Fi"
City Xpress Goa,Panjim,null,4,"['Barbeque', 'Water Sports']","₹1,188 per night",null,null,null,CoupleFriendlyPayAtHotel
The Ivy Anjuna,Anjuna,| 6 minutes walk to Deltin Royale,4,"['Kids Play Area', 'null']","₹7,068 per night",null,null,null,CoupleFriendlyFreeCancellationBook@₹0availableBreakfastavailableatextracharges
LE SEASONS RESORT,Candolim,| About a minute walk to Calangute Beach,3.9,"['Room in a Homestay', '| 1 Bedroom | Sleeps 4 guests']","₹3,687 per night",null,null,null,CoupleFriendlyFreeCancellationBreakfastIncludedBook@₹0available15%DiscountOnAirportTransfer
Piccolo Dreams | Rooms & Restaurant,Palolem,null,3.2,"['Caretaker', 'Parking']","₹1,821 per night",null,Room in a Cottage,| 1 Bedroom | Sleeps 4 guests,"CoupleFriendlyBreakfastavailableatextrachargesCottagewithacaretaker,high-speedWi-Fi&beachaccess"
Resort Martins Siesta,Bardez,null,2.9,"['Room in a Cottage', '| 1 Bedroom | Sleeps 3 guests']","₹2,819 per night",null,null,null,CoupleFriendlyFreeCancellationBook@₹0availableBreakfastavailableatextracharges
O CECELEA GUEST HOUSE,Calangute,| 2 minutes walk to Baga Beach,4.3,"['Swimming Pool', 'Kitchenette']","₹2,108 per night",null,null,null,CoupleFriendly
Serenova by Dia Hotels,Calangute,| 9 minutes walk to Anjuna Beach,4.2,"['Beds in a Hostel', '| 2 Dorm Beds']","₹3,264 per night",null,null,null,CoupleFriendlyBreakfastavailableatextracharges
Crystal Goa Turquoise Goa,Palolem,null,4,"['Lounge', 'Caretaker']","₹5,403 per night",Like a 3 Star,Room in a Cottage,| 1 Bedroom | Sleeps 4 guests,"CoupleFriendlyBreakfastIncludedCharmingholidayhomewithapool,restaurant&freeWi-Fi"
La Mer Beach Resorts,Calangute,| 3 minutes walk to Calangute Beach,2.6,"['Lounge', 'Gym']","₹8,033 per night",null,null,null,CoupleFriendlyFreeCancellationBook@₹0availableBreakfastavailableatextracharges
Altrude Villa | Rooms Near Beach,Candolim,| 1.4 km drive to Calangute Beach,3.4,"['Swimming Pool', 'Room in an Apartment']","₹1,620 per night",null,Room in a Villa,| 1 Bedroom | Sleeps 4 guests,CoupleFriendlyFreeCancellationBook@₹0available
Azaya Beach Resort,Benaulim,null,4,"['| 1 Bedroom | Sleeps 4 guests', 'Shared Swimming Pool']","₹18,959 per night",null,null,null,CoupleFriendlyBreakfastIncluded30%offonsessionofSpa
La Sunila Suites and Villas by WSI,Baga,| 10 minutes walk to Deltin Royale,4.3,"['Reception', 'Room in a Cottage']","₹5,184 per night",null,null,null,CoupleFriendlyFreeCancellationBreakfastIncludedBook@₹0available
JW Marriott Goa,Vagator,| 9 minutes walk to Anjuna Beach,4.6,"['| 1 Bedroom | Sleeps 4 guests', 'Shared Swimming Pool']","₹24,600 per night",null,null,null,CoupleFriendlyBreakfastIncludedPayAtHotelEnjoy2roundsofbowlingperstayatNeonGamingCentre
12 Monks Hostel Arambol Goa,Arambol Beach,| 7 minutes walk to Candolim Beach,4.6,"['Caretaker', 'Swimming Pool']",₹969 per night,null,Beds in a Hostel,| 2 Dorm Beds,CoupleFriendly
LA VERA BOUTIQUE HOTEL MANDREM,North Goa,| 10 minutes walk to Palolem Beach,4.4,"['Water Sports', 'Swimming Pool']","₹2,735 per night",null,null,null,CoupleFriendlyBreakfastavailableatextracharges
Sunrise Apartments by Vihasta,Bardez,null,3.7,"['Restaurant', '| 1 Bedroom | Sleeps 2 guests']","₹4,418 per night",Like a 3 Star,Room in an Apartment,| 1 Bedroom | Sleeps 6 guests,CoupleFriendly
Sapana Meadows by Nanu Resorts,Betalbatim,| 1-2 minutes walk from Calangute Beach,null,"['Swimming Pool', 'Barbeque']","₹3,794 per night",null,Entire Apartment,| 1 Bedroom | Sleeps 3 guests,CoupleFriendly
Bella Pensao,Bardez,| 1.2 km drive to Candolim Beach,4.3,"['Room in an Apartment', '| 1 Bedroom | Sleeps 4 guests']","₹1,698 per night",null,Beds in a Homestay,| Sleeps 4 guests,
Mariners Bay Resort,North Goa,| 2.2 km drive to Palolem Beach,3.9,"['Swimming Pool', 'Reception']","₹3,308 per night",null,null,null,Breakfastavailableatextracharges
Stone Wood Riverfront Resort,Siolim,| 2 minutes walk to Calangute Beach,3.9,"['Spa', 'Restaurant']","₹4,873 per night",null,null,null,CoupleFriendlyBreakfastIncluded15%DiscountonF&Bservices
LEMONMINT SVELTON MANOR GOA,Calangute,| About a minute walk to Candolim Beach,4.5,"['Beach club', 'Restaurant']","₹6,253 per night",null,null,null,CoupleFriendlyBreakfastavailableatextracharges
Larios Beach Holidays ( By the Beach ),Baga,| About a minute walk to Benaulim Beach,3.2,"['| 1 Bedroom | Sleeps 4 guests', 'Shared Swimming Pool']","₹5,019 per night",null,null,null,CoupleFriendlyFreeCancellationBook@₹0availableBreakfastavailableatextracharges
La Quinta Goa Service Apartments (Stay to Unwind),Arpora,| 1.9 km drive to Baga Beach,4.4,"['Shared Living Room', 'Swimming Pool']","₹4,933 per night",Like a 3 Star,Entire Apartment,| 1 Bedroom | Sleeps 5 guests,CoupleFriendly1BHKapartmentwithanen-suitebalcony&sharedlawn
Crystal Goa Emerald Edition | Rooms & Cafe,Palolem,| 2.0 km drive to Vagator Beach,4.1,"['Gym', 'Beds in a Hostel']","₹4,556 per night",null,Room in an Apartment,| 1 Bedroom | Sleeps 4 guests,CoupleFriendlyBreakfastIncluded
Shining Sand Beach Hotel,Calangute,null,4.2,"['| 2 Dorm Beds', 'Living Room']","₹8,336 per night",null,null,null,CoupleFriendlyBreakfastavailableatextrachargesEnjoyHappyHourswith25%Offoffer
RAAJ INN,Calangute Baga Road,| 4-5 minutes walk from Mandrem Beach,3.8,"['Lounge', 'Swimming Pool']","₹2,389 per night",null,Room in a Homestay,| 1 Bedroom | Sleeps 4 guests,"CoupleFriendlyHolidayhomefeaturingapool,nightclub&outdoorsports"
Valentines Retreat- Near Candolim Beach,Candolim,null,4.1,"['Indoor Games', 'Swimming Pool']","₹2,432 per night",null,null,null,CoupleFriendlyFreeCancellationBook@₹0availableBreakfastavailableatextracharges
Goan Imperial Holidays,Varca,| 2.1 km drive to Betalbatim Beach,2.9,"['Room in a Homestay', '| 1 Bedroom | Sleeps 5 guests']","₹4,295 per night",null,Entire Apartment,| 1 Bedroom | Sleeps 4 guests,"CoupleFriendlyTropicalhavenflauntingaswimmingpool,gym,BBQ&bonfire"
Suryakiran Porvorim | 2 BHK Apartment,Porvorim,null,5,"['Caretaker', 'Luggage Storage']","₹12,243 per night",Like a 3 Star,Entire Apartment,| 2 Bedrooms | Sleeps 8 guests,"CoupleFriendlyServicedapartmentwithbeachaccess,akitchen&caretaker"
Martins Crest,Palolem,null,4.3,"['Gym', 'Swimming Pool']","₹1,675 per night",null,null,null,CoupleFriendlyBreakfastavailableatextracharges
Resort De Alturas,Candolim,null,2.9,"['Beds in a Hostel', '| 2 Dorm Beds']","₹5,653 per night",null,null,null,CoupleFriendlyFreeCancellationBreakfastIncludedBook@₹0available
STAAR 4 BHK Luxury Private Pool Villa in Anjuna By Vio Stays,Vagator,| 3-4 minutes walk from Calangute Beach,null,"['Paid Parking', 'Air Conditioning']","₹31,040 per night",Like a 4 Star,Entire Villa,| 4 Bedrooms | Sleeps 16 guests,CoupleFriendly
LohooStays Silvio Villa A,Assagao,| About a minute walk to Baga Beach,null,"['Indoor Games', '| 1 Bedroom | Sleeps 4 guests']","₹27,987 per night",Like a 5 Star,Entire Villa,| 3 Bedrooms | Sleeps 12 guests,CoupleFriendlyBreakfastIncluded
Colonia Santa Maria,Baga,null,4.3,"['Swimming Pool', 'Reception']","₹7,054 per night",null,null,null,CoupleFriendlyFreeCancellationBreakfastIncludedBook@₹0available
Pacific Sunset View Palolem,Palolem,| 2.1 km drive to Palolem Beach,4.3,"['Room in a Homestay', '| 1 Bedroom | Sleeps 2 guests']","₹3,321 per night",null,Room in a Cottage,| 1 Bedroom | Sleeps 4 guests,CoupleFriendly
Northern Hillycrest Near Coco Beach,Nerul,| 2 minutes walk to Calangute Beach,4.5,"['Living Room', 'Bonfire']","₹2,500 per night",Like a 3 Star,Room in an Apartment,| 1 Bedroom | Sleeps 4 guests,CoupleFriendlyBreakfastavailableatextracharges
Dsilva Beach Cottage,Calangute,| 8 minutes walk to Calangute Beach,3.7,"['Kids Play Area', 'Room in an Apartment']","₹2,420 per night",Like a 3 Star,Room in a Cottage,| 1 Bedroom | Sleeps 4 guests,CoupleFriendlyBreakfastavailableatextracharges
Hibis Hotels and Resorts Ashvem,Ashwem Beach,| 9 minutes walk to Candolim Beach,3.8,"['| 1 Bedroom | Sleeps 3 guests', 'Swimming Pool']","₹2,776 per night",null,null,null,CoupleFriendlyBreakfastavailableatextracharges
The Windflower Beach Resort and Spa Goa,Varca Beach,Ends  in  18h:  05m:  05s,4.3,"['Reception', 'Room in an Apartment']","₹9,334 per night",null,null,null,"CoupleFriendlyBreakfastavailableatextrachargesRoomUpgrade,subjecttoavailability"
ATS -Arambol | Rooms & Restaurant,Arambol,| 1.7 km drive to Varca Beach,3.2,"['| 1 Bedroom | Sleeps 4 guests', 'Reception']","₹8,940 per night",null,Room in a Hostel,| 1 Bedroom | Sleeps 4 guests,"CoupleFriendlyHostelfeaturingadiningarea,indoorgames&seaviews"
Vila Goesa Beach Resort (A Beach Touching Property ),Calangute,null,3.2,"['Housekeeping', 'Living Room']","₹3,034 per night",null,null,null,CoupleFriendly
AMARA GRAND BAGA,Baga,| 9 minutes walk to Rajbag Beach,3.7,"['Restaurant', 'Gym']","₹4,642 per night",null,null,null,CoupleFriendlyBreakfastavailableatextrachargesComplimentaryHappyHoursisavailable
"Vivanta Goa, Miramar",Panjim,Ends  in  18h:  05m:  05s,4.6,"['Swimming Pool', 'Indoor Games']","₹16,999 per night",null,null,null,FreeCancellationBreakfastIncludedBook@₹0availableGetaTajGiftCardworthatleastINR500forF&B&Spa
The Eternal Wave,Calangute,| 4-5 minutes walk from Candolim Beach,3.4,"['Vehicle Rentals', 'Gym']","₹4,271 per night",null,Entire Apartment,| 1 Bedroom | Sleeps 4 guests,"CoupleFriendlyNearthebeach,poolaccess&large1BHKs"
SIA Signature Calangute,Calangute,| 2.8 km drive to Vagator Beach,3.9,"['Swimming Pool', 'Gym']","₹3,169 per night",null,null,null,CoupleFriendlyBreakfastavailableatextracharges15%DiscountonAirportTransfer
Shelter Guest House - Spacious AC Rooms with Wifi,Candolim,Ends  in  03h:  00m:  18s,4.4,"['Swimming Pool', 'Entire Apartment']","₹2,598 per night",null,Room in a Homestay,| 1 Bedroom | Sleeps 4 guests,CoupleFriendly
Hotel Satyaheera,Mapusa,| About a minute walk to Baga Beach,3.7,"['| 1 Bedroom | Sleeps 8 guests', 'Caretaker']","₹2,243 per night",null,null,null,CoupleFriendlyBreakfastavailableatextracharges
VAGATOR DOWNTOWN,Vagator,| 6 minutes walk to Palolem Beach,4,"['Housekeeping', 'Gym']","₹4,514 per night",null,null,null,CoupleFriendlyBreakfastavailableatextracharges
Om Shanti Patnem | Beach Cottages & Rooms,Palolem,null,4.4,"['Swimming Pool', 'Gym']","₹2,657 per night",Like a 3 Star,Room in a Cottage,| 1 Bedroom | Sleeps 4 guests,CoupleFriendly
Hotel Mateus,31st January Road,| About a minute walk to Calangute Beach,3.9,"['Swimming Pool', 'Swimming Pool']","₹8,850 per night",null,null,null,CoupleFriendlyFreeCancellationBook@₹0availableBreakfastavailableatextrachargesVibrantboutiquehotelinthecolourfulFontainhasquarter
janisha sea Beach cottage,Palolem,| About a minute walk to Ashwem Beach,4.3,"['Restaurant', 'Beds in a Hostel']","₹3,608 per night",null,Room in a Cottage,| 1 Bedroom | Sleeps 4 guests,CoupleFriendly
De lavender luxury Resort,Agonda,| 1-2 minutes walk from Varca Beach,2.8,"['| 2 Dorm Beds', 'Bonfire']","₹2,667 per night",null,Beds in a Homestay,| Sleeps 2 guests,"CoupleFriendlyHomestaynearthebeachofferingacaretaker,garden,spa&boatride"
Casa De Nirvana goa,Arambol Beach,null,3.6,"['Free Parking', 'null']","₹14,771 per night",null,Room in a Homestay,| 1 Bedroom | Sleeps 4 guests,CoupleFriendly
C9 Anjuna,Anjuna,| 3 minutes walk to Calangute Beach,4.8,"['Spa', 'Gym']","₹2,473 per night",null,Room in an Apartment,| 1 Bedroom | Sleeps 4 guests,CoupleFriendly
"De Garland, Palolem - AM Hotel Kollection",Palolem,| 10 minutes walk to Baga Beach,4.4,"['null', 'Room in a Cottage']","₹4,227 per night",null,null,null,FreeCancellationBook@₹0availableBreakfastavailableatextracharges
Deluxe Apartment Near Soccorro,Bardez,| 7 minutes walk to Miramar Beach,3.8,"['| 1 Bedroom | Sleeps 4 guests', 'Caretaker']","₹25,850 per night",null,Entire Apartment,| 2 Bedrooms | Sleeps 8 guests,CoupleFriendlyFreeCancellationBreakfastIncluded
"Echor Samara - A Boutique Hotel Morjim Goa (Beach 2 mins, Sea View Restaurant)",Morjim,| 4-5 minutes walk from Calangute Beach,3,"['Housekeeping', 'Swimming Pool']","₹4,882 per night",null,Room in a Homestay,| 1 Bedroom | Sleeps 4 guests,CoupleFriendlyBreakfastavailableatextracharges
Sanrit Hotel,Margao,| 4-5 minutes walk from Calangute Beach,2.4,"['Restaurant', 'Room in an Apartment']",₹799 per night,null,null,null,CoupleFriendly
Casa Tropicana,Dona Paula Beach,| 7 minutes walk to Candolim Beach,3.6,"['| 1 Bedroom | Sleeps 4 guests', 'Reception']","₹1,874 per night",null,null,null,CoupleFriendly
Vasco Residency,Vasco Da Gama,| 3 minutes walk to Mapusa Bus Stand,3.8,"['24-hour Security', 'Beds in a Hostel']","₹1,373 per night",null,null,null,CoupleFriendlyFreeCancellationBook@₹0available
Ciarans Beach Huts Palolem,Palolem,| 1.9 km drive to Vagator Beach,4.3,"['| 2 Dorm Beds', 'Living Room']","₹5,759 per night",Like a 3 Star,Room in a Beach Hut,| 1 Bedroom | Sleeps 4 guests,"CoupleFriendlyBeachsideholidayhomewitharestaurant,spa&verandahFreeF&BServices"
Chandrakant Heritage Cottage| Cosy Rooms,Baga,| 2.2 km drive to Palolem Beach,3.9,"['Barbeque', 'Swimming Pool']","₹3,427 per night",Like a 3 Star,Room in a Cottage,| 1 Bedroom | Sleeps 4 guests,"CoupleFriendlyHeritagehomeboastingaporch,lawn&beachview10%DiscountOnAirportTransfer"
Betelnut Inn,Calangute,| 7 minutes walk to Deltin Royale,3.9,"['Restaurant', 'Spa']","₹2,303 per night",null,null,null,CoupleFriendlyFreeCancellationBook@₹0availableBreakfastavailableatextracharges
Casa Amarela | Entire 4 BHK Villa,Povorim,| About a minute walk to Palolem Beach,5,"['Swimming Pool', 'Entire Apartment']","₹10,855 per night",Like a 4 Star,Entire Villa,| 4 Bedrooms | Sleeps 24 guests,CoupleFriendly
Solace Mandrem,North Goa,| 3-4 minutes walk from Agonda Beach,null,"['| 1 Bedroom | Sleeps 5 guests', 'Swimming Pool']","₹1,264 per night",null,Room in an Apartment,| 1 Bedroom | Sleeps 2 guests,Breakfastavailableatextracharges
Goa Staycation 1 BHK Pool Apartment,Arpora,| 2.8 km drive to Mandrem Beach,4.4,"['Reception', 'Beds in a Hostel']","₹3,023 per night",Like a 3 Star,Entire Apartment,| 1 Bedroom | Sleeps 4 guests,CoupleFriendly
Ria Residency,31st January Road,| 5 minutes walk to Anjuna Beach,3.5,"['| 2 Dorm Beds', 'Caretaker']","₹1,908 per night",null,null,null,CoupleFriendlyFreeCancellationBook@₹0available
Le Pension Stays | Marine Studios Villa,Candolim,| 1.3 km drive to Palolem Beach,3.4,"['Restaurant', '| 1 Bedroom | Sleeps 4 guests']","₹2,940 per night",Like a 3 Star,Room in a Villa,| 1 Bedroom | Sleeps 10 guests,"CoupleFriendlyLuxevillawithapool,trainedcaretaker&sharedkitchen"
Downtown Arambol Riverside Hostel,Arambol,null,4.6,"['Power Backup', 'Swimming Pool']","₹1,422 per night",null,Beds in a Hostel,| 2 Dorm Beds,CoupleFriendlyFreeCancellationBook@₹0available
Patnem Palolem Beach Apartment | Rooms & Pool,Palolem,| 4 minutes walk to Morjim Beach,4.3,"['Gym', 'Swimming Pool']","₹2,574 per night",null,Entire Apartment,| 1 Bedroom | Sleeps 4 guests,
Le Ciel - 4BHK Luxury Villa with Private Pool by Vio Stays,Vagator,Ends  in  03h:  00m:  22s,4.4,"['Restaurant', 'null']","₹31,040 per night",Like a 4 Star,Entire Villa,| 4 Bedrooms | Sleeps 16 guests,"CoupleFriendly4BHKpoolvillawithaspaciouslounge,terrace&lawn"
Lee Rose Guest House,Arambol Beach,null,5,"['Entire Villa', '| 4 Bedrooms | Sleeps 16 guests']","₹1,219 per night",null,Room in an Apartment,| 1 Bedroom | Sleeps 4 guests,
Lotusfeet Cottages,Morjim,| 5 minutes walk to Dona Paula View Point,4,"['Private Swimming Pool', 'Private Kitchen']","₹2,793 per night",null,null,null,CoupleFriendlyFreeCancellationBook@₹0availableBreakfastavailableatextracharges
Candolim Glitter Sand Apartments,Candolim,| 7.8 km drive to Goa International Airport,4.6,"['Swimming Pool', 'Kids Play Area']","₹1,430 per night",null,Room in an Apartment,| 1 Bedroom | Sleeps 4 guests,"CoupleFriendlyRoomsinanapartmentwithacaretaker,livingroom&beachaccess"
Coco Hostel Palolem,Palolem,| About a minute walk to Palolem Beach,3.7,"['Room in an Apartment', '| 1 Bedroom | Sleeps 4 guests']","₹1,298 per night",null,Beds in a Hostel,| 2 Dorm Beds,"CoupleFriendlyTranquilhostelwitharestaurant,parking&indoorgames"
Anamiva Goa - AM Hotel Kollection,Anjuna,| 7 minutes walk to Baga Beach,4.3,"['Swimming Pool', 'Reception']","₹4,923 per night",null,null,null,CoupleFriendlyBreakfastavailableatextracharges15%offonsessionofSpa
SANDALWOOD HOTEL & SUITES,Panjim,| 1.3 km drive to Calangute Beach,3.6,"['Swimming Pool', 'Restaurant']","₹4,357 per night",null,null,null,CoupleFriendlyBreakfastavailableatextracharges
The Banyan Soul,Anjuna,null,4,"['Rooms in an Apartment', '| 2 Bedrooms | Sleeps 4 guests']","₹2,594 per night",null,Room in a Homestay,| 1 Bedroom | Sleeps 4 guests,"CoupleFriendlyHomestayfeaturingalawn,sit-outs&swing-set"
Star Home 1,Anjuna,| 3 minutes walk to Mandrem Beach,2,"['Caretaker', 'Housekeeping']","₹4,505 per night",null,Entire Apartment,| Sleeps 3 guests,
Hotel O Muktesh Chandra,Bardez,null,4,"['Room in an Apartment', '| 1 Bedroom | Sleeps 4 guests']","₹2,106 per night",null,Entire Homestay,| 1 Bedroom | Sleeps 3 guests,CoupleFriendlyFreeCancellationBook@₹0availableGreatValuewithSpaciousRoomsandQuickCheck-In
North 39,North Goa,| 1.4 km drive to Deltin Royale,3.8,"['Swimming Pool', 'Caretaker']","₹1,844 per night",null,null,null,CoupleFriendlyFreeCancellationBook@₹0available
Athome Comforts,Panjim,| 5 minutes walk to Candolim Beach,4.4,"['Swimming Pool', 'Caretaker']","₹6,123 per night",null,null,null,CoupleFriendlyBreakfastavailableatextracharges
Emperor Ozran by Alaya Stays,Vagator,| 1.4 km drive to Mandrem Beach,4,"['| 1 Bedroom | Sleeps 4 guests', 'Caretaker']","₹5,493 per night",Like a 4 Star,Room in a Villa,| 1 Bedroom | Sleeps 4 guests,CoupleFriendlyBreakfastavailableatextracharges
Sandbanks Beach Resort,Arambol Beach,| 2.4 km drive to Palolem Beach,3.9,"['Lawn', 'Spa']","₹3,914 per night",null,null,null,CoupleFriendly
LUISA APPARTMENT AND VILLAS NEAR TO BEACH,Cavelossim,| 2.8 km drive to Vagator Beach,3.5,"['Restaurant', 'Spa']","₹3,324 per night",Like a 3 Star,Room in an Apartment,| 1 Bedroom | Sleeps 3 guests,"Beachfrontvillaofferingaswimmingpool,lawn&lounge"
Hotel My Soulmate - Palolem Beach,Palolem,null,4.2,"['Swimming Pool', 'Beds in a Hostel']","₹3,548 per night",null,null,null,CoupleFriendlyFreeCancellationBook@₹0availableBreakfastavailableatextracharges
City Stay Goa,Margao,| 3 minutes walk to Morjim Beach,4,"['| 2 Dorm Beds', 'Kitchenette']","₹1,562 per night",null,Beds in a Hostel,| 2 Dorm Beds,CoupleFriendly
Super Collection O Holy Cross Home Stays,Panjim,| 6 minutes walk to Candolim Beach,4.3,"['Living Room', 'Room in a Cottage']","₹3,420 per night",null,null,null,CoupleFriendlyFreeCancellationBook@₹0availableDistributedbyOYO
Shangrila by Craftels,Majorda,| About a minute walk to Palolem Beach,4.1,"['| 1 Bedroom | Sleeps 4 guests', 'Housekeeping']","₹1,367 per night",null,Room in a Homestay,| 1 Bedroom | Sleeps 4 guests,"CoupleFriendlyHomestayfeaturingadiningarea,balcony&parking"
Pitruchaya- Ocean View Huts - by Vyom Trails.,Arambol,| 2.6 km drive to Anjuna Beach,3.9,"['Free Wi-Fi', 'Room in a Cottage']","₹1,583 per night",null,Room in a Beach Hut,| 1 Bedroom | Sleeps 4 guests,CoupleFriendly
Praia Da Oura,Majorda Beach,Ends  in  18h:  05m:  14s,4.1,"['| 1 Bedroom | Sleeps 4 guests', 'Caretaker']","₹9,439 per night",null,null,null,CoupleFriendlyFreeCancellationBreakfastIncludedBook@₹0available
D D Villa,North Goa,| 3 minutes walk to Vainguinim Beach,3.3,"['Housekeeping', 'Swimming Pool']","₹4,159 per night",null,Room in a Villa,| 1 Bedroom | Sleeps 4 guests,"CoupleFriendlyRoomsinavillaamidstgreenerywithapool,livingroom&Wi-Fi"
Royal Agonda|Beachside Villa & Restaurant,Agonda,| 3-4 minutes walk from Anjuna Beach,4.5,"['Water Sports', 'Room in an Apartment']","₹7,808 per night",Like a 3 Star,Room in a Cottage,| 1 Bedroom | Sleeps 4 guests,CoupleFriendlyPet-friendlyroomswithabar&beachaccess
De Mandarin Beach Resort Suites & Villas,Candolim,| 8 minutes walk to Anjuna Beach,4.5,"['| 1 Bedroom | Sleeps 5 guests', 'Housekeeping']","₹8,128 per night",null,null,null,"CoupleFriendlyBreakfastIncludedQuaintvillawithapool,lawn&restaurant"
Monteiro Apartments,Candolim,null,4.1,"['Restaurant', 'Gym']","₹1,929 per night",null,Entire Apartment,| 1 Bedroom | Sleeps 4 guests,"CoupleFriendlyEntireapartmentwithalivingroom,powerbackup&parking"
Shaan Coco Palms Beach Resort Morjim,Morjim,| 9 minutes walk to Mandrem Beach,4.1,"['Swimming Pool', '| 3 Bedrooms | Sleeps 12 guests']","₹5,932 per night",null,null,null,CoupleFriendlyBreakfastavailableatextracharges
The Golden Nest Deluxe  Boutique Resort,Calangute,| 2.1 km drive to Miramar Beach,4,"['Private Swimming Pool', 'Caretaker']","₹1,879 per night",null,Room in an Apartment,| 1 Bedroom | Sleeps 3 guests,
Hotel Rajeshwar,Mandrem Beach,| 1.1 km drive to Vagator Beach,3.6,"['Swimming Pool', 'Gym']",₹969 per night,null,null,null,CoupleFriendlyFreeCancellationBook@₹0available
Bon Voyage Sea View Hostel,Siolim,null,3.6,"['Swimming Pool', 'Indoor Games']",₹978 per night,null,Beds in a Hostel,| 2 Bedrooms | Sleeps 2 guests,
"The Postcard Hideaway, Netravali, Goa",South Goa,| About a minute walk to Cavelossim Beach,4.6,"['Private Beach', 'Restaurant']","₹31,750 per night",null,null,null,"CoupleFriendlyBreakfastIncludedEnjoyfreeextendedbreakfasthours,minibar&signaturedrinksonarrival"
Reemz Perola Do Mar  Candolim,Candolim,| 3 minutes walk to Palolem Beach,4.1,"['| 1 Bedroom | Sleeps 4 guests', 'Reception']","₹1,524 per night",null,Room in an Apartment,| 1 Bedroom | Sleeps 3 guests,FreeCancellationBook@₹0availableBreakfastavailableatextracharges
Arabian Sea Beach Resort.,Morjim,null,3.2,"['Housekeeping', 'Room in a Cottage']","₹2,672 per night",null,null,null,CoupleFriendlyFreeCancellationBook@₹0availableBreakfastavailableatextracharges
Constantina Beach Huts,Agonda,| 2.7 km drive to Bambolim Beach,3.4,"['| 1 Bedroom | Sleeps 4 guests', 'Caretaker']","₹3,026 per night",Like a 3 Star,Room in a Beach Hut,| 1 Bedroom | Sleeps 4 guests,CoupleFriendly
Valletta Beachside,Morjim,| 7 minutes walk to Majorda Beach,3.4,"['Housekeeping', 'Beach club']","₹3,927 per night",null,null,null,CoupleFriendlyBreakfastavailableatextracharges
Ariena By Spree Hotels Goa,Morjim,null,4.1,"['Restaurant', 'Entire Apartment']","₹3,436 per night",null,null,null,CoupleFriendlyBreakfastavailableatextracharges
Dom's Inn,Calangute,| 2 minutes walk to Majorda Beach,4.6,"['| 2 Bedrooms | Sleeps 8 guests', 'Shared Swimming Pool']","₹1,897 per night",null,null,null,CoupleFriendlyFreeCancellationBook@₹0available
Tom's Imperial at Calangute,Calangute,null,3.1,"['Caretaker', 'Room in a Homestay']","₹1,180 per night",null,Room in a Homestay,| 1 Bedroom | Sleeps 5 guests,"Homestayfeaturingaterrace,spa&in-houserestaurant"
Bogmallo Beach Resort,Bogmalo Beach,| About a minute walk to Agonda Beach,4.1,"['| 1 Bedroom | Sleeps 4 guests', 'Kitchenette']","₹13,781 per night",null,null,null,CoupleFriendlyBreakfastavailableatextrachargesTropicalescapewithbeachfrontdining&apoolsidebar
Alvorada Resort,Arpora,| 6 minutes walk to Candolim Beach,3.9,"['Living Room', 'Restaurant']","₹2,984 per night",null,null,null,CoupleFriendlyFreeCancellationBreakfastIncludedBook@₹0availablePayAtHotel
Arooba Residency Calangute,Calangute Baga Road,| 8 minutes walk to Candolim Beach,5,"['Gym', 'Swimming Pool']","₹2,941 per night",null,Room in an Apartment,| 1 Bedroom | Sleeps 6 guests,
THALASSA VILLAS,Vagator,| About a minute walk to Morjim Beach,4.1,"['Room in an Apartment', '| 1 Bedroom | Sleeps 4 guests']","₹30,848 per night",null,Entire Villa,| 1 Bedroom | Sleeps 4 guests,
1BHK Apartment at Beiramar Baga by Rightstay,Baga,| 9 minutes walk to Calangute Beach,null,"['Reception', 'Housekeeping']","₹4,272 per night",null,Entire Apartment,| 1 Bedroom | Sleeps 4 guests,CoupleFriendly
JR High Sky Resort,Morjim,| 2 minutes walk to Mandrem Beach,4.4,"['Room in an Apartment', '| 1 Bedroom | Sleeps 4 guests']","₹7,028 per night",null,null,null,CoupleFriendlyFreeCancellationBook@₹0availableBreakfastavailableatextracharges
Pandav City Hotel,Margao,| 2.7 km drive to Vagator Beach,4.1,"['Reception', '24-hour Security']","₹1,822 per night",null,null,null,CoupleFriendly
LaRiSa Beach Resort,Morjim,null,4.2,"['null', 'Spa']","₹13,753 per night",null,null,null,CoupleFriendlyBreakfastIncluded10%DiscountonF&Bservices
Hotel La Flamingo,Calangute,| 5 minutes walk to Candolim Beach,3.1,"['Swimming Pool', 'Room in a Homestay']","₹1,453 per night",null,null,null,CoupleFriendlyBreakfastavailableatextracharges
Hotel Candolim Aloft,Candolim,| 2 minutes walk to Morjim Beach,4.4,"['| 1 Bedroom | Sleeps 8 guests', 'Kitchenette']","₹2,184 per night",null,Room in a Homestay,| 1 Bedroom | Sleeps 4 guests,CoupleFriendly
Sea Breeze Sarovar Portico Varca Goa,South Goa,| 3 minutes walk to Agonda Beach,4.3,"['Parking', '| 1 Bedroom | Sleeps 4 guests']","₹4,049 per night",null,null,null,FreeCancellationBook@₹0availableBreakfastavailableatextrachargesStylishretreatfeaturingapool&akidsactivityarea
Riversong Bliss Hostel and Rooms,Canacona,| About a minute walk to Morjim Beach,3,"['Shared Living Room', 'Lounge']",₹644 per night,null,Rooms in a Hostel,| 2 Bedrooms | Sleeps 4 guests,
Seaesta Beach Cottages and Suites,Arambol,| 6 minutes walk to Morjim Beach,3.5,"['| 1 Bedroom | Sleeps 4 guests', 'Reception']","₹2,456 per night",null,Room in a Cottage,| 1 Bedroom | Sleeps 4 guests,"CoupleFriendlyFreeCancellationBook@₹0availableBreakfastavailableatextrachargesRoomsinahomestaywithacaretaker,powerbackup&beachaccess"
Hotel Pleasure Inn near Turtle Beach- Morjim,Morjim,| 5 minutes walk to Calangute Beach,4,"['Housekeeping', 'Restaurant']","₹1,803 per night",null,null,null,"CoupleFriendlyFreeCancellationBook@₹0available10%DiscountOnRoomUpgrade,SubjecttoAvailability"
Franks Guest House,Baga,| 10 minutes walk to Calangute Beach,5,"['24-hour Room Service', 'Beds in a Hostel']","₹9,489 per night",null,Room in a Homestay,| 1 Bedroom | Sleeps 4 guests,
Lar de Oliveira by SJ Hospitality,Porvorim,| About a minute walk to Bogmalo Beach,4.4,"['| 2 Dorm Beds', 'Swimming Pool']","₹2,312 per night",null,Room in an Apartment,| 1 Bedroom | Sleeps 4 guests,"CoupleFriendlyBreakfastavailableatextrachargesApartmentwithapool,restaurant&parking"
The Regalia Resort Goa,Ashwem Beach,| 2.0 km drive to Baga Beach,4.1,"['Living Room', '| 1 Bedroom | Sleeps 3 guests']","₹6,053 per night",null,null,null,CoupleFriendlyBreakfastIncluded
DDHYANA,Panjim,| 10 minutes walk to Calangute Beach,4,"['Reception', 'Housekeeping']","₹4,975 per night",null,null,null,CoupleFriendlyFreeCancellationBreakfastIncludedBook@₹0available
Baga Fantacia Beach Inn,Baga,Ends  in  03h:  00m:  35s,3.6,"['Room in a Homestay', '| 1 Bedroom | Sleeps 4 guests']","₹4,734 per night",null,null,null,Breakfastavailableatextracharges
Hotel Karishma Grand,Calangute,| 10 minutes walk to Vagator Beach,3.5,"['Caretaker', 'Luggage Storage']","₹3,757 per night",null,null,null,CoupleFriendlyBreakfastavailableatextracharges10%DiscountOnF&BServices
This is it Beachfront - Rooms & Huts,Arambol Beach,| 6 minutes walk to Baga Beach,3.7,"['Entire Apartment', '| 1 Bedroom | Sleeps 4 guests']","₹6,085 per night",null,Room in a Beach Hut,| 1 Bedroom | Sleeps 2 guests,CoupleFriendlyBreakfastavailableatextracharges
CRESCENT RESORT,Morjim,| 10 minutes walk to Morjim Beach,3.8,"['Reception', 'Housekeeping']","₹7,090 per night",null,null,null,CoupleFriendlyBreakfastIncluded15%DiscountOnF&BServices
Sea Queen Beach Resort and Spa,Colva Beach,null,4.5,"['| 2 Bedrooms | Sleeps 8 guests', 'Housekeeping']","₹9,442 per night",null,null,null,CoupleFriendlyBreakfastavailableatextracharges
La Gracia Resort,Morjim,| About a minute walk to Morjim Beach,3.7,"['Caretaker', '24-hour Room Service']","₹1,977 per night",null,null,null,CoupleFriendlyFreeCancellationBook@₹0availableBreakfastavailableatextracharges
Castaad Kitchen and Stay,Canacona,| 1.4 km drive to Calangute Beach,2.3,"['Lounge', 'Swimming Pool']","₹1,214 per night",null,Room in a Homestay,| 1 Bedroom | Sleeps 4 guests,CoupleFriendly
FabHotel Casa Kiara With Pool Side Bar - Nr. Calangute Beach,Calangute,| 5 minutes walk to Candolim Beach,4.1,"['Restaurant', 'Gym']","₹3,436 per night",null,null,null,CoupleFriendlyFreeCancellationBook@₹0availablePayAtHotelBreakfastavailableatextracharges
The Peace Hostel Arambol,Arambol,| 1.7 km drive to Varca Beach,4.3,"['Swimming Pool', 'Room in a Cottage']","₹1,435 per night",Like a 3 Star,Beds in a Hostel,| 2 Dorm Beds,
Couple Palace A Beautiful 1 BHK Near Club Cabana,Arpora,null,3.8,"['| 1 Bedroom | Sleeps 4 guests', 'Free Wi-Fi']","₹2,988 per night",null,Entire Apartment,| 1 Bedroom | Sleeps 4 guests,CoupleFriendly
Trippy Spot By Trip String,Vagator,| 1.4 km drive to Mandrem Beach,3.3,"['Restaurant', 'Indoor Games']",₹905 per night,null,Beds in a Hostel,| 2 Dorm Beds,"CoupleFriendlyPet-friendlyhostelfeaturingacafe,caretaker&terracelounge"
The Menino Regency,Panjim,| 1.4 km drive to Morjim Beach,3.4,"['Paid Parking', 'Power Backup']","₹1,453 per night",null,null,null,CoupleFriendlyFreeCancellationBook@₹0availableBreakfastavailableatextracharges
Cosmique Clarks Inn Suites Goa,Margao,| About a minute walk to Baga Beach,4.1,"['Swimming Pool', 'Room in a Cottage']","₹2,847 per night",null,null,null,CoupleFriendly
Anjuna Pebbles,Anjuna,null,3,"['| 1 Bedroom | Sleeps 4 guests', 'Free Wi-Fi']","₹2,079 per night",null,null,null,CoupleFriendlyFreeCancellationBook@₹0available
The Camelot Beach Resort,Baga,| About a minute walk to Ashwem Beach,3.4,"['Restaurant', 'Spa']","₹2,654 per night",null,null,null,Breakfastavailableatextracharges
TreeHouse Blue Hotel & Villas,Colva,| 2.3 km drive to Deltin Royale,4.5,"['Water Sports', 'Room in a Villa']","₹13,768 per night",Like a 4 Star,Entire Villa,| 3 Bedrooms | Sleeps 12 guests,CoupleFriendlyBreakfastIncludedPetFriendlySpaciousVillas
Shivers Oasis Luxury Rooms,Candolim,| About a minute walk to Baga Beach,3.5,"['| 1 Bedroom | Sleeps 4 guests', 'Caretaker']","₹4,059 per night",Like a 3 Star,Room in a Homestay,| 1 Bedroom | Sleeps 5 guests,CoupleFriendlyBreakfastIncluded
Jungle Book,Colem VP,| 3-4 minutes walk from Calangute Beach,3.1,"['Luggage Storage', 'Gym']","₹1,672 per night",null,Room in a Cottage,| 1 Bedroom | Sleeps 4 guests,CoupleFriendly
Sonikas,Candolim,null,4,"['Swimming Pool', 'Gym']","₹3,419 per night",null,null,null,CoupleFriendlyFreeCancellationBook@₹0availableBreakfastavailableatextracharges
Super Hotel O 4 Pillar's Near Immaculate Conception Church,Panjim,| 9 minutes walk to Morjim Beach,3.5,"['Swimming Pool', 'Gym']","₹2,990 per night",null,null,null,CoupleFriendlyFreeCancellationBook@₹0availableDistributedbyOYO
Casablanca Beach Resort,Candolim,| About a minute walk to Colva Beach,3.5,"['Swimming Pool', '| 2 Dorm Beds']","₹4,457 per night",null,null,null,CoupleFriendlyBreakfastavailableatextracharges
River Front Hostel at Morjim,Morjim,| 5 minutes walk to Morjim Beach,4.8,"['Seating Area', 'Beach']","₹1,339 per night",null,Beds in a Hostel,| 2 Dorm Beds,CoupleFriendly
Salotel- Near Mae De Deus Chruch,Bardez,| 2.5 km drive to Palolem Beach,4.7,"['Swimming Pool', 'Water Sports']","₹2,878 per night",null,Room in an Apartment,| 1 Bedroom | Sleeps 3 guests,CoupleFriendlyBreakfastavailableatextracharges
DONA PAULA CLASSIC HOTEL,Panjim,| 1.4 km drive to Calangute Beach,3.9,"['| 1 Bedroom | Sleeps 6 guests', 'Reception']","₹2,320 per night",null,null,null,CoupleFriendlyBreakfastavailableatextracharges
Avana Rooms in Ashvem,Ashwem Beach,| 2.3 km drive to Mandrem Beach,5,"['Housekeeping', 'Entire Apartment']","₹1,138 per night",null,Room in an Apartment,| 1 Bedroom | Sleeps 4 guests,CoupleFriendly
Blu Resorts,Vagator,| 2.6 km drive to Baga Beach,4,"['| 1 Bedroom | Sleeps 3 guests', 'Reception']","₹7,362 per night",null,null,null,CoupleFriendlyFreeCancellationBook@₹0availableBreakfastavailableatextracharges15%offonFood&Beverages
Alor Holiday Resort,Calangute,| 1.5 km drive to Vagator Beach,3.6,"['Housekeeping', '| Sleeps 4 guests']","₹2,785 per night",null,null,null,CoupleFriendlyBreakfastavailableatextracharges
Octave Rococco Morjim,Morjim,| 4 minutes walk to Deltin Royale,4.3,"['Caretaker', 'Parking']","₹2,465 per night",null,null,null,CoupleFriendlyFreeCancellationBook@₹0available
Hotel Linda by Dia Hotels,Baga,null,3.3,"['Kids Play Area', 'Restaurant']","₹1,773 per night",null,null,null,CoupleFriendlyBreakfastavailableatextracharges
Half,Calangute,| 7 minutes walk to Anjuna Beach,4.5,"['Gym', 'Swimming Pool']","₹4,403 per night",null,Room in an Apartment,| 1 Bedroom | Sleeps 3 guests,"CoupleFriendlyBreakfastIncludedExquisitestayboastingapool,lawn,terrace&beachview"
Marquitos Guest House,31st January Road,| 9 minutes walk to Calangute Beach,2.8,"['Swimming Pool', 'Water Sports']","₹3,555 per night",null,null,null,CoupleFriendlyFreeCancellationBreakfastIncludedBook@₹0available
Small Daddy Plus Calangute,Calangute,| 7 minutes walk to Colva Beach,4.3,"['| 1 Bedroom | Sleeps 5 guests', 'Reception']","₹2,134 per night",null,Room in an Apartment,| 1 Bedroom | Sleeps 3 guests,CoupleFriendly
Asta By Avim Arpora,Arpora,| 4-5 minutes walk from Sinquerium Beach,5,"['Housekeeping', 'Room in an Apartment']","₹3,277 per night",null,Room in an Apartment,| 1 Bedroom | Sleeps 3 guests,CoupleFriendly
Adara Prime,Morjim,null,4.3,"['| 1 Bedroom | Sleeps 4 guests', 'Reception']","₹2,275 per night",null,null,null,CoupleFriendlyFreeCancellationBook@₹0available
Saikunj Holiday Homes | Entire Apartment,Candolim,| 8 minutes walk to Candolim Beach,4.3,"['Housekeeping', 'Swimming Pool']","₹2,722 per night",null,Entire Apartment,| 1 Bedroom | Sleeps 3 guests,"CoupleFriendlyEntireapartmentnearthebeachfeaturingasit-out,garden&Wi-Fi"
De Falcon Goa Beach Resorts,Candolim,| 2.2 km drive to Deltin Royale,3.3,"['Water Sports', 'Room in a Homestay']","₹3,558 per night",null,null,null,CoupleFriendlyBreakfastavailableatextracharges
Lar Amorosa - Portuguese Stay in Goa,Bardez,| 2 minutes walk to Candolim Beach,4.4,"['| 1 Bedroom | Sleeps 4 guests', 'Swimming Pool']","₹3,459 per night",Like a 3 Star,Room in a Homestay,| 1 Bedroom | Sleeps 2 guests,CoupleFriendlyBreakfastavailableatextracharges
"Ginger Goa, Dona Paula",Panjim,| 7 minutes walk to Morjim Beach,3.9,"['Caretaker', 'Swimming Pool']","₹7,649 per night",null,null,null,CoupleFriendlyFreeCancellationBook@₹0availableBreakfastavailableatextracharges
"ama Stays & Trails | Villa Siolim, Goa",Siolim,null,4.6,"['Restaurant', 'Entire Apartment']","₹93,769 per night",Like a 5 Star,Entire Villa,| 5 Bedrooms | Sleeps 20 guests,"BreakfastIncludedManagedbyTajHolidayVillageResort&Spa,Goa"
Hotel Shaurya,Panjim,| 4 minutes walk to Dona Paula Beach,2.1,"['| 1 Bedroom | Sleeps 4 guests', 'Reception']","₹3,327 per night",null,null,null,CoupleFriendly
Hostel Days The Smart Dormitory,Panjim,| 3 minutes walk to Ashwem Beach,3.6,"['Housekeeping', '| 2 Bedrooms | Sleeps 8 guests']","₹1,117 per night",null,Beds in a Homestay,| Sleeps 2 guests,CoupleFriendly
La Casita Villas (Near Anjuna Beach & Shiva Valley),Anjuna,| 2.3 km drive to Vagator Beach,4.2,"['Housekeeping', 'Caretaker']","₹7,358 per night",null,Room in a Villa,| 1 Bedroom | Sleeps 3 guests,CoupleFriendlyBreakfastavailableatextracharges
Sunrise Apartment-1 BHK Apartment,Calangute,| 3-4 minutes walk from Calangute Beach,4.8,"['Swimming Pool', 'Restaurant']","₹16,043 per night",null,Entire Apartment,| 1 Bedroom | Sleeps 4 guests,CoupleFriendly
U.R.D.Ki - You are the Key,Anjuna,| 4 minutes walk to Morjim Beach,4.4,"['Swimming Pool', 'Jacuzzi']","₹4,266 per night",Like a 3 Star,Beds in a Hostel,| 2 Dorm Beds,"CoupleFriendlyHostelfeaturinganin-housecafe,verandah&indoorgames"
Jungle by sturmfrei Vagator,Vagator,| 7 minutes walk to Baga Beach,4.2,"['Entire Villa', '| 4 Bedrooms | Sleeps 16 guests']","₹1,638 per night",null,Beds in a Hostel,| 2 Dorm Beds,"Privateroomsinahostelfeaturingacafe,lounge&outdooractivities"
Devasthali - The Valley Of Gods,Mormugao,| 1.6 km drive to Candolim Beach,3.7,"['Private Swimming Pool', 'Caretaker']","₹4,363 per night",null,null,null,CoupleFriendly
Oceano,Arambol Beach,| 9 minutes walk to Deltin Royale,3.3,"['| 3 Bedrooms | Sleeps 12 guests', 'Private Swimming Pool']","₹5,099 per night",null,null,null,CoupleFriendlyFreeCancellationBook@₹0availableBreakfastavailableatextracharges
MANDREM RETREAT BEACH RESORT,Mandrem Beach,| 2 minutes walk to Calangute Beach,4.3,"['Shared Kitchen', 'Spa']","₹1,793 per night",null,null,null,CoupleFriendly
"FabHotel K7 Trends With Pool, Baga Beach - Nr. Baga Beach",Calangute,| 2.0 km drive to Baga Beach,3.9,"['Swimming Pool', 'Room in a Cottage']","₹3,548 per night",null,null,null,CoupleFriendlyFreeCancellationBook@₹0availableBreakfastavailableatextrachargesEnjoyproximitytoFatFishSeafoodRestaurantandtheheartofNorthGoa.
HOTEL CENTRO,Calangute,Ends  in  03h:  00m:  49s,4.4,"['| 1 Bedroom | Sleeps 4 guests', 'Caretaker']","₹3,438 per night",null,null,null,CoupleFriendlyBreakfastavailableatextracharges
The Golden Rice Cottage,Candolim,| 4-5 minutes walk from Morjim Beach,1.8,"['Housekeeping', '| 1 Bedroom | Sleeps 4 guests']","₹1,920 per night",null,Room in a Cottage,| 1 Bedroom | Sleeps 6 guests,
Wigwam Goa Apartments,North Goa,| 4-5 minutes walk from Candolim Beach,4.3,"['Reception', 'Caretaker']","₹2,919 per night",Like a 3 Star,Room in an Apartment,| 1 Bedroom | Sleeps 2 guests,CoupleFriendly
ROYAL PALM RESORT Private 1BHK Apartment,Benaulim,| 5 minutes walk to Candolim Beach,2.8,"['Room in a Cottage', '| 1 Bedroom | Sleeps 4 guests']","₹3,750 per night",null,Entire Apartment,| 1 Bedroom | Sleeps 4 guests,"CoupleFriendlyServicedapartmentfeaturingapool,kitchenette&caretaker"
Assagao Grande,Assagao,null,3.8,"['Lounge', 'Lawn']","₹2,108 per night",null,null,null,CoupleFriendlyFreeCancellationBook@₹0availableBreakfastavailableatextracharges
De Lagom Comforts,Anjuna,| 4-5 minutes walk from Miramar Beach,3.6,"['Swimming Pool', 'Kids Play Area']","₹3,075 per night",null,null,null,CoupleFriendlyBreakfastavailableatextracharges
Pause By The Sea,Morjim,null,4.8,"['Gym', 'Swimming Pool']","₹10,088 per night",Like a 5 Star,Room in a Cottage,| 1 Bedroom | Sleeps 4 guests,"CoupleFriendlyBreakfastIncludedBeachsidehomestayfeaturingapool,restaurant&freeWi-Fi"
Heritage Village Resort & Spa Goa,Arossim Beach,null,4.6,"['| 1 Bedroom | Sleeps 4 guests', 'Living Room']","₹12,999 per night",null,null,null,CoupleFriendlyBreakfastIncludedGet15%offonfood&drinksplusafreeTukTukridetothebeach15%offonsessionofSpa
Silver Sands Sunshine - Angaara,Candolim,| 6 minutes walk to Deltin Royale,3.8,"['Bonfire', 'Private Beach']","₹3,437 per night",null,null,null,CoupleFriendlyBreakfastavailableatextracharges
Laliguras Villa| Rooms & Restaurant,Candolim,| 8 minutes walk to Anjuna Beach,4.3,"['Swimming Pool', 'Spa']","₹2,359 per night",Like a 3 Star,Room in a Villa,| 1 Bedroom | Sleeps 4 guests,BreakfastIncluded
Resort The Lohias Candolim Goa,Candolim,| 1.8 km drive to Calangute Beach,3.9,"['Swimming Pool', 'Swimming Pool']","₹5,276 per night",null,null,null,CoupleFriendlyFreeCancellationBook@₹0availableBreakfastavailableatextracharges
THE BAGA VILLAGE IN BAGA,Baga,| 8 minutes walk to Anjuna Beach,2.9,"['Gym', 'Entire Apartment']","₹1,516 per night",null,Room in an Apartment,| 1 Bedroom | Sleeps 3 guests,CoupleFriendly
Kaabo Hostel,Vagator,| 10 minutes walk to Vagator Beach,4.2,"['| 1 Bedroom | Sleeps 4 guests', 'Reception']","₹2,404 per night",null,null,null,CoupleFriendlyFreeCancellationBook@₹0available
Montego Bay Beach Village,Morjim,| 6.1 km drive to Goa International Airport,3.9,"['Caretaker', 'Swimming Pool']","₹22,469 per night",null,null,null,CoupleFriendlyFreeCancellationBreakfastIncludedBook@₹0available
Tata Rio De Goa | 1 BHK Apartment in Dabolim,Mormugao,| 2.8 km drive to Mandrem Beach,3.9,"['Restaurant', 'Room in a Homestay']","₹3,608 per night",null,Entire Apartment,| 1 Bedroom | Sleeps 4 guests,
Hotel Surya Palace,South Goa,| 3 minutes walk to Mandrem Beach,3.8,"['| 1 Bedroom | Sleeps 4 guests', 'Caretaker']","₹1,831 per night",null,null,null,FreeCancellationBook@₹0available
SM Arpora Holiday Home,Arpora,| 1.4 km drive to Calangute Beach,1,"['Shared Parking', 'Restaurant']","₹8,721 per night",null,Rooms in a Homestay,| 2 Bedrooms | Sleeps 4 guests,CoupleFriendlyFreeCancellationBook@₹0available
Hotel Baga Grande,Baga,| 10 minutes walk to Calangute Beach,4.1,"['Bar', 'Swimming Pool']","₹1,855 per night",null,null,null,CoupleFriendlyBreakfastavailableatextracharges
MITRA HOSTEL  VAGATOR BEACH ROAD,Vagator,| 5 minutes walk to Candolim Beach,4.1,"['Water Sports', 'Room in a Cottage']","₹1,142 per night",null,Beds in a Hostel,| 2 Dorm Beds,"Hostelfeaturingarestaurant,indoorgames&guidedtreks"
Honeydew Suites and villas by Goaround @Vagator.,Vagator,| 2.4 km drive to Mandrem Beach,4,"['| 1 Bedroom | Sleeps 4 guests', 'Housekeeping']","₹2,000 per night",null,Room in a Villa,| 1 Bedroom | Sleeps 4 guests,"CoupleFriendlyExpansiveretreatfeaturingapool,restaurant&aterrace"
Ultimate Stay,Calangute,| 4-5 minutes walk from Benaulim Beach,4.5,"['Free Wi-Fi', 'Jacuzzi']","₹2,276 per night",null,null,null,CoupleFriendly
Hotel Menino,Ponda,null,3.4,"['Water Sports', 'Room in a Cottage']","₹1,756 per night",null,null,null,CoupleFriendlyFreeCancellationBreakfastIncludedBook@₹0available
Hotel 7 Seas Vagator,Vagator,| 2.6 km drive to Anjuna Beach,4,"['| 1 Bedroom | Sleeps 4 guests', 'Wi-Fi']","₹5,808 per night",null,null,null,CoupleFriendlyBreakfastavailableatextracharges
Bonsaiyog Homestay,Vagator,| 2 minutes walk to Morjim Beach,4.5,"['Cafe', 'Beds in a Homestay']","₹2,625 per night",Like a 3 Star,Room in a Homestay,| 1 Bedroom | Sleeps 4 guests,"CoupleFriendlyBoutiquehomewithacaretaker,garden,fastWi-Fi&beachaccess"
Silva Heritage - A 16th Century Goan House,South Goa,| About a minute walk to Arossim Beach,4.6,"['| Sleeps 2 guests', 'Caretaker']","₹9,264 per night",Like a 5 Star,Room in a Villa,| 1 Bedroom | Sleeps 4 guests,CoupleFriendlyBreakfastIncluded350-year-oldvillawithcharmingPortuguesearchitecture
X Maya - Calangute,Calangute Baga Road,| 2 minutes walk to Candolim Beach,3.3,"['Spa', 'Room in a Homestay']","₹1,663 per night",null,Room in a Homestay,| 1 Bedroom | Sleeps 4 guests,"CoupleFriendlyHomestayfeaturingabalcony,parking,powerbackupandWi-Fi"
The Beatles | Private Pool Villa - 3BHK | Baga,Baga,| 5 minutes walk to Candolim Beach,3.9,"['| 1 Bedroom | Sleeps 4 guests', 'Shared Swimming Pool']","₹24,476 per night",Like a 5 Star,Entire Villa,| 3 Bedrooms | Sleeps 12 guests,CoupleFriendly
Royal Castle Beach Resort Palolem,Palolem,| 8 minutes walk to Candolim Beach,4.1,"['Kitchenette', 'Room in an Apartment']","₹6,331 per night",Like a 3 Star,Room in a Cottage,| 1 Bedroom | Sleeps 4 guests,CoupleFriendlyFreeCancellationBook@₹0availableBeachfrontresortwitharestaurant&parking
Hotel O Dewa Near Dabolim Airport,Mormugao,| About a minute walk to Baga Beach,2.6,"['| 1 Bedroom | Sleeps 4 guests', 'Reception']","₹2,876 per night",null,null,null,CoupleFriendlyFreeCancellationBook@₹0availablePayAtHotelDistributedbyOYO
1 BHK Premium Apartment | Frequency of Goa,Baga,| 4 minutes walk to Vagator Beach,5,"['Housekeeping', 'Swimming Pool']","₹5,141 per night",null,Entire Homestay,| 1 Bedroom | Sleeps 4 guests,CoupleFriendlyFreeCancellationBook@₹0available
Cosy Furnished studio in Palolem,Palolem,| About a minute walk to Morjim Beach,4.2,"['Restaurant', '| 2 Bedrooms | Sleeps 8 guests']","₹3,858 per night",null,Room in an Apartment,| 1 Bedroom | Sleeps 4 guests,"CoupleFriendlyFreeCancellationBook@₹0availableRoomsinanapartmentfeaturingakitchen,livingroom&parking"
2BHK BAGA BEACH APARTMENT BY RONNES,Baga,| 6.1 km drive to Goa International Airport,4.2,"['Caretaker', 'Housekeeping']","₹3,726 per night",null,Entire Apartment,| 2 Bedrooms | Sleeps 8 guests,"Entireapartmentwithapool,kitchen,livingroom&Wi-Fi"
Mansion Near Calangute Beach,Calangute,null,3,"['Room in a Homestay', '| 1 Bedroom | Sleeps 4 guests']","₹14,352 per night",null,Room in a Homestay,| 1 Bedroom | Sleeps 4 guests,FreeCancellationBook@₹0available
Regenta Central Imperial Candolim Goa,Calangute,| 2.6 km drive to Baga Beach,4.1,"['Restaurant', 'Parking']","₹8,431 per night",null,null,null,CoupleFriendlyFreeCancellationBook@₹0availableBreakfastavailableatextracharges10%offonFood&Beverages
Hotel W.H Calangute,Calangute Baga Road,| 1.8 km drive to Baga Beach,4,"['Vehicle Rentals', 'Bar']","₹2,753 per night",Like a 3 Star,Room in a Homestay,| 1 Bedroom | Sleeps 4 guests,BreakfastIncluded
Vista Mare- A beach property,Vagator,| 4 minutes walk to Vagator Beach,3.5,"['Restaurant', 'Room in a Beach Hut']","₹2,942 per night",null,null,null,CoupleFriendlyBreakfastIncluded
RK ISLAND VIEW APARTMENT,Mormugao,| 2.0 km drive to Vagator Beach,4.1,"['| 1 Bedroom | Sleeps 4 guests', 'Caretaker']","₹5,385 per night",Like a 3 Star,Entire Homestay,| 3 Bedrooms | Sleeps 12 guests,
Studio Rooms in Kamat Holiday Homes by Aspire Ventures,Calangute,| 6 minutes walk to Calangute Beach,2.6,"['Housekeeping', 'Room in a Cottage']","₹2,122 per night",null,Entire Apartment,| 1 Bedroom | Sleeps 6 guests,"CoupleFriendlyApartmentwithacommonpool,kitchen&trainedcaretaker"
Neemrana's Three Waters,South Goa,null,3.9,"['| 1 Bedroom | Sleeps 4 guests', 'Shared Kitchen']","₹8,370 per night",null,Room in a Villa,| 1 Bedroom | Sleeps 3 guests,BreakfastIncludedEnjoyINR500hotelcreditonF&BandcomplimentaryHiTeaComplimentaryHi-Tea
Casa De Vaz Inn,Calangute Baga Road,| 2.3 km drive to Vagator Beach,3.1,"['Caretaker', 'Lounge']","₹2,063 per night",null,Room in an Apartment,| 1 Bedroom | Sleeps 4 guests,CoupleFriendlyFreeCancellationBook@₹0available
Morjim Sew Waves,Morjim,| 1.4 km drive to Vagator Beach,5,"['| 4 Bedrooms | Sleeps 24 guests', 'Caretaker']","₹1,989 per night",null,Room in a Homestay,| 1 Bedroom | Sleeps 4 guests,CoupleFriendlyFreeCancellationBook@₹0availableBreakfastavailableatextracharges
Krishna Apartments Near Palolem Beach,Palolem,| 2.3 km drive to Sernabatim Beach,5,"['Housekeeping', 'Room in an Apartment']","₹3,693 per night",null,Room in an Apartment,| 1 Bedroom | Sleeps 3 guests,CoupleFriendlyFreeCancellationBook@₹0available
THE GREEN BOUTIQUE,Panjim,| 6 minutes walk to Calangute Beach,3.9,"['| 1 Bedroom | Sleeps 2 guests', 'Free Wi-Fi']","₹7,074 per night",Like a 3 Star,Room in an Apartment,| 1 Bedroom | Sleeps 4 guests,"CoupleFriendlyBreakfastIncludedApartmentfeaturingarestaurant,pool&freeparking"
Golden Landmark Green Valley Beach Resort,Panjim,| 1.8 km drive to Baga Beach,3.9,"['Air Conditioning', '| 1 Bedroom | Sleeps 4 guests']","₹4,037 per night",null,null,null,CoupleFriendlyFreeCancellationBreakfastIncludedBook@₹0available
Sunset Beach Resort,Candolim,Ends  in  18h:  05m:  45s,3.7,"['Shared Swimming Pool', 'Reception']","₹6,846 per night",null,null,null,CoupleFriendlyBreakfastIncluded
Anahata Retreat Sea Front Resort,Ashwem Beach,| 6 minutes walk to Palolem Beach,3.3,"['24-hour Room Service', 'Room in a Villa']","₹14,999 per night",Like a 5 Star,Room in a Cottage,| 1 Bedroom | Sleeps 4 guests,"CoupleFriendlyBreakfastIncludedStayfeaturingalawn,caretaker,diningarea&yogasessions"
Palm Air by Goa Stays,Panjim,| 4.3 km drive to Goa International Airport,4,"['| 1 Bedroom | Sleeps 10 guests', 'Shared Swimming Pool']","₹2,276 per night",null,null,null,CoupleFriendlyFreeCancellationBreakfastIncludedBook@₹0available
Storii By ITC Hotels Moira Riviera,Bardez,| 7 minutes walk to Baga Beach,4.7,"['Caretaker', 'Beds in a Hostel']","₹26,624 per night",null,null,null,CoupleFriendlyBreakfastIncluded
One BHK Color Apartment on Anjuna Beach North,Anjuna,null,null,"['| 2 Dorm Beds', 'Swimming Pool']","₹2,954 per night",Like a 3 Star,Entire Apartment,| 1 Bedroom | Sleeps 4 guests,"Entireapartmentwithakitchen,Wi-Fi&parking"
Clarissa Resort Goa,Bardez,| 8 minutes walk to Baga Beach,3,"['Kitchenette', 'Entire Apartment']","₹2,151 per night",Like a 3 Star,Room in an Apartment,| 1 Bedroom | Sleeps 3 guests,CoupleFriendlyFreeCancellationBook@₹0availableBreakfastavailableatextracharges
Garden Villa Goa,Vagator,| 3 minutes walk to Calangute Beach,4,"['| 1 Bedroom | Sleeps 4 guests', 'Reception']","₹2,094 per night",null,null,null,CoupleFriendly
JW HERITAGE,Anjuna,| 9 minutes walk to Candolim Beach,3.7,"['Housekeeping', 'Entire Villa']","₹3,753 per night",null,null,null,CoupleFriendlyBreakfastavailableatextracharges
"Localvibe - Pinto Holiday villas with Pool, North Goa",Bardez,| 5 minutes walk to Calangute Beach,5,"['| 4 Bedrooms | Sleeps 16 guests', 'Private Swimming Pool']","₹12,391 per night",null,Entire Villa,| 3 Bedrooms | Sleeps 12 guests,CoupleFriendly
Quaint & Picturesque 2BHK Apartment by tisyastays,Candolim,| 3-4 minutes walk from Vagator Beach,4.5,"['Housekeeping', '| 1 Bedroom | Sleeps 4 guests']","₹9,763 per night",Like a 4 Star,Entire Apartment,| 2 Bedrooms | Sleeps 8 guests,CoupleFriendly
Villa Carvalho - Deluxe Rooms in North Goa by Vyom Trails,Candolim,| 5.0 km drive to Goa International Airport,4.9,"['Housekeeping', 'Wi-Fi']","₹2,317 per night",null,Room in a Villa,| 1 Bedroom | Sleeps 4 guests,CoupleFriendly
Aastha Escape Resort Near Calangute Beach,Calangute,| 4-5 minutes walk from Calangute Beach,3.7,"['Swimming Pool', 'Restaurant']","₹1,748 per night",null,null,null,"CoupleFriendlyBreakfastavailableatextrachargesFreeRoomUpgrade,SubjecttoAvailability"
Peninsula Beach Resort Calangute,Calangute,null,3.8,"['Room in an Apartment', '| 1 Bedroom | Sleeps 4 guests']","₹5,198 per night",null,null,null,CoupleFriendlyFreeCancellationBook@₹0availableBreakfastavailableatextracharges
Blue Marine Resort,Calangute,| 7 minutes walk to Calangute Beach,3.2,"['Reception', '24-hour Security']","₹1,464 per night",null,null,null,CoupleFriendlyFreeCancellationBreakfastIncludedBook@₹0available
SYL Resorts,Arambol Beach,| About a minute walk to Morjim Beach,4.2,"['Beds in a Hostel', '| 2 Dorm Beds']","₹7,246 per night",null,Room in a Cottage,| 1 Bedroom | Sleeps 4 guests,CoupleFriendly
Sairaj Beach Resort,Calangute,Ends  in  03h:  01m:  02s,4.2,"['Caretaker', 'Restaurant']","₹4,142 per night",null,null,null,CoupleFriendlyFreeCancellationBook@₹0availableBreakfastavailableatextracharges10%offonsessionofSpa
AARISTO BEACH RESORT,Baga,| 1.1 km drive to Palolem Beach,4.7,"['Swimming Pool', 'Spa']","₹6,772 per night",null,null,null,CoupleFriendlyBreakfastavailableatextrachargesGuaranteedComplimentaryHi-Tea
Vaggi's Place,Baga,| 9 minutes walk to Bambolim Beach,3.4,"['Swimming Pool', 'Restaurant']","₹3,060 per night",null,Room in a Homestay,| 1 Bedroom | Sleeps 5 guests,"CoupleFriendlyHomestaywithwell-appointedrooms,parking&freeWi-Fi"
Sugar Plum Macedo Palms,Baga,| 2 minutes walk to Vainguinim Beach,3.6,"['Room in a Homestay', '| 1 Bedroom | Sleeps 4 guests']","₹3,135 per night",null,null,null,CoupleFriendlyBreakfastavailableatextracharges
LohonoStays Villa Nimaya,Calangute,| 6 minutes walk to Candolim Beach,null,"['Luggage Assistance', 'Air Conditioning']","₹45,101 per night",Like a 5 Star,Entire Villa,| 5 Bedrooms | Sleeps 20 guests,CoupleFriendlyBreakfastIncluded
Baga Nest Villa with private pool,Baga,| About a minute walk to Ashwem Beach,null,"['Entire Apartment', '| Sleeps 3 guests']","₹10,883 per night",null,Entire Villa,| 4 Bedrooms | Sleeps 16 guests,"CoupleFriendlyFreeCancellationBook@₹0availableEntire4BHKpoolvillaofferingakitchen,livingroom&parking"
Porsu,South Goa,| 2.9 km drive to Deltin Royale,4,"['Housekeeping', 'Caretaker']","₹5,100 per night",Like a 3 Star,Room in a Cottage,| 1 Bedroom | Sleeps 4 guests,"CoupleFriendlyBreakfastIncludedSecludedvillawitharestaurant,sharedpool&plushlawn"
Sonesta Inns Beach Resort,Calangute,null,4.4,"['| 1 Bedroom | Sleeps 3 guests', 'Caretaker']","₹9,524 per night",null,null,null,CoupleFriendlyBreakfastavailableatextracharges
MansionHaus,Anjuna,| 8 minutes walk to Anjuna Beach,4.1,"['Restaurant', 'Swimming Pool']","₹21,570 per night",null,null,null,CoupleFriendlyBreakfastIncluded
Luxe Loft Villa | Entire 3 BHK Pool Villa,Porvorim,null,3.9,"['Gym', 'Vehicle Rentals']","₹28,049 per night",null,Entire Villa,| 3 Bedrooms | Sleeps 12 guests,CoupleFriendlyBreakfastIncluded
FabExpress Symphony Homes - Nr. Calangute Beach,Calangute,| 7 minutes walk to Vagator Beach,4.3,"['Room in a Villa', '| 1 Bedroom | Sleeps 4 guests']","₹1,872 per night",null,null,null,CoupleFriendlyFreeCancellationBook@₹0availableJusta5-minutewalktoCalanguteBeachforarelaxingbeachgetaway.
Johnnie Holiday Homes Mainath Bati,Arpora,| 10 minutes walk to Anjuna Beach,4.6,"['Shared Swimming Pool', 'Caretaker']","₹5,336 per night",null,Entire Apartment,| 1 Bedroom | Sleeps 4 guests,CoupleFriendlyEntireapartmentluringwithaswimmingpool&verdantlawn
Knowell Homestay,Bardez,null,4.9,"['Bar', 'Room in an Apartment']","₹3,798 per night",null,Room in a Homestay,| 1 Bedroom | Sleeps 4 guests,CoupleFriendly
Cavala Seaside Resort,Baga,| 5 minutes walk to Candolim Beach,3.3,"['| 1 Bedroom | Sleeps 3 guests', 'Housekeeping']","₹5,897 per night",null,null,null,CoupleFriendlyBreakfastavailableatextracharges
Santana Guest House,Calangute,| 5 minutes walk to Candolim Beach,4.8,"['Free Parking', 'Water Sports']","₹2,529 per night",null,null,null,CoupleFriendly
RIVASA EMERALD,Calangute,| 2.6 km drive to Calangute Beach,3.7,"['| 2 Dorm Beds', 'Luggage Storage']","₹2,681 per night",null,null,null,CoupleFriendlyFreeCancellationBreakfastIncludedBook@₹0available
Rivasa Resort,Calangute Baga Road,| 4-5 minutes walk from Calangute Beach,3,"['Free Parking', 'null']","₹2,529 per night",null,null,null,CoupleFriendlyFreeCancellationBook@₹0availableBreakfastavailableatextracharges
Amadi Beach Front Resort,Ashwem Beach,| 2 minutes walk to Calangute Beach,4,"['Room in a Homestay', '| 1 Bedroom | Sleeps 4 guests']","₹6,718 per night",null,null,null,CoupleFriendlyBreakfastIncluded
Aroha Palms by Urban Villa and Resorts,North Goa,| 1.4 km drive to Mandrem Beach,5,"['Caretaker', 'Restaurant']","₹29,768 per night",Like a 4 Star,Room in a Villa,| 1 Bedroom | Sleeps 20 guests,"CoupleFriendlyVillawithapool,livingroom,diningarea&parking"
CASA DE ALNENA,South Goa,| 10 minutes walk to Calangute Beach,5,"['| 1 Bedroom | Sleeps 4 guests', 'Caretaker']","₹3,666 per night",null,null,null,CoupleFriendlyBreakfastavailableatextracharges
HideAway 2 BHK Duplex Villa STU,Siolim,| About a minute walk to Baga Beach,4.7,"['Seating Area', 'Swimming Pool']","₹11,919 per night",Like a 3 Star,Entire Villa,| 2 Bedrooms | Sleeps 8 guests,CoupleFriendly
La Ben Resort,Colva,| 2.5 km drive to Baga Beach,3.6,"['Water Sports', '| 1 Bedroom | Sleeps 4 guests']","₹2,790 per night",null,null,null,CoupleFriendlyFreeCancellationBook@₹0availableBreakfastavailableatextracharges
Spacious and Cozy 2BHK Apt with Pool in Anjuna,Anjuna,| 4 minutes walk to Baga Beach,3.8,"['Swimming Pool', 'Living Room']","₹3,980 per night",null,Entire Apartment,| 2 Bedrooms | Sleeps 8 guests,CoupleFriendly
Bello Guest House,Baga,Ends  in  03h:  01m:  07s,4.6,"['Room in a Cottage', '| 1 Bedroom | Sleeps 4 guests']","₹2,205 per night",null,null,null,CoupleFriendlyFreeCancellationBook@₹0available
Aaria Hills Hotel,Arambol,| About a minute walk to Baga Beach,4,"['Caretaker', 'Housekeeping']","₹4,273 per night",null,null,null,CoupleFriendlyFreeCancellationBreakfastIncludedBook@₹0available
Chances Resort and Casino An Indy Resort,Panjim,null,3.9,"['Gym', 'Swimming Pool']","₹7,727 per night",null,null,null,CoupleFriendlyBreakfastavailableatextrachargesRecreational&diningindulgencesinanaestheticsetting
Orchid Guest House,Anjuna,| About a minute walk to Candolim Beach,4.3,"['Entire Apartment', '| 1 Bedroom | Sleeps 4 guests']","₹1,375 per night",null,null,null,CoupleFriendly
Whispering Mud Resort,South Goa,| 2.4 km drive to Anjuna Beach,4.6,"['Reception', 'Caretaker']","₹2,738 per night",null,null,null,CoupleFriendlyFreeCancellationBook@₹0available
Sea Breeze Beach Resort Candolim,Candolim,null,3.1,"['Swimming Pool', 'Restaurant']","₹4,190 per night",null,null,null,CoupleFriendlyFreeCancellationBook@₹0availableBreakfastavailableatextracharges
Arzu Homes,Anjuna,| 10 minutes walk to Calangute Beach,3.2,"['Room in an Apartment', '| 1 Bedroom | Sleeps 3 guests']","₹2,124 per night",null,null,null,CoupleFriendly
Casanova by the sea,Palolem,| 2.7 km drive to Baga Beach,3.1,"['Swimming Pool', 'Reception']","₹1,900 per night",null,null,null,CoupleFriendlyBreakfastavailableatextracharges
HOTEL BHAGWATI BY PEARL HARBOUR,Baga,null,2.7,"['Water Sports', 'Beds in a Hostel']","₹2,262 per night",null,null,null,
RK BAY VILLA,Mormugao,| 4 minutes walk to Baga Beach,4.7,"['| 2 Bedrooms | Sleeps 2 guests', 'Kitchenette']","₹15,244 per night",Like a 4 Star,Entire Villa,| 3 Bedrooms | Sleeps 12 guests,"CoupleFriendlyVillafeaturingapool,kitchen,seaviews&parking"
Treehouse MARS Beach Villa Calangute Goa,Calangute,| 9 minutes walk to Calangute Beach,null,"['Living Room', 'Jacuzzi']","₹19,092 per night",Like a 4 Star,Entire Villa,| 3 Bedrooms | Sleeps 12 guests,CoupleFriendly
36 Yard Beach Cottages Arambol,Arambol Beach,| 1.5 km drive to Calangute Beach,4.4,"['Room in an Apartment', '| 1 Bedroom | Sleeps 3 guests']","₹2,640 per night",null,Room in a Cottage,| 1 Bedroom | Sleeps 4 guests,CoupleFriendly
Casa Eva | A beautiful 2bhk Portuguese villa,Candolim,| 8 minutes walk to Calangute Beach,4.4,"['Reception', 'Housekeeping']","₹12,715 per night",Like a 4 Star,Entire Villa,| 2 Bedrooms | Sleeps 8 guests,"CoupleFriendlyPortuguesevillaofferingalivingroom,kitchen,caretaker&lawn"
Rodrigues Apartments,Calangute,| About a minute walk to Ashwem Beach,5,"['Swimming Pool', 'Restaurant']","₹13,628 per night",null,Room in an Apartment,| 1 Bedroom | Sleeps 4 guests,
Seacoast Retreat | 2 BHK Condo with a Pool,Varca Beach,null,3.5,"['Room in a Beach Hut', '| 1 Bedroom | Sleeps 4 guests']","₹22,438 per night",null,Entire Apartment,| 2 Bedrooms | Sleeps 10 guests,"Entire2BHKapartmentwithakitchen,balcony&beachaccess"
Tanshikar spice farm/ Tanshikar rest house,South Goa,null,4.2,"['Housekeeping', 'Free Wi-Fi']","₹6,212 per night",Like a 4 Star,Room in a Farm House,| 1 Bedroom | Sleeps 4 guests,BreakfastIncludedFreeRoomUpgrade
Holiday destiny home stay,Benaulim,null,4.4,"['Water Sports', 'Swimming Pool']","₹6,298 per night",Like a 3 Star,Room in a Homestay,| 1 Bedroom | Sleeps 4 guests,FreeCancellationBook@₹0availableVillaofferingBenaulimbeachviews&rentedvehicles
Sarita's Guest House,Bogmalo Beach,| 4 minutes walk to Colva Beach,3.4,"['Restaurant', 'Restaurant']","₹4,801 per night",null,null,null,CoupleFriendlyFreeCancellationBook@₹0availableBreakfastavailableatextracharges
Niar Entire 1BHK Luxury Apartments,Candolim,| 8 minutes walk to Anjuna Beach,4.6,"['Bar', 'Room in a Homestay']","₹4,236 per night",Like a 3 Star,Room in an Apartment,| 1 Bedroom | Sleeps 4 guests,"CoupleFriendlyLavishapartmentwithapool,kitchen&chicinteriors"
Athi Resorts,Bogmalo,| 2 minutes walk to Baga Beach,3.7,"['| 1 Bedroom | Sleeps 5 guests', 'Caretaker']","₹3,190 per night",null,null,null,FreeCancellationBook@₹0availableBreakfastavailableatextracharges
White Truffle,Arambol,| 2.3 km drive to Mandrem Beach,4.1,"['Spa', 'Gym']","₹5,269 per night",null,null,null,CoupleFriendlyFreeCancellationBook@₹0availableBreakfastavailableatextracharges
Magnolia The White Heaven Betalbatim South Goa,Betalbatim,| 1.9 km drive to Miramar Beach,null,"['Swimming Pool', 'Swimming Pool']","₹5,014 per night",Like a 4 Star,Entire Apartment,| 1 Bedroom | Sleeps 4 guests,BreakfastIncluded
FabEscape Vagator Retreat Resort With Swimming Pool - Nr. Vagator Beach,Vagator,| 1.3 km drive to Anjuna Beach,4,"['Restaurant', 'Room in an Apartment']","₹3,435 per night",null,null,null,"CoupleFriendlyBreakfastavailableatextrachargesJust1kmawayfromChaporaFort,perfectforhistoryenthusiastsandbeachlovers.10%DiscountonF&Bservices"
Hotel La Flor,Margao,null,4.1,"['| 1 Bedroom | Sleeps 6 guests', 'Free Wi-Fi']","₹1,416 per night",null,null,null,Breakfastavailableatextracharges
"ama Stays & Trails | La Maison Fontainhas, Goa",31st January Road,| 3 minutes walk to Candolim Beach,3.3,"['Air Conditioning', 'Entire Villa']","₹7,470 per night",Like a 5 Star,Room in a Villa,| 1 Bedroom | Sleeps 4 guests,"BreakfastIncludedManagedbyVivantaGoa,Panaji"
Resort Paloma de Goa,Colva,| 1.4 km drive to Anjuna Beach,3.8,"['| 1 Bedroom | Sleeps 4 guests', 'Shared Swimming Pool']","₹3,433 per night",null,null,null,CoupleFriendly
CasaFlip,Anjuna,| About a minute walk to Palolem Beach,4.1,"['Free Wi-Fi', 'Entire Apartment']","₹3,270 per night",Like a 3 Star,Room in an Apartment,| 1 Bedroom | Sleeps 2 guests,"CoupleFriendlyApartmentwithapool,kitchen,kidsplayarea&livingroom"
Amazing Baga Riverview | 2 BHK Apartment,Baga,| 8 minutes walk to Baga Beach,4.2,"['| 1 Bedroom | Sleeps 4 guests', 'Shared Swimming Pool']","₹6,309 per night",Like a 3 Star,Entire Apartment,| 3 Bedrooms | Sleeps 12 guests,
Royale Amata By the Beach,Morjim,| 6.2 km drive to Goa International Airport,2.5,"['Reception', 'Spa']","₹2,963 per night",null,null,null,CoupleFriendlyFreeCancellationBook@₹0availableBreakfastavailableatextracharges
"Woodpegger by the beach, Mandrem",Mandrem Beach,| 1.5 km drive to Calangute Beach,3.7,"['Swimming Pool', 'null']","₹2,691 per night",null,null,null,BreakfastIncludedCottageswithsitoutroomsarepetfriendly
Sanyog Apartment Near Casino | 2 BHK Unit,Panjim,| 3.0 km drive to Mandrem Beach,4.3,"['null', 'Restaurant']","₹4,059 per night",null,Entire Apartment,| 2 Bedrooms | Sleeps 8 guests,"CoupleFriendlyEntireapartmentwithakitchen,caretaker,elevator&balcony"
Sea Pearl Guest House,Candolim,| 2.7 km drive to Candolim Beach,4.5,"['24-hour Room Service', 'Room in a Homestay']","₹2,009 per night",null,null,null,CoupleFriendlyFreeCancellationBook@₹0available
Poonam Resort,Anjuna,| 3-4 minutes walk from Calangute Beach,3.4,"['| 1 Bedroom | Sleeps 4 guests', 'Caretaker']","₹1,596 per night",null,null,null,CoupleFriendly
Hotel O Route Near Calangute Beach,Calangute,| 2 minutes walk to Varca Beach,4,"['Restaurant', 'Gym']","₹3,566 per night",null,null,null,CoupleFriendlyFreeCancellationBook@₹0availableDistributedbyOYO
ama Stays & Trails | Eden Farms Antonio Manuel Goa,South Goa,null,5,"['Swimming Pool', '| 2 Bedrooms | Sleeps 4 guests']","₹12,060 per night",Like a 5 Star,Entire Villa,| 1 Bedroom | Sleeps 4 guests,"CoupleFriendlyBreakfastIncludedManagedbyTajExoticaResort&Spa,Goa"
"Coco Moon , Goa",Morjim,| 5 minutes walk to Benaulim Beach,4.5,"['Lounge', 'Restaurant']","₹2,866 per night",null,null,null,CoupleFriendlyFreeCancellationBook@₹0available
Visao,Panjim,| About a minute walk to Bogmalo Beach,4.5,"['Room in a Cottage', '| 1 Bedroom | Sleeps 4 guests']","₹5,062 per night",null,null,null,CoupleFriendlyBreakfastIncluded
"MERLOT SUITES-LUXURY SERVICED APARTMENTS WITH POOL IN PORVORIM, NORTH GOA",Porvorim,| 9 minutes walk to Candolim Beach,3.9,"['Shared Swimming Pool', 'Shared Kitchen']","₹3,665 per night",Like a 3 Star,Room in an Apartment,| 1 Bedroom | Sleeps 4 guests,Breakfastavailableatextracharges
Om Shanti Residence,Palolem,| 1.2 km drive to Bogmalo Beach,4.6,"['Swimming Pool', 'Vehicle Rentals']","₹3,505 per night",null,null,null,CoupleFriendly
Casa De Cris,Cavelossim,| 2.7 km drive to Mandrem Beach,2.6,"['Room in a Homestay', '| 1 Bedroom | Sleeps 4 guests']","₹4,206 per night",null,null,null,CoupleFriendlyFreeCancellationBook@₹0availableBreakfastavailableatextracharges
Villa Casablanca | River-touch 3bhk by the beach,Cavelossim,| 4 minutes walk to Betalbatim Beach,4.3,"['Luggage Storage', 'Shared Parking']","₹16,826 per night",Like a 4 Star,Entire Apartment,| 3 Bedrooms | Sleeps 12 guests,"Entirepoolvillawithalawn,freeWi-Fi&secureparking"
Eternal Wave Apartments by Daystar Ventures,Calangute,| 1.5 km drive to Vagator Beach,3.9,"['| 1 Bedroom | Sleeps 4 guests', 'Shared Swimming Pool']","₹10,904 per night",null,Entire Apartment,| 1 Bedroom | Sleeps 5 guests,"CoupleFriendlyEnchantingstayflauntingapool,lawn,gazebo&terrace"
FabHotel Prime The King's Court - Nr. Calangute Beach,Calangute,null,3.6,"['Reception', 'Swimming Pool']","₹3,014 per night",null,null,null,"FreeCancellationBook@₹0availableBreakfastavailableatextrachargesEnjoyabeachgetaway,just1.5KmfromCalanguteBeach."
StayVista | Villa Esencia with Pool,Siolim,| 1.4 km drive to Deltin Royale,4.2,"['Kids Play Area', 'Water Sports']","₹14,713 per night",Like a 4 Star,Entire Villa,| 3 Bedrooms | Sleeps 12 guests,
Hazel a Romantic Glasshouse Suite at The Pause Project,Siolim,| 4-5 minutes walk from Sernabatim Beach,4.5,"['Restaurant', 'Water Sports']","₹7,392 per night",Like a 4 Star,Room in an Apartment,| 1 Bedroom | Sleeps 4 guests,CoupleFriendly
FabExpress Coco Goa Resort - Nr. Baga night market,Arpora,| 9 minutes walk to Anjuna Beach,1,"['Beach club', 'Swimming Pool']","₹1,606 per night",null,null,null,CoupleFriendlyFreeCancellationBook@₹0availableBreakfastavailableatextracharges
Hotel Baga HighQ,Baga,| 3-4 minutes walk from Baga Beach,3.5,"['Gym', '| 1 Bedroom | Sleeps 2 guests']","₹2,663 per night",null,null,null,CoupleFriendlyFreeCancellationBook@₹0availableBreakfastavailableatextracharges15%DiscountOnAirportTransfer
Hotel MR Manfred,Calangute,| About a minute walk to Morjim Beach,3.4,"['Caretaker', 'Housekeeping']","₹2,766 per night",null,null,null,CoupleFriendlyFreeCancellationBook@₹0availableBreakfastavailableatextracharges
Mangaal Farmstay | Rooms & Swimming Pool,South Goa,| About a minute walk to Mandrem Beach,5,"['Swimming Pool', 'Spa']","₹4,989 per night",null,Room in a Farm House,| 1 Bedroom | Sleeps 4 guests,CoupleFriendlyBreakfastIncluded
Vasundhara guest house,Palolem,| 1.9 km drive to Deltin Royale,4,"['Swimming Pool', 'Spa']","₹2,005 per night",null,null,null,CoupleFriendlyFreeCancellationBook@₹0available
Holiday Apartments Benaulim Goa,Benaulim,| 1-2 minutes walk from Candolim Beach,3.4,"['Swimming Pool', 'Restaurant']","₹1,790 per night",null,Entire Apartment,| 1 Bedroom | Sleeps 4 guests,CoupleFriendly
"OTIUM, by The Oterra",Povorim,| 2 minutes walk to Anjuna Beach,4,"['Room in a Homestay', '| 1 Bedroom | Sleeps 4 guests']","₹7,429 per night",null,null,null,CoupleFriendlyFreeCancellationBook@₹0availableBreakfastavailableatextracharges
Leisure Cottages Goa,Calangute,| 1.5 km drive to Calangute Beach,3.1,"['Restaurant', 'Luggage Storage']","₹1,979 per night",null,null,null,CoupleFriendly
SPOT ON 36887 PS Guest House,Calangute,null,4.4,"['Swimming Pool', 'Bar']","₹2,435 per night",null,null,null,CoupleFriendlyFreeCancellationBook@₹0availableDistributedbyOYO
Terra by Limestays nrAnjuna baga,Arpora,| 5 minutes walk to Morjim Beach,4.1,"['Beds in a Hostel', '| 2 Dorm Beds']","₹6,595 per night",null,Entire Apartment,| 2 Bedrooms | Sleeps 8 guests,
Down da village Wing 2,Candolim,| 1.7 km drive to Basilica Of Bom Jesus,2.8,"['Kitchenette', 'Living Room']","₹8,425 per night",null,Room in an Apartment,| 1 Bedroom | Sleeps 4 guests,
Hotel Vilena,Mapusa,null,4,"['Entire Apartment', '| 1 Bedroom | Sleeps 4 guests']","₹1,897 per night",null,null,null,CoupleFriendlyFreeCancellationBook@₹0available
Teles Westend Hotel,Vasco Da Gama,| 2.1 km drive to Palolem Beach,4.2,"['24-hour Security', 'Housekeeping']","₹1,804 per night",null,null,null,
Baywatch Resort,Benaulim,| 2 minutes walk to Cavelossim Beach,3.8,"['Beds in a Hostel', '| 2 Dorm Beds']","₹5,058 per night",null,null,null,CoupleFriendlyFreeCancellationBook@₹0availableBreakfastavailableatextrachargessessionofSpa
Goan Holiday Resort,Calangute Baga Road,| About a minute walk to Cavelossim Beach,3.3,"['Pool/ Beach towels', 'Lounge']","₹2,446 per night",null,null,null,CoupleFriendlyFreeCancellationBook@₹0available
Romaldo Guest House,Calangute,| 4-5 minutes walk from Calangute Beach,3.7,"['Restaurant', 'Restaurant']","₹1,158 per night",null,null,null,CoupleFriendly
"Laguna Anjuna - A Country House Resort in Anjuna, Goa",Anjuna,| 1.1 km drive to Calangute Beach,4,"['Restaurant', 'Luggage Storage']","₹3,858 per night",null,null,null,CoupleFriendlyFreeCancellationBook@₹0available
Studio Apt N01 in Anjuna North Goa,Bardez,null,4.4,"['Swimming Pool', 'Indoor Games']",₹943 per night,null,Entire Apartment,| 1 Bedroom | Sleeps 4 guests,
SHRI'S PRIDE INN | Rooms in a Homestay,Calangute,null,4.5,"['Entire Villa', '| 3 Bedrooms | Sleeps 12 guests']","₹2,944 per night",Like a 3 Star,Room in a Homestay,| 1 Bedroom | Sleeps 4 guests,
Hotel Riverside,Baga,| 2.6 km drive to Baga Beach,3.3,"['Swimming Pool', 'Kitchenette']","₹3,905 per night",null,null,null,CoupleFriendlyBreakfastavailableatextracharges
Hotel Golden Eye,Calangute,| 2 minutes walk to Baga Beach,3.7,"['Room in a Homestay', '| 1 Bedroom | Sleeps 5 guests']","₹2,529 per night",null,null,null,CoupleFriendly10%Discountonalacarte
Jasmine beach resort,Morjim,| 2 minutes walk to Calangute Beach,3.4,"['Kitchenette', 'Living Room']","₹1,038 per night",null,null,null,CoupleFriendly
Janet & John's Beach Resort since 1989,Anjuna,Ends  in  18h:  06m:  12s,3.8,"['| 1 Bedroom | Sleeps 4 guests', 'Barbeque']","₹6,867 per night",null,null,null,CoupleFriendlyFreeCancellationBook@₹0available
Hotel Antonios Nr Calangute Beach,Calangute,null,2.5,"['Bonfire', 'Swimming Pool']","₹2,236 per night",null,null,null,FreeCancellationBook@₹0available
"Castellos Coco Huts, Goa",Benaulim,| About a minute walk to Palolem Beach,4.1,"['Restaurant', 'null']","₹1,377 per night",null,null,null,CoupleFriendlyFreeCancellationBook@₹0available
Hotel O Shanel Beachside Resort By Joaquim Near Baga Beach,Baga,| 9 minutes walk to Benaulim Beach,3.6,"['Swimming Pool', 'Restaurant']","₹3,686 per night",null,null,null,CoupleFriendlyFreeCancellationBook@₹0availableDistributedbyOYO
FabHotel Epic Townlet Resort - Nr. Calangute Beach,Calangute,null,2.5,"['Beds in a Hostel', '| 2 Dorm Beds']","₹3,359 per night",null,null,null,"CoupleFriendlyFreeCancellationBook@₹0availableBreakfastavailableatextrachargesEnjoyabeachretreat,just2KmawayfromCalanguteBeach"
Donhill Beach Resort Goa,Candolim,| 4 minutes walk to Calangute Beach,3.9,"['Swimming Pool', 'Indoor Games']","₹3,148 per night",null,null,null,CoupleFriendlyFreeCancellationBreakfastIncludedBook@₹0available
Casa De Vida by Limestays,Arpora,| 4-5 minutes walk from Calangute Beach,4.3,"['| 1 Bedroom | Sleeps 3 guests', 'Reception']","₹7,177 per night",Like a 3 Star,Entire Apartment,| 1 Bedroom | Sleeps 5 guests,
Baga Tropical,Baga,Ends  in  18h:  06m:  14s,3.6,"['Housekeeping', 'Vehicle Rentals']","₹8,032 per night",null,null,null,CoupleFriendlyFreeCancellationBook@₹0available
Senhor Angelo Resort,Calangute,| 2.6 km drive to Baga Beach,2.6,"['Room in an Apartment', '| 1 Bedroom | Sleeps 4 guests']","₹2,403 per night",null,null,null,CoupleFriendly
Bellas Residency,Calangute Baga Road,| 4-5 minutes walk from Candolim Beach,3.2,"['Housekeeping', 'Free Wi-Fi']","₹1,786 per night",null,Room in an Apartment,| 1 Bedroom | Sleeps 4 guests,BreakfastavailableatextrachargesModern-ageapartmentwitharestaurant&well-appointedrooms
Surya Kiran Miramar,Panjim,| 4 minutes walk to Mapusa Bus Stand,3.7,"['Swimming Pool', 'Restaurant']","₹3,248 per night",null,null,null,CoupleFriendlyFreeCancellationBook@₹0availableBreakfastavailableatextracharges
Diana Apartment- Royal Regal Suite,Candolim,| 8.2 km drive to Goa International Airport,4.5,"['Gym', 'Swimming Pool']","₹15,583 per night",null,Room in an Apartment,| 1 Bedroom | Sleeps 4 guests,FreeCancellation
5 Bhk Presidential Pool Villa,Candolim,| 3 minutes walk to Sernabatim Beach,null,"['null', 'Spa']","₹92,688 per night",null,Entire Villa,| 3 Bedrooms | Sleeps 12 guests,CoupleFriendlyFreeCancellationBreakfastIncluded
"Candolim, Reis Margos 3 Bhk Luxury Villa Sea View",Nerul,| 8 minutes walk to Calangute Beach,4.3,"['Swimming Pool', 'Room in an Apartment']","₹57,235 per night",null,Entire Villa,| 3 Bedrooms | Sleeps 12 guests,"FreeCancellationEntirevillaofferingakitchen,diningarea,beachaccess&riverviews"
Morii Homes Riverview 2BHK,Siolim,| 2 minutes walk to Calangute Beach,3.6,"['| 1 Bedroom | Sleeps 3 guests', 'Swimming Pool']","₹10,036 per night",null,Entire Homestay,| 2 Bedrooms | Sleeps 6 guests,CoupleFriendly
Gracias  Cafe & Resort,Morjim,| 4-5 minutes walk from Anjuna Beach,4.2,"['Reception', 'Kitchenette']","₹4,688 per night",null,null,null,CoupleFriendlyFreeCancellationBook@₹0availableBreakfastavailableatextracharges
"Richmonde Ananta Elite, Luxurious villas and Apartment",Nagoa,null,3.9,"['Lounge', 'Room in an Apartment']","₹7,021 per night",null,null,null,CoupleFriendlyFreeCancellationBook@₹0availableBreakfastavailableatextrachargesThepropertyispet-friendly
EMMANUEL'S CASTLE,Nerul,| 10 minutes walk to Calangute Beach,4.5,"['| 1 Bedroom | Sleeps 3 guests', 'Swimming Pool']","₹11,935 per night",null,Room in an Apartment,| 1 Bedroom | Sleeps 4 guests,FreeCancellationBook@₹0available
"The Mayfield Boutique Hotel, Calangute",Bardez,| 10 minutes walk to Baga Beach,3.8,"['Reception', 'Room in an Apartment']","₹4,240 per night",null,null,null,CoupleFriendlyBreakfastavailableatextracharges15%DiscountOnAirportTransfer
The Bucket List Hostel,Vagator,| 2-3 minutes walk from Calangute Beach,3.7,"['| 1 Bedroom | Sleeps 3 guests', 'Reception']","₹1,948 per night",null,Beds in a Hostel,| 2 Dorm Beds,CoupleFriendly
"Sandbanks Beach Villas, Morjim",Morjim,| About a minute walk to Morjim Beach,4,"['Housekeeping', 'null']","₹6,796 per night",null,null,null,CoupleFriendlyBreakfastavailableatextracharges
Seashell,Betalbatim,| About a minute walk to Anjuna Beach,4.2,"['Entire Apartment', '| 1 Bedroom | Sleeps 3 guests']","₹1,814 per night",null,Room in an Apartment,| 1 Bedroom | Sleeps 4 guests,CoupleFriendly
Morjim Holiday Beach Resort & Restaurant,Morjim,Ends  in  18h:  06m:  19s,2.7,"['Reception', 'Housekeeping']","₹4,491 per night",null,null,null,CoupleFriendlyFreeCancellationBook@₹0available
Sukhsagar Beach  Resort,Colva,| 4 minutes walk to Calangute Beach,1.9,"['Swimming Pool', 'Restaurant']","₹1,615 per night",null,null,null,CoupleFriendlyFreeCancellationBook@₹0available
El Arbol - 2 BHK Near Candolim by The Blue Kite (108),Nerul,| 2 minutes walk to Benaulim Beach,4.2,"['| 1 Bedroom | Sleeps 2 guests', 'Swimming Pool']","₹9,775 per night",Like a 4 Star,Entire Apartment,| 2 Bedrooms | Sleeps 8 guests,CoupleFriendly
"Dream Catcher Royal Resort, Canacona",Palolem,| 2 minutes walk to Baga Beach,3.9,"['Kitchenette', 'Swimming Pool']","₹5,541 per night",null,null,null,FreeCancellationBook@₹0available
Bogpre Family Inn,Benaulim,| 2.3 km drive to Calangute Beach,3.7,"['Restaurant', '| 5 Bedrooms | Sleeps 20 guests']","₹3,468 per night",null,null,null,
Super Hotel O Porvorim,Bardez,| 4-5 minutes walk from Sinquerium Beach,4,"['Private Swimming Pool', 'Private Kitchen']","₹2,296 per night",null,null,null,CoupleFriendlyFreeCancellationBook@₹0availableGreatValuewithSpaciousRoomsandQuickCheck-In
The Musafir,Anjuna,| 2.2 km drive to Baga Beach,3.7,"['null', 'Beds in a Homestay']","₹1,152 per night",Like a 3 Star,Beds in a Hostel,| 2 Dorm Beds,CoupleFriendly
Neo Homes by Goaround,Vagator,| About a minute walk to Baga Beach,4.2,"['| Sleeps 2 guests', 'Kitchenette']","₹6,099 per night",null,Entire Homestay,| 2 Bedrooms | Sleeps 6 guests,CoupleFriendly
Coco Beach Village,Nerul,| 3 minutes walk to Calangute Beach,4,"['Free Parking', 'Room in a Villa']","₹3,121 per night",null,null,null,CoupleFriendlyFreeCancellationBook@₹0available
PIKKIE GUEST HOUSE  - BY RONZ VISTA DA PRAIA,Calangute,| 5 minutes walk to Calangute Beach,3.6,"['| 1 Bedroom | Sleeps 3 guests', 'Swimming Pool']","₹5,342 per night",null,Room in an Apartment,| 1 Bedroom | Sleeps 4 guests,CoupleFriendlyFreeCancellationBook@₹0available
The Acacia Hotel & Spa Goa,Candolim,null,4,"['Caretaker', 'Entire Apartment']","₹7,280 per night",null,null,null,CoupleFriendlyBreakfastIncluded15%offonsessionofSpa
The Pentacon Resort,Palolem,| 8 minutes walk to Candolim Beach,3.2,"['| 1 Bedroom | Sleeps 4 guests', 'Reception']","₹2,282 per night",null,null,null,CoupleFriendlyFreeCancellationBreakfastIncludedBook@₹0available
Turtle Beach Resort - Morjim,Morjim,| 4 minutes walk to Sinquerium Beach,3.8,"['Free Wi-Fi', 'Beds in a Hostel']","₹3,851 per night",null,null,null,CoupleFriendlyFreeCancellationBreakfastIncludedBook@₹0available
Alexmarie Holiday Homes | Rooms in a Homestay,Candolim,null,4.7,"['| 2 Dorm Beds', 'Kitchenette']","₹3,723 per night",null,Room in a Homestay,| 1 Bedroom | Sleeps 4 guests,
RBR Beach Resort,Calangute,null,4.1,"['Living Room', 'Beds in a Hostel']","₹4,485 per night",null,null,null,CoupleFriendlyFreeCancellationBook@₹0availableBreakfastavailableatextracharges
Star Beach Resort,Colva,| 8 minutes walk to Morjim Beach,3.4,"['| 2 Dorm Beds', 'Lounge']","₹2,192 per night",null,null,null,CoupleFriendlyFreeCancellationBook@₹0availableBreakfastavailableatextracharges
Serenity Casa Varca,Varca,null,5,"['Restaurant', 'Gym']","₹5,833 per night",Like a 3 Star,Room in an Apartment,| 1 Bedroom | Sleeps 6 guests,CoupleFriendlyFreeCancellationBook@₹0available
Super Hotel O The Goan Courtyard,Majorda,| 2.5 km drive to Candolim Beach,3.6,"['Swimming Pool', 'Swimming Pool']","₹2,880 per night",null,null,null,CoupleFriendlyFreeCancellationBook@₹0availableDistributedbyOYO
Hotel Buddha Tasty Bar,Arambol Beach,| 2.1 km drive to Calangute Beach,3,"['Restaurant', 'Spa']","₹3,187 per night",null,null,null,CoupleFriendlyFreeCancellationBook@₹0available
"Hotel City Garden, Margao",Margao,| 4-5 minutes walk from Vagator Beach,3.5,"['Restaurant', 'Swimming Pool']","₹2,775 per night",null,null,null,CoupleFriendlyFreeCancellationBook@₹0available
Boutique Hotel 10 Calangute,Calangute,| About a minute walk to Morjim Beach,3.5,"['Restaurant', 'Swimming Pool']","₹3,214 per night",null,null,null,CoupleFriendlyFreeCancellationBook@₹0availableBreakfastavailableatextracharges
Coastal Hostel near Palolem beach,Palolem,| 2.3 km drive to Betalbatim Beach,5,"['Water Sports', 'Room in a Cottage']","₹1,755 per night",null,Rooms in a Hostel,| 2 Bedrooms | Sleeps 2 guests,CoupleFriendlyFreeCancellationBook@₹0available
Serenity by the Sea Beach Resort,Candolim,| About a minute walk to Morjim Beach,3.7,"['| 1 Bedroom | Sleeps 6 guests', 'Swimming Pool']","₹2,796 per night",null,null,null,CoupleFriendlyFreeCancellationBook@₹0available
Fiesta Beach Resort,Baga,| 5 minutes walk to Colva Beach,4.1,"['Caretaker', 'Room in an Apartment']","₹9,404 per night",null,null,null,CoupleFriendlyBreakfastIncluded
Gaia Hostels,Anjuna,null,3.4,"['| 1 Bedroom | Sleeps 2 guests', 'Housekeeping']","₹1,449 per night",null,Beds in a Hostel,| 2 Dorm Beds,CoupleFriendlyFreeCancellationBook@₹0available
"Goa Bliss, Majorda Beach",Majorda,| 6 minutes walk to Rajbag Beach,3.3,"['Caretaker', 'Entire Apartment']","₹1,852 per night",null,Room in a Cottage,| 1 Bedroom | Sleeps 4 guests,CoupleFriendlyFreeCancellationBook@₹0available
Village Utopia Cottages,Palolem,| 2.7 km drive to Benaulim Beach,4,"['| 1 Bedroom | Sleeps 4 guests', 'Shared Swimming Pool']","₹3,413 per night",null,null,null,CoupleFriendlyFreeCancellationBook@₹0availableBreakfastavailableatextracharges
Angies Villa,Calangute,Ends  in  18h:  06m:  25s,3.9,"['Reception', 'Water Sports']","₹25,219 per night",null,Entire Apartment,| 1 Bedroom | Sleeps 4 guests,CoupleFriendly
Resort De Crossroads,Calangute,| 8 minutes walk to Anjuna Beach,3,"['Swimming Pool', 'Kids Play Area']","₹3,179 per night",null,null,null,CoupleFriendlyFreeCancellationBreakfastIncludedBook@₹0available
El Raso - 1 BHK at Parra by The Blue Kite (08),Bardez,| 2.2 km drive to Vagator Beach,4.5,"['Room in a Cottage', '| 1 Bedroom | Sleeps 4 guests']","₹6,229 per night",Like a 3 Star,Entire Apartment,| 1 Bedroom | Sleeps 4 guests,CoupleFriendly
Tvessa A Boutique Hotel Goa,Ashwem Beach,Ends  in  03h:  01m:  38s,4.3,"['Shared Swimming Pool', 'Housekeeping']","₹3,095 per night",null,null,null,CoupleFriendlyFreeCancellationBook@₹0availableBreakfastavailableatextracharges
Urja resort Casablanca,Vagator,null,2.8,"['Gym', 'Swimming Pool']","₹1,792 per night",null,null,null,CoupleFriendly
Grandeur De Sanchi- Luxury Beach Resort & Spa,Calangute,| 3 minutes walk to Calangute Beach,3,"['Swimming Pool', 'Restaurant']","₹4,925 per night",null,null,null,CoupleFriendlyFreeCancellationBook@₹0availableBreakfastavailableatextracharges
Hotel 69 Calangute,Bardez,| 6 minutes walk to Candolim Beach,3.9,"['Room in a Villa', '| 1 Bedroom | Sleeps 4 guests']","₹2,647 per night",null,null,null,CoupleFriendlyFreeCancellationBook@₹0available
Ocean View Cottage,Calangute,null,4.7,"['Caretaker', 'Housekeeping']","₹1,893 per night",null,Room in a Cottage,| 1 Bedroom | Sleeps 4 guests,CoupleFriendly
SPOT ON SR Dream Home,Calangute,| 8 minutes walk to Morjim Beach,3.9,"['Gym', 'Swimming Pool']","₹2,848 per night",null,null,null,CoupleFriendlyFreeCancellationBook@₹0availableDistributedbyOYO
Cochichos Resort,Vagator,| 7 minutes walk to Candolim Beach,4.1,"['Room in an Apartment', '| 1 Bedroom | Sleeps 3 guests']","₹3,845 per night",null,null,null,CoupleFriendlyBreakfastavailableatextrachargesClean&modernpropertywithamaintainedpool
Martinet Vagator,Vagator,Ends  in  03h:  01m:  42s,4,"['Reception', 'Housekeeping']","₹1,243 per night",null,Room in a Homestay,| 1 Bedroom | Sleeps 4 guests,CoupleFriendly
VM Villas -2BHK,Candolim,| 4 minutes walk to Calangute Beach,5,"['Caretaker', 'Restaurant']","₹20,913 per night",null,Entire Villa,| 2 Bedrooms | Sleeps 8 guests,
Grande Alpine Hotel,Vagator,| 6 minutes walk to Colva Beach,4.5,"['Swimming Pool', 'Spa']","₹10,724 per night",null,null,null,CoupleFriendlyFreeCancellation
Casajuliana,Siolim,| 1.4 km drive to Varca Beach,3.8,"['Entire Apartment', '| 1 Bedroom | Sleeps 4 guests']","₹3,709 per night",null,null,null,CoupleFriendly
Anjuna Twin Studio's,Anjuna,| 2.3 km drive to Colva Beach,4.1,"['Elevator/Lift', 'Private Kitchen']","₹14,565 per night",null,Room in an Apartment,| 1 Bedroom | Sleeps 4 guests,
Hotel Atmaram,Mapusa,null,3.9,"['Bar', 'Rooms in a Homestay']",₹871 per night,null,null,null,CoupleFriendlyBreakfastavailableatextracharges
SPAN SUITES AND VILLAS,Morjim,null,4.1,"['| 2 Bedrooms | Sleeps 4 guests', 'Caretaker']","₹9,570 per night",Like a 3 Star,Entire Homestay,| 2 Bedrooms | Sleeps 6 guests,CoupleFriendly
Mysa Homes -Morjim,Morjim,| 4-5 minutes walk from Calangute Beach,3.6,"['Luggage Storage', 'Lounge']","₹2,676 per night",null,null,null,CoupleFriendlyFreeCancellationBook@₹0available
Angels Resort,Porvorim,| About a minute walk to Palolem Beach,4.3,"['Beds in a Hostel', '| 2 Dorm Beds']","₹3,884 per night",null,null,null,CoupleFriendlyFreeCancellationBook@₹0availableBreakfastavailableatextrachargesAtagoodlocationwithcomfortablerooms&goodfood
Smiley Holiday Apartments at Calangute,Calangute,| 7 minutes walk to Candolim Beach,3,"['Lounge', 'Barbeque']","₹2,400 per night",null,Entire Apartment,| 1 Bedroom | Sleeps 5 guests,CoupleFriendlyServicedapartmentwithanoutdoorpool&airyrooms
Melhor stays villas - L-A3 3BHK-Luxury Villa @ Assagao,Vagator,| About a minute walk to Baga Beach,4.5,"['Room in a Villa', '| 1 Bedroom | Sleeps 4 guests']","₹20,507 per night",null,Entire Villa,| 3 Bedrooms | Sleeps 12 guests,"CoupleFriendlyLuxevillaofferingaswimmingpool,kitchen,balcony&Wi-Fi"
Hotel Rukmini,Vasco Da Gama,| 8 minutes walk to Anjuna Beach,3.1,"['Swimming Pool', 'Kitchenette']","₹1,948 per night",null,null,null,CoupleFriendlyFreeCancellationBook@₹0availablePayAtHotel
Casa De Xavu,Candolim,| 3.0 km drive to Majorda Beach,5,"['null', 'Restaurant']","₹4,893 per night",Like a 3 Star,Room in a Homestay,| 1 Bedroom | Sleeps 4 guests,CoupleFriendly
Deluxe 2 Bedroom Resort Apartment With Pool,Calangute,| 3 minutes walk to Palolem Beach,3.3,"['Swimming Pool', 'Indoor Games']","₹19,865 per night",null,Entire Apartment,| 1 Bedroom | Sleeps 4 guests,CoupleFriendly
7 Sea Beach Resort,Candolim,| 2 minutes walk to Calangute Beach,3,"['Room in a Homestay', '| 1 Bedroom | Sleeps 4 guests']","₹4,173 per night",null,null,null,CoupleFriendlyBreakfastIncluded
The Baga Inn,Baga,| 3-4 minutes walk from Calangute Beach,2.7,"['Bonfire', 'Night Club']","₹1,845 per night",null,Room in a Homestay,| 1 Bedroom | Sleeps 4 guests,CoupleFriendly
Monarch Suites 1 BHK Pool Apartment,Candolim,null,3.8,"['Room in a Villa', '| 1 Bedroom | Sleeps 4 guests']","₹2,233 per night",null,Room in an Apartment,| 1 Bedroom | Sleeps 3 guests,"CoupleFriendlyEntireapartmentwithacaretaker,kitchen,beachaccess&Wi-Fi"
Bay 15,Tiswadi,| About a minute walk to Ashwem Beach,3.8,"['Shared Swimming Pool', 'Caretaker']","₹6,387 per night",null,null,null,CoupleFriendlyBreakfastIncluded
Hotel Grand Kadamba,Povorim,| 4-5 minutes walk from Vagator Beach,3.9,"['Room in a Homestay', '| 1 Bedroom | Sleeps 4 guests']","₹3,467 per night",null,null,null,CoupleFriendlyBreakfastIncluded
Georgies Place,Calangute,| 3-4 minutes walk from Calangute Beach,5,"['Caretaker', 'Parking']","₹29,430 per night",Like a 3 Star,Room in a Cottage,| 1 Bedroom | Sleeps 3 guests,CoupleFriendlyFreeCancellationBook@₹0available
Maria's Homestay by Vyom Trails,Siolim,null,4.4,"['Entire Villa', '| 3 Bedrooms | Sleeps 12 guests']","₹2,221 per night",null,Room in a Homestay,| 1 Bedroom | Sleeps 4 guests,CoupleFriendly
B&F Kensington Square | Entire 2 BR Apartment,Siolim,| About a minute walk to Calangute Beach,4.5,"['Private Swimming Pool', 'Caretaker']","₹3,437 per night",null,Entire Apartment,| 2 Bedrooms | Sleeps 8 guests,CoupleFriendly
Lar Amorosa Studios,Bardez,null,4.3,"['Room in a Cottage', '| 1 Bedroom | Sleeps 4 guests']","₹5,474 per night",null,Room in an Apartment,| 1 Bedroom | Sleeps 4 guests,"CoupleFriendlyRoominanapartmentwithakitchenette,parking&patios"
Atharva Holiday Home,Anjuna,| 4-5 minutes walk from Vagator Beach,3.9,"['Caretaker', 'Housekeeping']","₹9,300 per night",null,Room in a Homestay,| 1 Bedroom | Sleeps 4 guests,CoupleFriendlyFreeCancellationBook@₹0available
Jolenes Ashvem,North Goa,| 4-5 minutes walk from Vagator Beach,4.3,"['Restaurant', 'Entire Homestay']","₹1,212 per night",null,Room in a Homestay,| 1 Bedroom | Sleeps 4 guests,CoupleFriendlyFreeCancellationBook@₹0available
El Sereno - 2 BHK at Vagator by The Blue Kite (04),Vagator,| 4 minutes walk to Candolim Beach,5,"['| 1 Bedroom | Sleeps 4 guests', 'Shared Swimming Pool']","₹10,678 per night",Like a 4 Star,Entire Apartment,| 1 Bedroom | Sleeps 4 guests,CoupleFriendly
StayVista at Oceanic Sunsets,Bardez,| 7 minutes walk to Vagator Beach,null,"['Private Kitchen', '| 1 Bedroom | Sleeps 4 guests']","₹95,920 per night",Like a 5 Star,Entire Villa,| 5 Bedrooms | Sleeps 20 guests,"BreakfastIncludedVillawithasea-facingpool,airylivingroom&adiningarea"
Rendezvous Beach Resort,Panjim,null,3,"['Housekeeping', 'Caretaker']","₹2,885 per night",null,null,null,CoupleFriendlyFreeCancellationBook@₹0availableBreakfastavailableatextracharges
The Hotel Classic Verna,Verna,| 5 minutes walk to Anjuna Beach,3.9,"['Entire Apartment', '| 2 Bedrooms | Sleeps 8 guests']","₹3,274 per night",null,null,null,CoupleFriendlyBreakfastavailableatextracharges
Meraden La Oasis,Anjuna,| 10 minutes walk to Mapusa Bus Stand,4.1,"['Wi-Fi', 'Private Kitchen']","₹3,296 per night",null,null,null,CoupleFriendlyBreakfastavailableatextracharges
Reliance House,Calangute,null,4.6,"['Room in a Homestay', '| 1 Bedroom | Sleeps 4 guests']","₹7,044 per night",null,Room in an Apartment,| 1 Bedroom | Sleeps 4 guests,CoupleFriendly
4BR Pvt Villa | Pool | Terrace | Anjuna,Anjuna,| 3 minutes walk to Morjim Beach,4.1,"['Shared Living Room', 'Seating Area']","₹19,181 per night",Like a 5 Star,Entire Villa,| 4 Bedrooms | Sleeps 16 guests,"CoupleFriendlyCoupleFriendlyHassleFreeCheck-inPrivateBookingsUnmarriedCouplesLocalId'sAcceptedEntire3BHKpoolvillaofferingakitchen,livingroom&terrace"
Sonika Leisure,Candolim,null,3.7,"['Swimming Pool', 'Kids Play Area']","₹3,015 per night",null,null,null,CoupleFriendlyFreeCancellationBook@₹0availablePayAtHotelBreakfastavailableatextracharges
Welkin Stays Beachside Apartment,Calangute,| 1.5 km drive to Calangute Beach,4.2,"['Room in a Homestay', '| 1 Bedroom | Sleeps 4 guests']","₹1,842 per night",Like a 3 Star,Room in a Homestay,| 1 Bedroom | Sleeps 6 guests,CoupleFriendly
Agonda Secret Garden (Sea View),Agonda,null,3.9,"['Caretaker', 'Parking']","₹3,575 per night",null,null,null,CoupleFriendlyBreakfastIncluded
VILLA SOL AREIA,Candolim,| 8.9 km drive to Goa International Airport,3.8,"['null', 'Entire Homestay']","₹3,971 per night",null,null,null,CoupleFriendlyFreeCancellationBook@₹0availableBreakfastavailableatextracharges
Santiago Resort,Baga,| 4-5 minutes walk from Sinquerium Beach,3.2,"['| 3 Bedrooms | Sleeps 12 guests', 'Private Kitchen']","₹4,896 per night",null,null,null,FreeCancellationBook@₹0availableBreakfastavailableatextracharges
VEGA-A boutique hotel by Lotus Leaf Hotels,Colva,| 2.5 km drive to Calangute Beach,4.1,"['Shared Living Room', 'Entire Apartment']","₹4,719 per night",null,null,null,CoupleFriendlyBreakfastIncluded
Hotel Colva Plaza,Majorda,| About a minute walk to Candolim Beach,4.1,"['| 1 Bedroom | Sleeps 6 guests', 'Reception']","₹1,896 per night",null,null,null,FreeCancellationBook@₹0available
COZY WOODS HILL RESORT,Carambolim,| 3 minutes walk to Baga Beach,3.7,"['Housekeeping', '| 1 Bedroom | Sleeps 3 guests']","₹4,364 per night",null,null,null,CoupleFriendly
Cozy 2X2 BHK for Large group with pool Anjuna,Vagator,| 1.3 km drive to Candolim Beach,4.2,"['Swimming Pool', 'Housekeeping']","₹8,696 per night",null,Entire Apartment,| 4 Bedrooms | Sleeps 16 guests,CoupleFriendlyFreeCancellationBook@₹0available
Sana's Villas Goa,Baga,null,3.8,"['Room in an Apartment', '| 1 Bedroom | Sleeps 4 guests']","₹12,002 per night",null,Room in a Homestay,| 1 Bedroom | Sleeps 4 guests,CoupleFriendly
Fully Furnished SSS 1 Bedroom Service Apartment,Arpora,null,4.4,"['Caretaker', 'Housekeeping']","₹12,302 per night",null,Entire Apartment,| 1 Bedroom | Sleeps 4 guests,10%DiscountOnAirportTransfer
"The Eden Inn - A Lake  View Hotel, By The Saga Stays",Arpora,| 6 minutes walk to Calangute Beach,3.9,"['Room in a Homestay', '| 1 Bedroom | Sleeps 4 guests']","₹4,870 per night",null,null,null,Breakfastavailableatextracharges
SantaTerra Green Studio at Reis Magos by The Blue Kite,Nerul,null,4.2,"['Shared Parking', 'Wi-Fi']","₹5,884 per night",Like a 3 Star,Entire Apartment,| 1 Bedroom | Sleeps 4 guests,CoupleFriendly
Kartik Resort,Mandrem Beach,null,3.7,"['Room in an Apartment', '| 1 Bedroom | Sleeps 3 guests']","₹2,889 per night",null,null,null,CoupleFriendlyFreeCancellationBook@₹0available
5 Bhk Villa Near the beach,Bardez,null,null,"['Reception', 'Housekeeping']","₹35,286 per night",null,Room in a Homestay,| 1 Bedroom | Sleeps 15 guests,CoupleFriendlyFreeCancellation
Heritage Exotica D wing,Arpora,| 2 minutes walk to Anjuna Beach,3.7,"['Room in an Apartment', '| 1 Bedroom | Sleeps 4 guests']","₹3,786 per night",null,Entire Apartment,| 1 Bedroom | Sleeps 4 guests,CoupleFriendly
The Honeymooners Houstel,Mormugao,null,4.4,"['Reception', '24-hour Security']","₹5,177 per night",null,Room in a Homestay,| 1 Bedroom | Sleeps 4 guests,BreakfastIncluded
Holiday Apartments Goa,Benaulim,| 2.4 km drive to Vagator Beach,5,"['Swimming Pool', 'Kids Play Area']","₹3,992 per night",null,Entire Apartment,| 2 Bedrooms | Sleeps 6 guests,CoupleFriendly
Hotel O Triple Beach Guest House,Benaulim,Ends  in  03h:  01m:  57s,3.2,"['Swimming Pool', 'Indoor Games']","₹2,464 per night",null,null,null,CoupleFriendlyFreeCancellationDistributedbyOYO
Sea Nest Villa,Baga,| 2.5 km drive to Miramar Beach,5,"['Room in a Cottage', '| 1 Bedroom | Sleeps 4 guests']","₹46,430 per night",null,Entire Villa,| 4 Bedrooms | Sleeps 16 guests,"CoupleFriendlyLuxurypoolvillawithajacuzzi,kitchen&parking"
Raaj Inn Apartment,Candolim,null,null,"['Housekeeping', 'Free Wi-Fi']","₹8,196 per night",null,Entire Apartment,| 1 Bedroom | Sleeps 3 guests,FreeCancellationBook@₹0available
The Vegas Villa- Heritage Portuguese Villa with Pool,Bardez,| 4-5 minutes walk from Anjuna Beach,4.4,"['Lounge', 'Swimming Pool']","₹3,260 per night",null,Room in an Apartment,| 1 Bedroom | Sleeps 3 guests,CoupleFriendly
Cherry Blossom Villa 3 BHK,Bardez,| 1.1 km drive to Calangute Beach,null,"['Entire Apartment', '| 1 Bedroom | Sleeps 4 guests']","₹41,716 per night",null,Entire Villa,| 3 Bedrooms | Sleeps 9 guests,
The Figueiredo Mansion,South Goa,| 3.0 km drive to Anjuna Beach,4.2,"['Shared Parking', 'Power Backup']","₹6,208 per night",Like a 5 Star,Room in a Villa,| 1 Bedroom | Sleeps 4 guests,CoupleFriendly
TURIYA VILLA,Margao,| 8 minutes walk to Candolim Beach,4.1,"['| 1 Bedroom | Sleeps 3 guests', 'Reception']","₹10,339 per night",null,Room in a Villa,| 1 Bedroom | Sleeps 4 guests,CoupleFriendlyBreakfastIncluded
Luxury Beachside Tranquility Row Villa,Vainguinim Beach,| 990 m drive to Calangute Beach,4,"['24-hour Security', 'Swimming Pool']","₹20,777 per night",null,Entire Villa,| 3 Bedrooms | Sleeps 12 guests,"Entire3BHKvillawithapool,kitchen&apatio"
HERITAGE HOLIDAYS,Arpora,| 2 minutes walk to Agonda Beach,4.1,"['Pool/ Beach towels', 'Swimming Pool']","₹10,390 per night",null,Entire Apartment,| 1 Bedroom | Sleeps 4 guests,CoupleFriendlyFreeCancellationBook@₹0available
Staymaster Serafina Spacious 1BR AC WiFi TV Goa,Calangute,| 7 minutes walk to Candolim Beach,5,"['Lounge', '| 3 Bedrooms | Sleeps 12 guests']","₹3,390 per night",Like a 4 Star,Entire Homestay,| 1 Bedroom | Sleeps 4 guests,CoupleFriendly
Villa Antaao close to Majorda beach and airport,South Goa,| 8 minutes walk to Calangute Beach,3.9,"['Swimming Pool', 'Caretaker']","₹2,767 per night",null,Entire Villa,| 1 Bedroom | Sleeps 4 guests,
LohonoStays Estaete De Escobar,Arpora,| 4-5 minutes walk from Sernabatim Beach,3.9,"['Entire Apartment', '| 2 Bedrooms | Sleeps 8 guests']","₹73,274 per night",Like a 5 Star,Entire Villa,| 5 Bedrooms | Sleeps 20 guests,CoupleFriendlyBreakfastIncluded
Rustic 3BHK Luxury Private Pool Villa,Bardez,| 2.6 km drive to Colva Beach,4.5,"['Shared Swimming Pool', 'Reception']","₹14,367 per night",Like a 3 Star,Entire Villa,| 3 Bedrooms | Sleeps 12 guests,CoupleFriendly
Stunning villa with Private pool in Dona Paula,Panjim,null,4.5,"['Room in a Villa', '| 1 Bedroom | Sleeps 4 guests']","₹30,789 per night",null,Entire Villa,| 3 Bedrooms | Sleeps 12 guests,CoupleFriendly
El Arbol - 2 BHK at Nerul by The Blue Kite (204),Nerul,| 2.6 km drive to Vagator Beach,5,"['Caretaker', 'Housekeeping']","₹9,601 per night",Like a 4 Star,Entire Apartment,| 2 Bedrooms | Sleeps 8 guests,CoupleFriendly
"Treebo Majestic Palms, 2 Km From Colva Beach",South Goa,| 4 minutes walk to Baga Beach,3.4,"['Swimming Pool', 'Indoor Games']","₹4,882 per night",null,null,null,FreeCancellationBreakfastIncludedBook@₹0availableComplimentarystayforchildren(Maxagelimit8years)
MN Resort 2 BHK Apartment,Arpora,| 1.9 km drive to Baga Beach,null,"['Gym', 'Swimming Pool']","₹8,863 per night",null,Entire Apartment,| 2 Bedrooms | Sleeps 8 guests,FreeCancellationBook@₹0available
Anthony Guest House by Goa tour Adviser,Candolim,| 2.1 km drive to Baga Beach,4.2,"['Swimming Pool', 'Restaurant']","₹1,753 per night",Like a 3 Star,Room in a Homestay,| 1 Bedroom | Sleeps 4 guests,
Casa Vista | Candolim | 2BHK by ZaraGosa,Candolim,null,4.4,"['Room in a Cottage', '| 1 Bedroom | Sleeps 4 guests']","₹8,612 per night",Like a 3 Star,Entire Apartment,| 2 Bedrooms | Sleeps 10 guests,CoupleFriendly
Indigoa Bay Apartments,Calangute,| 3 minutes walk to Mandrem Beach,5,"['Pool/ Beach towels', 'Shared Parking']","₹63,788 per night",null,Entire Apartment,| 2 Bedrooms | Sleeps 8 guests,CoupleFriendly
Rainforest Virgo 3 BHK RiverFront Private Pool Villa,Nerul,null,null,"['Spa', 'Swimming Pool']","₹34,390 per night",null,Entire Villa,| 2 Bedrooms | Sleeps 8 guests,"CoupleFriendlyVillawithapool,livingroom,kitchen&riverviews"
Nelson Hotel,Baga,null,2.7,"['Gym', 'Swimming Pool']","₹1,598 per night",null,null,null,FreeCancellationBook@₹0available
Natures Nest Goa,Mollem,| 4-5 minutes walk from Arossim Beach,null,"['Room in a Homestay', '| 1 Bedroom | Sleeps 5 guests']","₹9,513 per night",null,null,null,CoupleFriendly
Bell Pepper by MangroveStays,Varca,| 1.5 km drive to Sernabatim Beach,4.4,"['Caretaker', 'Restaurant']","₹12,000 per night",Like a 3 Star,Entire Villa,| 3 Bedrooms | Sleeps 12 guests,"CoupleFriendlyFreeCancellationBook@₹0availableEntirevilla3BHKvillawithacaretaker,powerbackup&beachaccess"
Penthouse by Beiramar Baga by Rightstay,Baga,| 1.4 km drive to Sernabatim Beach,5,"['Housekeeping', 'Air Conditioning']","₹3,490 per night",null,Entire Apartment,| 1 Bedroom | Sleeps 4 guests,CoupleFriendly
Cottage Green Homestay,Arossim Beach,| 1.9 km drive to Baga Beach,4.2,"['| 5 Bedrooms | Sleeps 20 guests', 'Private Swimming Pool']","₹5,670 per night",Like a 3 Star,Room in a Cottage,| 1 Bedroom | Sleeps 4 guests,CoupleFriendlyFreeCancellationBook@₹0available
Homestay Braganca,Panjim,| 8 minutes walk to Candolim Beach,null,"['Caretaker', 'Entire Villa']","₹9,676 per night",null,Room in a Homestay,| 1 Bedroom | Sleeps 4 guests,
LohonoStays Sacri Borod Hill 6,Ashwem Beach,null,null,"['| 4 Bedrooms | Sleeps 16 guests', 'Caretaker']","₹98,351 per night",Like a 5 Star,Entire Villa,| 5 Bedrooms | Sleeps 20 guests,CoupleFriendly
Shunya Kaju Varo,Ashwem Beach,null,4,"['Housekeeping', '| 1 Bedroom | Sleeps 4 guests']","₹15,423 per night",null,Room in a Villa,| 1 Bedroom | Sleeps 4 guests,
Dabotel,Calangute,null,4.2,"['Shared Swimming Pool', 'Caretaker']","₹2,094 per night",null,null,null,CoupleFriendlyFreeCancellationBook@₹0availableBreakfastavailableatextracharges
"Hotel Miramar, Miramar Beach",Panjim,null,3.3,"['Gym', 'Swimming Pool']","₹2,403 per night",null,null,null,CoupleFriendlyFreeCancellationBook@₹0available
Nature's Harmony,South Goa,| About a minute walk to Vainguinim Beach,4.4,"['Swimming Pool', 'Spa']",₹834 per night,null,null,null,CoupleFriendlyFreeCancellationBook@₹0availableBreakfastavailableatextracharges
Rainforest Boulevard A3 Entire 3BHK Private Pool Villa,Anjuna,Ends  in  03h:  02m:  09s,4,"['| 3 Bedrooms | Sleeps 12 guests', 'Shared Swimming Pool']","₹40,200 per night",Like a 5 Star,Entire Villa,| 3 Bedrooms | Sleeps 12 guests,"CoupleFriendlyEntirepet-friendlyvillawithakitchen,caretaker&lawn"
"La Mansion, Goa",Bardez,null,3.6,"['Caretaker', 'Swimming Pool']","₹2,108 per night",null,null,null,FreeCancellationBook@₹0available
All Seasons Beach Classic,Candolim,null,2.9,"['Entire Apartment', '| 1 Bedroom | Sleeps 4 guests']","₹3,535 per night",null,null,null,CoupleFriendlyBreakfastavailableatextracharges
Hotel Blue Bay,Panjim,| 1.7 km drive to Utorda Beach,4,"['Housekeeping', 'Pool/ Beach towels']","₹2,181 per night",null,null,null,CoupleFriendlyFreeCancellationBook@₹0available
FabHotel Royal Mirage With Pool & GYM - Nr. Candolim Beach,Candolim,Ends  in  03h:  02m:  12s,4.5,"['| 1 Bedroom | Sleeps 4 guests', 'Seating Area']","₹2,945 per night",null,null,null,"CoupleFriendlyPayAtHotelBreakfastavailableatextrachargesJust2minutesawayfromOcean7Casino,perfectfornightlifeenthusiasts."
Manvin's Inn,Calangute,null,3.6,"['Power Backup', 'Swimming Pool']","₹1,453 per night",null,null,null,CoupleFriendlyFreeCancellationBreakfastIncludedBook@₹0available
di Casa Resort,Calangute,| About a minute walk to Caranzalem Beach,4.7,"['Kids Play Area', 'Kitchenette']","₹2,869 per night",null,null,null,CoupleFriendlyFreeCancellationBook@₹0availableBreakfastavailableatextracharges
Ochre Villa Luxury Property in Vagator,Vagator,null,4.4,"['Caretaker', 'Swimming Pool']","₹30,778 per night",Like a 5 Star,Entire Villa,| 3 Bedrooms | Sleeps 12 guests,CoupleFriendly
Mary's Guest House,Calangute Baga Road,| 2.0 km drive to Sernabatim Beach,5,"['Vehicle Rentals', 'Swimming Pool']","₹10,893 per night",null,Room in a Homestay,| 1 Bedroom | Sleeps 4 guests,CoupleFriendly
KAMAT'S HILLTOP LEISURE,Panjim,| 1.9 km drive to Baga Beach,4.4,"['Restaurant', 'Swimming Pool']","₹3,403 per night",null,null,null,CoupleFriendlyBreakfastavailableatextracharges20%DiscountOnF&BServices
Palolem Guest House,Palolem,| 5 minutes walk to Candolim Beach,4.3,"['Spa', '| 1 Bedroom | Sleeps 20 guests']","₹4,176 per night",null,null,null,CoupleFriendly
SAB INN,Calangute,| 2.0 km drive to Candolim Beach,5,"['Swimming Pool', 'Power Backup']","₹5,750 per night",null,Entire Apartment,| 1 Bedroom | Sleeps 4 guests,CoupleFriendly
Indy WaterFront Resort,Velim,| 3-4 minutes walk from Candolim Beach,3.8,"['Indoor Games', '| 2 Bedrooms | Sleeps 8 guests']","₹4,798 per night",null,null,null,CoupleFriendlyFreeCancellationBook@₹0availablePayAtHotelBreakfastavailableatextracharges
Cocoteros Resort,North Goa,null,4.4,"['Shared Swimming Pool', 'Caretaker']","₹3,531 per night",null,null,null,CoupleFriendlyBreakfastavailableatextracharges
Mi Casa By The Sea,Candolim,| About a minute walk to Baga Beach,3,"['Restaurant', 'Bar']","₹2,529 per night",null,null,null,
Cola Goa Beach Resort,Cola Beach,null,4.1,"['Entire Apartment', '| 2 Bedrooms | Sleeps 8 guests']","₹13,020 per night",null,null,null,CoupleFriendly
Aarju Luxurious Wave,Calangute,| 4-5 minutes walk from Varca Beach,4.4,"['Housekeeping', 'Elevator/Lift']","₹8,657 per night",null,null,null,CoupleFriendly
"ama Stays & Trails | Eden Farms , Goa",South Goa,| 6 minutes walk to Baga Beach,5,"['Caretaker', 'Lawn']","₹9,675 per night",Like a 5 Star,Room in a Villa,| 1 Bedroom | Sleeps 4 guests,"CoupleFriendlyBreakfastIncludedManagedbyTajExoticaResort&Spa,Goa"
Ondas Do Mar Beach Resort  Phase I,Calangute,| 6 minutes walk to Arossim Beach,3.3,"['Swimming Pool', 'Restaurant']","₹2,589 per night",null,null,null,CoupleFriendlyBreakfastavailableatextracharges
Sukhmantra Resort & Spa,Candolim,| 7 minutes walk to Vainguinim Beach,3.8,"['Gym', 'Swimming Pool']","₹2,004 per night",null,null,null,CoupleFriendlyBreakfastavailableatextrachargesComplimentaryHi-TeaservedwithCookies
Phoenix castle house palolem,Palolem,| 2 minutes walk to Ashwem Beach,3.6,"['Caretaker', 'Luggage Storage']","₹1,887 per night",null,null,null,CoupleFriendlyFreeCancellationBook@₹0availableBreakfastavailableatextracharges
Tranquil Inn,Calangute,| 4 minutes walk to Ashwem Beach,3.5,"['Bonfire', 'Swimming Pool']","₹2,355 per night",null,null,null,CoupleFriendlyFreeCancellationBook@₹0availableBreakfastavailableatextracharges
Meraden Opus,Anjuna,| 1.3 km drive to Calangute Beach,4.3,"['Kids Play Area', 'Kitchenette']","₹2,942 per night",null,null,null,CoupleFriendlyBreakfastavailableatextracharges
2bhk2 Candolim Goa Villa Homestay AC WiFi Back Upto 10ppl,Candolim,| 2 minutes walk to Caranzalem Beach,5,"['Living Room', 'Restaurant']","₹6,207 per night",null,Entire Homestay,| 2 Bedrooms | Sleeps 12 guests,CoupleFriendly
Windsor Bay Hotel by The Mayfield,Calangute Baga Road,null,3.7,"['Bar', 'Spa']","₹5,621 per night",null,null,null,CoupleFriendlyFreeCancellationBook@₹0availableBreakfastavailableatextracharges
Margao Residency,Margao,| 8 minutes walk to Anjuna Beach,4.1,"['Beach club', 'Entire Villa']","₹1,534 per night",null,null,null,CoupleFriendlyFreeCancellationBook@₹0available
Hotel Viva Baga,Baga,null,3.8,"['| 3 Bedrooms | Sleeps 12 guests', 'Swimming Pool']","₹1,949 per night",null,null,null,
THE FLORA GRAND,Vasco Da Gama,| 5 minutes walk to Candolim Beach,3.9,"['Caretaker', 'Entire Villa']","₹4,270 per night",null,null,null,FreeCancellationBook@₹0availableBreakfastavailableatextracharges
Leoney Resort,Vagator,| 2 minutes walk to Caranzalem Beach,3.6,"['| 3 Bedrooms | Sleeps 12 guests', 'Shared Swimming Pool']","₹4,495 per night",null,null,null,"CoupleFriendlyBreakfastIncludedProximitytotheBeach,aswimmingpool&greatstaff"
LohonoStays Villa Vivre,Assagao,| 8 minutes walk to Candolim Beach,3.7,"['Caretaker', 'Room in a Cottage']","₹40,216 per night",Like a 5 Star,Entire Villa,| 4 Bedrooms | Sleeps 16 guests,CoupleFriendlyBreakfastIncluded
Hotel La Grace,Majorda,| 3-4 minutes walk from Calangute Beach,3.8,"['| 1 Bedroom | Sleeps 4 guests', 'Caretaker']","₹2,379 per night",null,null,null,
OCEAN VIEW GOAN BEACH HOUSE,Calangute,| 4-5 minutes walk from Candolim Beach,3,"['Wi-Fi', 'Entire Villa']","₹1,240 per night",null,null,null,CoupleFriendlyFreeCancellationBook@₹0available
Hotel Candolim Grande,Candolim,null,4.3,"['| 2 Bedrooms | Sleeps 8 guests', 'Private Kitchen']","₹9,756 per night",null,null,null,FreeCancellationBook@₹0availableBreakfastavailableatextracharges
Prestige Hotel,Bardez,| 8 minutes walk to Calangute Beach,4.1,"['Private Living Room', 'Room in an Apartment']","₹2,240 per night",null,null,null,CoupleFriendlyFreeCancellationBook@₹0availableBreakfastavailableatextracharges
So My Anjuna,Anjuna,| 7 minutes walk to Vainguinim Beach,4.1,"['| 1 Bedroom | Sleeps 4 guests', 'Housekeeping']","₹2,182 per night",null,null,null,CoupleFriendlyFreeCancellationBook@₹0available
Andores Resort And Spa,Calangute Baga Road,| 5 minutes walk to Palolem Beach,4.7,"['Shared Swimming Pool', 'Entire Apartment']","₹13,115 per night",null,null,null,CoupleFriendlyBreakfastIncluded
"The Boho, Vagator Beach Goa Near Thalassa",Vagator,| 1.6 km drive to Calangute Beach,3.3,"['| 2 Bedrooms | Sleeps 10 guests', 'Private Swimming Pool']","₹3,119 per night",null,Room in an Apartment,| 1 Bedroom | Sleeps 3 guests,"CoupleFriendlyElegantapartmentwithapool,restaurant,terrace&sit-outs"
Hotel The Golden Sands,Calangute,null,3.7,"['Free Wi-Fi', '| 1 Bedroom | Sleeps 4 guests']","₹4,371 per night",null,null,null,CoupleFriendlyBreakfastavailableatextracharges
"Angels Heaven, Anjuna beach",Anjuna,| 4-5 minutes walk from Mandrem Beach,4.5,"['Shared Swimming Pool', 'Caretaker']","₹1,179 per night",null,null,null,CoupleFriendlyFreeCancellationBook@₹0available
Le Magnifique,Povorim,| 2 minutes walk to Candolim Beach,4.6,"['Room in a Homestay', '| 1 Bedroom | Sleeps 4 guests']","₹3,761 per night",null,null,null,FreeCancellationBook@₹0availableBreakfastavailableatextracharges
Purushottam Residency,Calangute,null,3,"['Kitchenette', 'Living Room']","₹1,820 per night",null,null,null,FreeCancellationBook@₹0availableBreakfastavailableatextracharges
Salson Ferns Nest,Calangute Baga Road,| 1.7 km drive to Calangute Beach,null,"['Free Parking', 'Seating Area']","₹2,053 per night",null,Room in a Homestay,| 1 Bedroom | Sleeps 4 guests,CoupleFriendly
Nanu's Vacation House| Heritage Cottage,Vagator,null,4.1,"['Room in an Apartment', '| 1 Bedroom | Sleeps 4 guests']","₹2,359 per night",null,Room in a Homestay,| 1 Bedroom | Sleeps 4 guests,CoupleFriendlyEntirecottagenearthebeachwithhigh-speedWi-Fi&parking
Dudhsagar Plantation | Pool & Spice Garden,Goa,| 3-4 minutes walk from Calangute Beach,4.4,"['Shared Swimming Pool', 'Reception']","₹10,250 per night",null,Room in a Farm House,| 1 Bedroom | Sleeps 8 guests,BreakfastIncluded
Casa Vagator,Vagator,| 4-5 minutes walk from Candolim Beach,3.3,"['Swimming Pool', 'Indoor Games']","₹9,625 per night",null,null,null,CoupleFriendlyBreakfastIncluded
"Anoop Jo luxury 1bhk apartment Baga Entire flat, sleeps 5",Bandoli,| 9 minutes walk to Palolem Beach,null,"['Swimming Pool', 'Indoor Games']","₹5,130 per night",null,Room in an Apartment,| 1 Bedroom | Sleeps 4 guests,FreeCancellationBook@₹0available
Saga De Banyan 3BHK Luxurious Apartment Candolim,Candolim,| 4-5 minutes walk from Calangute Beach,4.4,"['Entire Apartment', '| 1 Bedroom | Sleeps 4 guests']","₹11,615 per night",null,Entire Apartment,| 3 Bedrooms | Sleeps 12 guests,CoupleFriendly
Mariner's Bay Beach Resort,Arambol Beach,Ends  in  18h:  07m:  12s,3.6,"['Housekeeping', 'Free Wi-Fi']","₹3,317 per night",null,null,null,CoupleFriendlyFreeCancellationBook@₹0availableBreakfastavailableatextracharges
The Horizon,Calangute,| 10 minutes walk to Anjuna Beach,3.7,"['Swimming Pool', 'Fireplace']","₹3,003 per night",null,null,null,CoupleFriendlyFreeCancellationBook@₹0availableBreakfastavailableatextracharges
Royale Exotica,Calangute,Ends  in  18h:  07m:  12s,4.2,"['null', 'Room in a Villa']","₹8,499 per night",null,null,null,CoupleFriendlyFreeCancellationBreakfastIncludedBook@₹0available
Subhash Guest House,Baga,| 6 minutes walk to Candolim Beach,3.6,"['| 1 Bedroom | Sleeps 4 guests', 'Shared Living Room']","₹1,413 per night",null,null,null,CoupleFriendly
Hibis Hotels and Resorts,Morjim,| 7 minutes walk to Calangute Beach,3.5,"['Seating Area', 'Swimming Pool']","₹4,343 per night",null,null,null,CoupleFriendlyFreeCancellationBook@₹0availableBreakfastavailableatextracharges
Hotel Siesta de goa,Varca,null,4.1,"['Water Sports', 'Room in an Apartment']","₹2,437 per night",null,null,null,CoupleFriendlyFreeCancellationBook@₹0availableBreakfastavailableatextracharges20%DiscountOnF&BServices
PRAZERES BOUTIQUE HOTEL,Panjim,| 9 minutes walk to Baga Beach,3.9,"['| 1 Bedroom | Sleeps 2 guests', 'Housekeeping']","₹3,993 per night",null,null,null,CoupleFriendlyFreeCancellationBook@₹0availableBreakfastavailableatextracharges
Raikar Guest House,Bogmalo,| 5.8 km drive to Goa International Airport,3.8,"['Caretaker', 'Entire Apartment']","₹2,709 per night",null,null,null,CoupleFriendlyFreeCancellationBook@₹0available
Palm Heaven,Palolem,| 4-5 minutes walk from Vagator Beach,3.8,"['| 3 Bedrooms | Sleeps 12 guests', 'Reception']","₹5,704 per night",null,null,null,CoupleFriendly
De Carmino Studios,Calangute,Ends  in  03h:  02m:  28s,3,"['Caretaker', 'Beach club']","₹2,654 per night",null,Room in an Apartment,| 1 Bedroom | Sleeps 4 guests,"CoupleFriendlyCharmingstudiowithapool,restaurant&akitchen"
Sea Breeze Inn Calangute,Calangute Baga Road,| 4 minutes walk to Margao Bus Terminal,2.4,"['Restaurant', 'Restaurant']","₹2,529 per night",null,null,null,CoupleFriendlyFreeCancellationBook@₹0availableBreakfastavailableatextracharges
Etereo Stays Luxury Apartments in Baga,Arpora,| About a minute walk to Calangute Beach,4.6,"['Bar', 'Entire Apartment']","₹4,411 per night",null,Entire Apartment,| 1 Bedroom | Sleeps 4 guests,CoupleFriendlyFreeCancellationBook@₹0available
Ramatan Resort,Vagator,| 9 minutes walk to Candolim Beach,4.2,"['| 2 Bedrooms | Sleeps 8 guests', 'Housekeeping']","₹4,078 per night",null,null,null,CoupleFriendlyBreakfastavailableatextracharges
Baia Do Sol (A Boutique Beach Resort),Baga,null,3.4,"['Caretaker', 'Luggage Storage']","₹1,765 per night",null,null,null,CoupleFriendlyBreakfastavailableatextracharges
SPARV Aulakhs Resort,North Goa,| 8 minutes walk to Anjuna Beach,4.4,"['Balcony/Terrace', 'Swimming Pool']","₹3,140 per night",null,null,null,CoupleFriendlyBreakfastavailableatextracharges
Octopus Luxury Apartment | Rooms with Wi-Fi,Baga,| 6 minutes walk to Calangute Beach,3.4,"['Indoor Games', 'Restaurant']","₹3,343 per night",null,Room in an Apartment,| 1 Bedroom | Sleeps 4 guests,CoupleFriendlyWell-appointedapartmentwithspaciousrooms&diningarea
Nitya Resort and Spa,Calangute,| 3.0 km drive to Vagator Beach,3.7,"['| 1 Bedroom | Sleeps 4 guests', 'Shared Swimming Pool']","₹3,691 per night",null,null,null,CoupleFriendlyFreeCancellationBreakfastavailableatextracharges
Sal Riviera,South Goa,| 9 minutes walk to Calangute Beach,3.8,"['Shared Living Room', 'Pool/ Beach towels']","₹3,766 per night",null,null,null,CoupleFriendlyFreeCancellationBook@₹0availableBreakfastavailableatextracharges
De Mandarin Goa,Candolim,| 7 minutes walk to Anjuna Beach,4.2,"['Lounge', 'Swimming Pool']","₹12,784 per night",null,null,null,CoupleFriendlyFreeCancellationBreakfastIncluded
"Soul Vacation Resort and Spa, Colva",Colva,null,4,"['Caretaker', '| 1 Bedroom | Sleeps 4 guests']","₹5,748 per night",null,null,null,CoupleFriendlyBreakfastIncluded
Miranda Beach Resort,Baga,| 4 minutes walk to Calangute Beach,3.9,"['Swimming Pool', 'Reception']","₹2,980 per night",null,null,null,CoupleFriendlyFreeCancellationBook@₹0availableBreakfastavailableatextracharges
Maria Angela Guesthouse,Calangute,| 6 minutes walk to Calangute Beach,3.4,"['Night Club', 'Luggage Storage']","₹2,129 per night",null,null,null,CoupleFriendlyFreeCancellationBook@₹0available
One Bedroom Villa with Pool access in Siolim,Siolim,null,null,"['Restaurant', 'Entire Apartment']","₹4,637 per night",null,Entire Villa,| 1 Bedroom | Sleeps 4 guests,CoupleFriendlyFreeCancellationBook@₹0available
Terraria Stay and Cafe Goa,Palolem,null,4.4,"['| 3 Bedrooms | Sleeps 12 guests', 'Housekeeping']","₹5,407 per night",Like a 3 Star,Room in a Villa,| 1 Bedroom | Sleeps 4 guests,CoupleFriendly
Hotel O Omkar Guest House Near Immaculate Conception Church,Panjim,| 12 minutes walk to Vagator Beach,2.4,"['Caretaker', 'Entire Apartment']","₹2,255 per night",null,null,null,"CoupleFriendlyFreeCancellationBook@₹0availableSecureAtmosphere,WelcomingService,Hassle-FreeCheck-In"
Dona Sa Maria Hotel,South Goa,null,4,"['| 1 Bedroom | Sleeps 5 guests', 'Reception']","₹5,712 per night",null,null,null,CoupleFriendlyFreeCancellationBook@₹0available
Endlesss Blue Hostel- Vagator,Vagator,| 5 minutes walk to Candolim Beach,4.4,"['24-hour Security', 'Swimming Pool']","₹1,240 per night",null,Beds in a Hostel,| 2 Dorm Beds,"CoupleFriendlyCharminghostelfeaturingarestaurant,lawn&freeWi-Fi"
Sydneyxcafe&Beach Huts,Arambol Beach,| 2.8 km drive to Mandrem Beach,3.9,"['Restaurant', '| 3 Bedrooms | Sleeps 12 guests']","₹2,872 per night",null,null,null,CoupleFriendlyFreeCancellationBook@₹0available
Mermaid Resort,Arambol,| 10 minutes walk to Calangute Beach,3.6,"['Private Swimming Pool', 'Caretaker']","₹2,112 per night",null,null,null,CoupleFriendlyFreeCancellationBook@₹0available
La Vega Resorts,Morjim,| About a minute walk to Calangute Beach,3.6,"['| 1 Bedroom | Sleeps 4 guests', 'Shared Swimming Pool']","₹1,413 per night",null,null,null,CoupleFriendlyFreeCancellationBook@₹0available
Prabhuvihar Residency,Povorim,| 6 minutes walk to Baga Beach,4.6,"['Reception', 'Restaurant']","₹3,535 per night",null,null,null,
Royal Emirates Resort & Spa,Calangute,| 2 minutes walk to Morjim Beach,1.5,"['Fireplace', 'Spa']","₹3,529 per night",null,null,null,CoupleFriendlyFreeCancellationBook@₹0availableBreakfastavailableatextracharges
OZIBA Beach Resort,Arambol,| 2.0 km drive to Varca Beach,4.1,"['Water Sports', 'Spa']","₹2,789 per night",null,Room in a Cottage,| 1 Bedroom | Sleeps 3 guests,FreeCancellationBook@₹0availableBreakfastavailableatextracharges
Chillout Stay Service Apartment,Calangute,null,null,"['Swimming Pool', '| 1 Bedroom | Sleeps 4 guests']","₹15,033 per night",null,Entire Apartment,| 1 Bedroom | Sleeps 4 guests,
Swimsea Beach Resort (A Beach Property),Panjim,| 7 minutes walk to Bogmalo Beach,3.6,"['Shared Swimming Pool', 'Barbeque']","₹3,614 per night",null,null,null,CoupleFriendlyFreeCancellationBook@₹0available
Green Door 1BHK Apartment by tisyastays,Calangute,| 5 minutes walk to Palolem Beach,5,"['Vehicle Rentals', 'Entire Apartment']","₹4,676 per night",Like a 3 Star,Entire Apartment,| 1 Bedroom | Sleeps 4 guests,CoupleFriendly
Casa Anjuna-Boutique Resort,Anjuna,| 1.2 km drive to Calangute Beach,4,"['| 1 Bedroom | Sleeps 4 guests', 'Housekeeping']","₹12,500 per night",null,null,null,CoupleFriendlyBreakfastIncluded
Manthan Beach Place,Arambol,| 6 minutes walk to Calangute Beach,3.6,"['Washing Machine', 'Gym']","₹52,999 per night",null,Entire Apartment,| 1 Bedroom | Sleeps 3 guests,
Hotel City Comfort,Margao,| 2.7 km drive to Baga Beach,3.5,"['Swimming Pool', 'Restaurant']","₹2,106 per night",null,null,null,
Silver Sands Holiday Village,Candolim,| 2.3 km drive to Vagator Beach,3.1,"['null', 'Entire Apartment']","₹8,390 per night",null,null,null,CoupleFriendlyBreakfastavailableatextracharges
Ronnes 2BHK Apartment,Bardez,| About a minute walk to Baga Beach,null,"['| 2 Bedrooms | Sleeps 8 guests', 'Private Swimming Pool']","₹7,950 per night",null,Entire Apartment,| 1 Bedroom | Sleeps 4 guests,
Fusion resorts,Candolim,Ends  in  18h:  07m:  22s,3.5,"['Caretaker', 'Room in an Apartment']","₹2,500 per night",null,null,null,CoupleFriendlyFreeCancellationBreakfastIncludedBook@₹0availableComplimentaryHi-Tea
Adamo The Bellus Calangute,Calangute Baga Road,| 9 minutes walk to Ashwem Beach,3.5,"['| 1 Bedroom | Sleeps 4 guests', 'Housekeeping']","₹5,420 per night",null,null,null,CoupleFriendlyFreeCancellationBreakfastIncludedBook@₹0available
The Hideaway Palolem,Palolem,| 2.3 km drive to Baga Beach,3.3,"['Free Parking', 'null']","₹3,780 per night",Like a 3 Star,Room in a Cottage,| 1 Bedroom | Sleeps 4 guests,"CoupleFriendlyTranquilstaywitharestaurant,beachaccess&parking"
Jacks Resort,Vagator,| 4-5 minutes walk from Calangute Beach,4.5,"['Indoor Games', 'Restaurant']","₹4,821 per night",null,null,null,CoupleFriendlyBreakfastIncluded
Staymaster Central 1BR | AC | Serviced | Vagator,Vagator,| 2 minutes walk to Cavelossim Beach,4.9,"['Gym', 'Swimming Pool']","₹2,939 per night",Like a 3 Star,Entire Apartment,| 1 Bedroom | Sleeps 4 guests,"CoupleFriendlyApartmentfeaturingapool,livingroom&chicinteriors"
The White Key Resort,Anjuna,| 8 minutes walk to Candolim Beach,3.8,"['Restaurant', 'Vehicle Rentals']","₹3,307 per night",null,null,null,CoupleFriendlyFreeCancellationBook@₹0availableBreakfastavailableatextracharges
Rainforest Enclave 2BHK Apartment Pool View AG1,Arpora,| 2 minutes walk to Colva Beach,4,"['Luggage Storage', 'Parking']","₹7,794 per night",Like a 3 Star,Entire Apartment,| 2 Bedrooms | Sleeps 8 guests,"CoupleFriendlyApartmentwithapool,livingroom,kitchen&parking"
Quill Residence | Entire 3 BHK Villa,Candolim,| 5 minutes walk to Baga Beach,4.1,"['Spa', 'Water Sports']","₹12,930 per night",Like a 3 Star,Entire Villa,| 3 Bedrooms | Sleeps 12 guests,CoupleFriendly
2BHK Apartments at Assagao Residency by Masaya Stays,Anjuna,| 3-4 minutes walk from Calangute Beach,4.9,"['| 1 Bedroom | Sleeps 4 guests', 'Shared Swimming Pool']","₹6,115 per night",Like a 3 Star,Entire Apartment,| 2 Bedrooms | Sleeps 8 guests,CoupleFriendly
Villa Fatima Comfort,Baga,null,1.8,"['Shared Kitchen', 'Room in a Homestay']","₹1,871 per night",null,null,null,CoupleFriendlyFreeCancellationBook@₹0available
El Reino - 2 BHK at  Reis Magos by The Blue Kite (E3),Bardez,| 7 minutes walk to Palolem Beach,4.2,"['| 1 Bedroom | Sleeps 4 guests', 'Shared Parking']","₹11,373 per night",Like a 4 Star,Entire Apartment,| 3 Bedrooms | Sleeps 12 guests,CoupleFriendly
LohonoStays Sacri Borod Hill 8,Ashwem Beach,| 2.7 km drive to Miramar Beach,null,"['Power Backup', 'Swimming Pool']","₹1,03,248 per night",Like a 5 Star,Entire Villa,| 5 Bedrooms | Sleeps 20 guests,CoupleFriendlyBreakfastIncluded
Casa Miramar,Panjim,| 2.5 km drive to Cavelossim Beach,4,"['Restaurant', 'Water Sports']","₹2,024 per night",null,Room in an Apartment,| 1 Bedroom | Sleeps 6 guests,CoupleFriendlyFreeCancellationBook@₹0available
Luxury Apartments,Vagator,| 2.4 km drive to Vagator Beach,null,"['Beach club', 'Water Sports']","₹31,365 per night",null,Entire Apartment,| 1 Bedroom | Sleeps 4 guests,FreeCancellationBook@₹0available
La Zamora - 3 BHK Private Pool Villa at Vagator by The Blue Kite (07),Vagator,| 2.6 km drive to Mandrem Beach,null,"['Indoor Games', 'Private Beach']","₹24,594 per night",Like a 5 Star,Entire Villa,| 3 Bedrooms | Sleeps 12 guests,CoupleFriendly
BASSERAA DORMITORY(Only for MEN),Panjim,null,3.4,"['Water Sports', 'Swimming Pool']","₹1,080 per night",null,Beds in a Hostel,| 2 Dorm Beds,CoupleFriendlyMen-onlydormitorywithbunkerbeds&personallockers
Hermitage Riviera,Arpora,| 4-5 minutes walk from Morjim Beach,4.8,"['Restaurant', 'null']","₹4,211 per night",Like a 3 Star,Room in an Apartment,| 1 Bedroom | Sleeps 3 guests,CoupleFriendlyFreeCancellationBreakfastIncludedBook@₹0available
"The Yellow House, Goa - IHCL SeleQtions",Anjuna,null,4.7,"['null', 'Swimming Pool']","₹11,499 per night",null,null,null,CoupleFriendlyBreakfastIncludedGetaTajGiftCardworthatleastINR500forF&B&Spa
1 BHK AC Apartment Candolim BeachWalk,Candolim,| 3-4 minutes walk from Calangute Beach,null,"['Restaurant', 'Swimming Pool']","₹12,508 per night",null,Entire Apartment,| 1 Bedroom | Sleeps 8 guests,CoupleFriendly
Bhakti Kutir,Palolem,| 3.0 km drive to Mandrem Beach,4.4,"['Restaurant', 'Entire Apartment']","₹4,228 per night",null,null,null,CoupleFriendly
Raposo Resort.,Vagator,| 10 minutes walk to Calangute Beach,4.2,"['| 1 Bedroom | Sleeps 5 guests', 'Housekeeping']","₹6,796 per night",null,null,null,CoupleFriendlyBreakfastavailableatextracharges10%DiscountOnF&BServices
De Grand Riviera,Calangute,| 1.5 km drive to Miramar Beach,2.9,"['Caretaker', 'Caretaker']","₹3,620 per night",null,null,null,CoupleFriendlyFreeCancellationBreakfastIncludedBook@₹0available
Azara Beach House,Candolim,| 2.3 km drive to Calangute Beach,4.5,"['Luggage Storage', 'Swimming Pool']","₹1,53,303 per night",null,Entire Villa,| 5 Bedrooms | Sleeps 20 guests,CoupleFriendlyBreakfastIncluded
Clarem Guest House,Varca Beach,| 6 minutes walk to Anjuna Beach,3.5,"['Water Sports', 'Room in an Apartment']","₹1,447 per night",null,null,null,
Cloud Nine- near Anjuna Beach -by ZaraGosa,Anjuna,| 2.9 km drive to Mandrem Beach,4.3,"['| 1 Bedroom | Sleeps 4 guests', 'Reception']","₹8,549 per night",null,Entire Apartment,| 2 Bedrooms | Sleeps 8 guests,"CoupleFriendlyEntireapartmentofferingasharedpool,gym,livingroom&parking"
2bhk apartment in sangolda,Porvorim,null,4.1,"['Housekeeping', 'Living Room']","₹2,528 per night",null,Entire Apartment,| 2 Bedrooms | Sleeps 8 guests,FreeCancellationBook@₹0available
V are Family I Three Tropical Woods,Povorim,| About a minute walk to Candolim Beach,4.4,"['Room in an Apartment', '| 1 Bedroom | Sleeps 4 guests']","₹20,346 per night",Like a 3 Star,Entire Villa,| 4 Bedrooms | Sleeps 16 guests,CoupleFriendly
Mama Mids Home | Rooms & Homely Meals,Morjim,null,4.4,"['Luggage Assistance', 'Swimming Pool']","₹1,701 per night",null,Room in an Apartment,| 1 Bedroom | Sleeps 4 guests,CoupleFriendlyBreakfastavailableatextracharges
Wabi Sabi Ikigai Boutique Apartment 2BHK First Floor,Assagao,| 9 minutes walk to Sinquerium Beach,4.1,"['Entire Villa', '| 3 Bedrooms | Sleeps 12 guests']","₹10,329 per night",null,Entire Apartment,| 2 Bedrooms | Sleeps 8 guests,"CoupleFriendlyWell-appointedapartmentwithapool,parking&freeWi-Fi"
Casa Goana Holiday Inn,Calangute Baga Road,| 9 minutes walk to Calangute Beach,3.3,"['Private Swimming Pool', 'Caretaker']","₹2,735 per night",null,Room in an Apartment,| 1 Bedroom | Sleeps 4 guests,CoupleFriendlyFreeCancellation
Beach Paradise Panjim,Panjim,| 2 minutes walk to Palolem Beach,3.3,"['| 3 Bedrooms | Sleeps 12 guests', 'Private Kitchen']","₹9,528 per night",Like a 3 Star,Room in an Apartment,| 1 Bedroom | Sleeps 3 guests,CoupleFriendlyFreeCancellationBook@₹0available
Pet Friendly Vacation Rental Pool WiFi Kitchen,Candolim,| 1.5 km drive to Vagator Beach,2,"['Private Living Room', '| 2 Bedrooms | Sleeps 6 guests']","₹18,208 per night",Like a 4 Star,Entire Apartment,| 2 Bedrooms | Sleeps 8 guests,FreeCancellationBook@₹0available
NAAYAB - near Anjuna Beach - By ZaraGosa,Anjuna,| 2.4 km drive to Vagator Beach,4,"['Kitchenette', 'Living Room']","₹6,998 per night",Like a 3 Star,Entire Apartment,| 2 Bedrooms | Sleeps 8 guests,"CoupleFriendlyApartmentfeaturingakitchen,livingroom&agym"
The X & Z Residency,Nagoa,| 1.2 km drive to Anjuna Beach,null,"['Swimming Pool', 'Spa']","₹12,266 per night",null,Room in an Apartment,| 1 Bedroom | Sleeps 4 guests,CoupleFriendly
LA PAPA RESORT,Morjim,| 2.8 km drive to Baga Beach,4,"['Indoor Games', 'Room in an Apartment']","₹6,582 per night",null,null,null,CoupleFriendlyBreakfastIncluded10%DiscountOnF&Bservices
Beach Touch 2 BHK Villa in Candolim (Blue Palm C-7),Candolim,| 10 minutes walk to Candolim Beach,4.7,"['| 1 Bedroom | Sleeps 4 guests', 'Housekeeping']","₹12,180 per night",null,Entire Villa,| 2 Bedrooms | Sleeps 8 guests,CoupleFriendly
Hotel O K S Inn Hotel,Arambol Beach,| 2.5 km drive to Anjuna Beach,3,"['Shared Parking', 'Swimming Pool']","₹3,479 per night",null,null,null,CoupleFriendlyFreeCancellationBook@₹0availableDistributedbyOYO
SUNSHINE PARK HOMES,Colva,Ends  in  03h:  02m:  46s,4,"['Restaurant', 'Beds in a Hostel']","₹1,465 per night",null,Room in an Apartment,| 1 Bedroom | Sleeps 4 guests,
Hotel Sonika's Heritage,Candolim,| 8 minutes walk to Baga Beach,4.4,"['| 2 Dorm Beds', 'Barbeque']","₹4,136 per night",null,null,null,CoupleFriendlyFreeCancellationBook@₹0availableBreakfastavailableatextracharges
Picnic Plaza Hotel,Porvorim,null,4.2,"['Bonfire', 'Jacuzzi']","₹1,439 per night",null,null,null,CoupleFriendlyFreeCancellationBook@₹0available
Calangute Goa Studio Apartment,Calangute,| 2 minutes walk to Ashwem Beach,3.2,"['Swimming Pool', 'Room in an Apartment']","₹36,450 per night",null,Room in an Apartment,| 1 Bedroom | Sleeps 8 guests,
OLAHstays - A Dulex Studio,Candolim,| 5 minutes walk to Caranzalem Beach,null,"['| 1 Bedroom | Sleeps 4 guests', 'Reception']","₹11,954 per night",null,Room in a Homestay,| 1 Bedroom | Sleeps 4 guests,
B5 Stay in goa Ramcons,Benaulim,| 1.5 km drive to Vagator Beach,4.3,"['Housekeeping', 'Private Beach']","₹4,122 per night",null,Entire Apartment,| 2 Bedrooms | Sleeps 8 guests,CoupleFriendly
Pihu Guest house,Calangute,| 2.5 km drive to Vagator Beach,2.6,"['Kids Play Area', 'Swimming Pool']","₹1,217 per night",null,Room in a Homestay,| 1 Bedroom | Sleeps 5 guests,CoupleFriendly
Vailankanni's Place Inn (By Rapheal Ferns),Calangute,| 1.8 km drive to Deltin Royale,4.1,"['Restaurant', '| 2 Bedrooms | Sleeps 8 guests']","₹9,153 per night",null,Room in a Homestay,| 1 Bedroom | Sleeps 4 guests,CoupleFriendly
Jungle by sturmfrei Morjim,Morjim,null,1,"['Caretaker', 'Housekeeping']","₹1,292 per night",null,Beds in a Hostel,| 2 Dorm Beds,CoupleFriendly
TIEN- A Contemporary BnB & Bistro,Vagator,null,4.4,"['Private Beach', 'Swimming Pool']","₹4,166 per night",null,Room in a Cottage,| 1 Bedroom | Sleeps 4 guests,
Regina's Place | Rooms & Restaurant,Ashwem Beach,| 4-5 minutes walk from Candolim Beach,4.6,"['Lawn', 'Luggage Storage']","₹3,171 per night",null,Room in a Cottage,| 1 Bedroom | Sleeps 4 guests,CoupleFriendlyFreeCancellationBook@₹0availableBreakfastavailableatextracharges
Guellen House | Entire 1 BHK Apartment,Candolim,| 3 minutes walk to Palolem Beach,4.6,"['null', 'Beds in a Hostel']","₹2,680 per night",null,Entire Apartment,| 1 Bedroom | Sleeps 4 guests,CoupleFriendly
Papus Home,Vagator,| 2.4 km drive to Vagator Beach,4,"['| 2 Dorm Beds', 'Lounge']","₹25,005 per night",null,Entire Villa,| 3 Bedrooms | Sleeps 12 guests,
Akroid's Holiday Service Apartment | 1 BHK,Calangute,| 10 minutes walk to Calangute Beach,4.4,"['Barbeque', 'Entire Homestay']","₹2,133 per night",null,Entire Apartment,| 1 Bedroom | Sleeps 4 guests,CoupleFriendly
FabHotel Prime Toro Highland Beach Resort With Pool - Nr. Candolim Beach,Candolim,Ends  in  18h:  07m:  38s,2.7,"['| 2 Bedrooms | Sleeps 6 guests', 'Kitchenette']","₹3,149 per night",null,null,null,"CoupleFriendlyFreeCancellationBook@₹0availableBreakfastavailableatextrachargesEnjoyabeachsidevacation,justa3-minwalktoCandolimBeach."
Ruby Apartment Row House | Entire Villa,Baga,| 4 minutes walk to Candolim Beach,3.9,"['Living Room', 'null']","₹4,005 per night",null,Entire Villa,| 2 Bedrooms | Sleeps 8 guests,
Royal Krishna Beach Apartments,Morjim,| 4-5 minutes walk from Varca Beach,4,"['Room in an Apartment', '| 1 Bedroom | Sleeps 4 guests']","₹12,925 per night",null,Room in an Apartment,| 1 Bedroom | Sleeps 4 guests,
Hotel Kamal Palace,Panjim,| 6 minutes walk to Anjuna Beach,3.4,"['Reception', 'Caretaker']","₹4,135 per night",null,null,null,FreeCancellationBook@₹0available
Jassida Home Stay,Calangute,null,4,"['Swimming Pool', 'Spa']","₹1,599 per night",null,null,null,
Joe & Marietta's Guest House,Calangute,null,4.5,"['Beach club', 'Spa']","₹1,470 per night",null,null,null,CoupleFriendlyFreeCancellationBook@₹0available
Meadow View Resort,Majorda,| 4-5 minutes walk from Morjim Beach,3.8,"['Swimming Pool', 'Room in a Homestay']","₹1,956 per night",null,null,null,CoupleFriendlyFreeCancellationBook@₹0available
Beachway Guest House,Calangute,null,3.9,"['| 1 Bedroom | Sleeps 4 guests', 'Kitchenette']","₹1,615 per night",null,null,null,CoupleFriendlyFreeCancellationBook@₹0available
Guru House in Anjuna,Anjuna,| 7 minutes walk to Baga Beach,1.5,"['Shared Parking', 'Swimming Pool']","₹1,034 per night",null,Bed in a Hostel,| 2 Dorm Beds,CoupleFriendly
The Sunbliss Cottages,Morjim,| 920 m drive to Miramar Beach,4,"['Restaurant', 'Swimming Pool']","₹4,085 per night",null,null,null,CoupleFriendlyFreeCancellationBook@₹0availableBreakfastavailableatextracharges
Regans Hotel Siddhi,Panjim,| 8 minutes walk to Candolim Beach,3.8,"['Restaurant', 'Room in an Apartment']","₹2,773 per night",null,null,null,CoupleFriendlyBreakfastavailableatextrachargesPurevegetarianrestaurantavailable!
Staymaster Central Apt | 1BR | AC | Vagator,Vagator,| 9 minutes walk to Anjuna Beach,4.6,"['| 1 Bedroom | Sleeps 6 guests', 'Caretaker']","₹2,910 per night",Like a 4 Star,Entire Apartment,| 1 Bedroom | Sleeps 4 guests,CoupleFriendly
SPOT ON S.k Guest House,Calangute,null,4.6,"['Free Parking', 'Kids Play Area']","₹2,477 per night",null,null,null,CoupleFriendlyFreeCancellationGreatValuewithSpaciousRoomsandQuickCheck-In
La Avila - 2 BHK Pool Villa at Siolim by The Blue Kite (12),Siolim,| 8 minutes walk to Morjim Beach,4.5,"['Bar', 'null']","₹11,982 per night",Like a 4 Star,Entire Villa,| 2 Bedrooms | Sleeps 8 guests,"CoupleFriendlyModernvillawithapool,kitchen,livingroom&adiningarea"
Beach Queen Guest House,Calangute,| 3 minutes walk to Candolim Beach,3.9,"['Swimming Pool', 'Indoor Games']","₹2,926 per night",null,null,null,CoupleFriendly
Famafa Beach Resort,Arambol Beach,null,4.5,"['Rooms in a Hostel', '| 2 Bedrooms | Sleeps 2 guests']","₹5,831 per night",null,null,null,CoupleFriendlyBreakfastavailableatextracharges
Luxury Space for 6 near Beach,Candolim,| 10 minutes walk to Colva Beach,null,"['Pool/ Beach towels', 'Caretaker']","₹7,774 per night",null,Entire Apartment,| 1 Bedroom | Sleeps 4 guests,100INRFixedDiscountOnAirportTransfer
1 BHK Apartment Near Anjuna,Bardez,| 10 minutes walk to Candolim Beach,4.2,"['Swimming Pool', 'Bar']",₹992 per night,null,Entire Apartment,| 1 Bedroom | Sleeps 4 guests,
Shruti Resort,Calangute,null,3.6,"['Swimming Pool', 'Vehicle Rentals']","₹4,561 per night",null,null,null,CoupleFriendlyFreeCancellationBook@₹0available
Hotel Royal Punjab,Ponda,| 1.5 km drive to Candolim Beach,2.7,"['Beds in a Hostel', '| 2 Dorm Beds']","₹2,108 per night",null,null,null,FreeCancellationBook@₹0availableBreakfastavailableatextracharges
Habitus Cottages,North Goa,| 4-5 minutes walk from Candolim Beach,4.5,"['Living Room', 'Bonfire']","₹4,470 per night",Like a 3 Star,Room in a Cottage,| 1 Bedroom | Sleeps 4 guests,"CoupleFriendlyBreakfastIncludedResortamidstnaturefeaturingapool,restaurant&parking"
Staymaster Tropical Oasis 4 BR Pvt PoolGarden,Nagoa,| 1.8 km drive to Benaulim Beach,3.9,"['Room in a Cottage', '| 1 Bedroom | Sleeps 4 guests']","₹16,818 per night",Like a 4 Star,Entire Villa,| 3 Bedrooms | Sleeps 12 guests,"CoupleFriendlyVillawithapool,livingroom,chicinteriors&parking"
Marine Suite Room,Calangute,| 9 minutes walk to Calangute Beach,4.5,"['Luggage Storage', 'Fireplace']","₹6,848 per night",null,Room in a Homestay,| 1 Bedroom | Sleeps 4 guests,
The Poshtel Goa,Margao,| 2 minutes walk to Calangute Beach,2,"['Restaurant', '24-hour Room Service']","₹1,539 per night",null,Bed in a Hostel,| 2 Dorm Beds,
Morjim Sunset Hotel,Morjim,| 5 minutes walk to Morjim Beach,4.4,"['Entire Apartment', '| 1 Bedroom | Sleeps 4 guests']","₹4,518 per night",null,null,null,CoupleFriendly
Park Grand Royal Palms,Benaulim,| 1.6 km drive to Vagator Beach,2.5,"['Reception', 'Free Wi-Fi']","₹1,981 per night",null,Entire Apartment,| 1 Bedroom | Sleeps 4 guests,CoupleFriendly
Pinto Rosario Square Resort,Bardez,| About a minute walk to Ashwem Beach,4,"['Swimming Pool', 'Indoor Games']","₹22,469 per night",null,null,null,CoupleFriendlyFreeCancellationBook@₹0available
Collection O Bay,Morjim,| 5 minutes walk to Candolim Beach,null,"['| 1 Bedroom | Sleeps 4 guests', 'Shared Swimming Pool']","₹4,425 per night",null,null,null,CoupleFriendlyFreeCancellationBook@₹0availableDistributedbyOYO
Sunkissed premium by WSI Calangute Beach,Calangute,| 6 minutes walk to Vagator Beach,3.5,"['Caretaker', 'Swimming Pool']","₹3,364 per night",null,null,null,CoupleFriendlyFreeCancellationBreakfastIncludedBook@₹0availableEnjoy2pintsofbeerperstay
Beleza - 4 BHK Luxury Private Pool Villa in Vagator By Vio Stays,Vagator,| 1.5 km drive to Calangute Beach,4.5,"['Kids Play Area', 'Swimming Pool']","₹31,040 per night",Like a 4 Star,Entire Villa,| 4 Bedrooms | Sleeps 16 guests,CoupleFriendly
1 BHK Beach apartment Candolim,Candolim,| 8 minutes walk to Candolim Beach,null,"['Vehicle Rentals', 'Gym']","₹12,610 per night",null,Entire Villa,| 1 Bedroom | Sleeps 4 guests,CoupleFriendly
La Macedo - 3 BHK Private Pool Villa at Assagao by The Blue Kite (09),Assagao,| 4 minutes walk to Baga Beach,null,"['Swimming Pool', 'Water Sports']","₹26,359 per night",null,Entire Villa,| 3 Bedrooms | Sleeps 12 guests,CoupleFriendly
Amar 2 Bedroom Apartment in South Goa,Benaulim,| 3 minutes walk to Morjim Beach,4.7,"['Room in a Cottage', '| 1 Bedroom | Sleeps 4 guests']","₹7,726 per night",null,Room in an Apartment,| 1 Bedroom | Sleeps 6 guests,
Madrid Home 2 min walk to Beach,Arambol Beach,| 2.2 km drive to Deltin Royale,4.4,"['Luggage Storage', 'Shared Parking']","₹1,066 per night",null,Room in a Homestay,| 1 Bedroom | Sleeps 4 guests,CoupleFriendly
Aqua De Goa Luxury Apartment Near Baga Beach,Arpora,| 2-3 minutes walk from Calangute Beach,4.4,"['null', 'Swimming Pool']","₹17,205 per night",Like a 3 Star,Entire Apartment,| 2 Bedrooms | Sleeps 7 guests,CoupleFriendlyFreeCancellationBook@₹0available
El Rocio - 2 BHK at Assagao by The Blue Kite (06),Assagao,| 1.4 km drive to Calangute Beach,4.4,"['Restaurant', 'Room in a Homestay']","₹11,957 per night",Like a 4 Star,Entire Apartment,| 2 Bedrooms | Sleeps 8 guests,CoupleFriendly
Rainforest Azaya,Vagator,| 2.0 km drive to Majorda Beach,4.5,"['| 1 Bedroom | Sleeps 4 guests', 'Shared Parking']","₹41,705 per night",Like a 5 Star,Entire Villa,| 1 Bedroom | Sleeps 4 guests,"CoupleFriendlyVillafeaturingapool,livingroom,kitchen&abalcony"
The Cool Huts,Mandrem Beach,| 5 minutes walk to Calangute Beach,3.8,"['Seating Area', 'Entire Villa']","₹3,865 per night",Like a 3 Star,Room in a Beach Hut,| 1 Bedroom | Sleeps 4 guests,CoupleFriendlyFreeCancellationBook@₹0available
Villa In Riviera Hermitage,Arpora,| About a minute walk to Anjuna Beach,null,"['| 2 Bedrooms | Sleeps 8 guests', 'Caretaker']","₹14,821 per night",Like a 3 Star,Entire Apartment,| 3 Bedrooms | Sleeps 12 guests,BreakfastIncluded
Pearlyy Gates- near Anjuna Beach - By ZaraGosa,Anjuna,| 1.2 km drive to Morjim Beach,4.4,"['Housekeeping', 'Swimming Pool']","₹8,746 per night",Like a 3 Star,Entire Apartment,| 2 Bedrooms | Sleeps 8 guests,CoupleFriendly
V are Family | Three Solace 3 BHK Villa,Candolim,| 7 minutes walk to Dona Paula View Point,4.5,"['Water Sports', 'Vehicle Rentals']","₹19,977 per night",Like a 4 Star,Entire Villa,| 3 Bedrooms | Sleeps 14 guests,
Casa Vinte A4 Spacious  Premium 3 BHK Near Baga,Baga,| 2.4 km drive to Vagator Beach,null,"['Room in an Apartment', '| 1 Bedroom | Sleeps 4 guests']","₹55,902 per night",null,Entire Apartment,| 3 Bedrooms | Sleeps 12 guests,CoupleFriendlyFreeCancellation
Le Petit Cocon,Vagator,| 4-5 minutes walk from Calangute Beach,4.2,"['Housekeeping', 'Shared Parking']","₹9,878 per night",null,Entire Homestay,| 1 Bedroom | Sleeps 3 guests,CoupleFriendlyFreeCancellationBook@₹0available
"RD Monarch Palms, candolim",Candolim,null,null,"['Lounge', '| 2 Bedrooms | Sleeps 6 guests']","₹16,749 per night",null,Entire Apartment,| 2 Bedrooms | Sleeps 8 guests,
Luxury 2BHK Apartment with Pool Anjuna Vagator,Anjuna,| About a minute walk to Calangute Beach,3.7,"['Swimming Pool', 'Kitchenette']","₹6,838 per night",null,Entire Apartment,| 2 Bedrooms | Sleeps 8 guests,FreeCancellationBook@₹0available
Candolim Salsa - Studio Apartment - Private Apartment,Candolim,null,4,"['Water Sports', 'Restaurant']","₹5,079 per night",null,Room in an Apartment,| 1 Bedroom | Sleeps 4 guests,10%DiscountOnAirportTransfer
Arambol Lake Resort.,Arambol,| 4-5 minutes walk from Candolim Beach,null,"['Indoor Games', 'Entire Apartment']","₹2,850 per night",null,Room in a Cottage,| 1 Bedroom | Sleeps 4 guests,
Sky Studio Apartment | Blue Sky Rentals,South Goa,null,4,"['| 1 Bedroom | Sleeps 5 guests', 'Reception']","₹2,751 per night",null,Room in an Apartment,| 1 Bedroom | Sleeps 3 guests,CoupleFriendlyFreeCancellationBook@₹0available
FabExpress Golden Nest Deluxe - Nr. Calangute beach,Calangute,| 3-4 minutes walk from Calangute Beach,1,"['Housekeeping', '| 3 Bedrooms | Sleeps 12 guests']","₹1,781 per night",null,null,null,CoupleFriendlyFreeCancellationBook@₹0availableBreakfastavailableatextracharges
Humblebee Holiday Apartments,Siolim,null,3.9,"['Shared Swimming Pool', 'Housekeeping']","₹10,469 per night",null,Entire Apartment,| 1 Bedroom | Sleeps 6 guests,CoupleFriendly
Shalini Rooms,Baga,| 1.8 km drive to Ashwem Beach,3.6,"['24-hour Room Service', 'Room in a Homestay']","₹3,419 per night",null,Room in a Homestay,| 1 Bedroom | Sleeps 3 guests,CoupleFriendly
Casa Cardoz,Calangute,null,null,"['| 1 Bedroom | Sleeps 4 guests', 'Luggage Storage']","₹16,043 per night",null,Entire Apartment,| 1 Bedroom | Sleeps 4 guests,FreeCancellationBook@₹0available
StayVista | Isle View 3 BHK Villa,Mormugao,| 10 minutes walk to Calangute Beach,3.9,"['Shared Parking', 'Entire Apartment']","₹18,116 per night",Like a 5 Star,Entire Villa,| 3 Bedrooms | Sleeps 12 guests,CoupleFriendly
Dersy Beach Resort Agonda,Agonda,null,3.6,"['| 1 Bedroom | Sleeps 4 guests', 'Housekeeping']","₹5,853 per night",Like a 3 Star,Room in a Cottage,| 1 Bedroom | Sleeps 4 guests,
CASA CASITA CANDOLIM,Candolim,| 4 minutes walk to Morjim Beach,4.5,"['Free Wi-Fi', 'Swimming Pool']","₹4,213 per night",null,null,null,CoupleFriendlyFreeCancellationBook@₹0available
Escape Homestay,Pernem,| 4-5 minutes walk from Benaulim Beach,4.3,"['Water Sports', 'Room in a Homestay']","₹2,332 per night",null,Room in a Homestay,| 1 Bedroom | Sleeps 6 guests,CoupleFriendly
J7 Boutique Stay at Anjuna,Anjuna,null,3.1,"['| 1 Bedroom | Sleeps 4 guests', 'Housekeeping']","₹2,038 per night",Like a 3 Star,Room in a Homestay,| 1 Bedroom | Sleeps 4 guests,CoupleFriendly
J7 Hostel at Anjuna,Anjuna,| 1.5 km drive to Morjim Beach,null,"['Wi-Fi', 'Room in an Apartment']","₹2,632 per night",null,Beds in a Hostel,| 2 Dorm Beds,CoupleFriendly
Dona Paula Apartment-4 BHK Apartment,Panjim,| 4-5 minutes walk from Calangute Beach,null,"['| 1 Bedroom | Sleeps 3 guests', 'Housekeeping']","₹21,870 per night",null,Entire Apartment,| 4 Bedrooms | Sleeps 16 guests,FreeCancellationBook@₹0available
Watermelon Apartment-2 BHK Apartment,Candolim,| 2.8 km drive to Vagator Beach,null,"['Caretaker', 'Kids Play Area']","₹18,681 per night",null,Entire Apartment,| 2 Bedrooms | Sleeps 8 guests,10%DiscountOnAirportTransfer
Som's Beach Home,Baga,| 5 minutes walk to Candolim Beach,3.3,"['null', 'Room in a Cottage']","₹13,669 per night",null,Room in a Homestay,| 1 Bedroom | Sleeps 4 guests,CoupleFriendly
Saligao Farm Cottages|Rooms & Restaurant,Bardez,null,3.4,"['| 1 Bedroom | Sleeps 3 guests', 'Housekeeping']","₹2,180 per night",null,Room in a Cottage,| 1 Bedroom | Sleeps 4 guests,"CoupleFriendlyBeachsidecottagewithanin-housebar,pool&playarea"
Coral at The Pause Project,Siolim,| 10 minutes walk to Benaulim Beach,4.3,"['Free Wi-Fi', '| 1 Bedroom | Sleeps 4 guests']","₹8,354 per night",Like a 3 Star,Entire Apartment,| 1 Bedroom | Sleeps 4 guests,
Mango Apartment-2 BHK Apartment,Candolim,| 3.0 km drive to Mandrem Beach,null,"['Kitchenette', 'Caretaker']","₹11,789 per night",null,Entire Apartment,| 2 Bedrooms | Sleeps 4 guests,FreeCancellation
Casa Oceana Pernem,Morjim,null,null,"['| 2 Bedrooms | Sleeps 8 guests', 'Shared Swimming Pool']","₹35,000 per night",null,Room in a Villa,| 1 Bedroom | Sleeps 4 guests,
Rainforest Amore 4 BHK assagao,Assagao,null,null,"['Reception', '| 1 Bedroom | Sleeps 4 guests']","₹73,625 per night",Like a 5 Star,Entire Villa,| 4 Bedrooms | Sleeps 16 guests,"CoupleFriendly4BHKvillawithauniquepool,indoorgames&freeWi-Fi"
La Macedo - 3 BHK Private Pool Villa at Assagao by The Blue Kite (10),Assagao,null,null,"['Reception', 'Caretaker']","₹26,359 per night",Like a 5 Star,Entire Villa,| 3 Bedrooms | Sleeps 12 guests,CoupleFriendly
1BHK 6 WiFi AC Backup Pool 5min to Candolim Beach,Candolim,| 2 minutes walk to Mandrem Beach,4.5,"['Room in a Homestay', '| 1 Bedroom | Sleeps 4 guests']","₹4,931 per night",null,Entire Apartment,| 1 Bedroom | Sleeps 4 guests,
Charming Seaview 2 Bhk apartment in Dona Paula,Dona Paula Beach,null,4.3,"['Kitchenette', 'Parking']","₹16,581 per night",null,Entire Apartment,| 2 Bedrooms | Sleeps 8 guests,CoupleFriendly
Mamta Courtyard Anjuna,Anjuna,| 7 minutes walk to Anjuna Beach,3.7,"['| 1 Bedroom | Sleeps 4 guests', 'Kitchenette']","₹1,366 per night",null,Room in an Apartment,| 1 Bedroom | Sleeps 4 guests,CoupleFriendly
Casa De Pacifico | 2 BHK Apartment,Vagator,| 5 minutes walk to Candolim Beach,4.2,"['Caretaker', 'Entire Apartment']","₹5,348 per night",null,Entire Apartment,| 2 Bedrooms | Sleeps 8 guests,"CoupleFriendlyEntireapartmentfeaturingapool,restaurant&loungearea"
La Macedo- 3 BHK Private Pool Villa at Assagao by The Blue Kite (07),Assagao,| 2.8 km drive to Baga Beach,4.5,"['| 1 Bedroom | Sleeps 4 guests', 'Shared Swimming Pool']","₹26,359 per night",Like a 5 Star,Entire Villa,| 3 Bedrooms | Sleeps 12 guests,CoupleFriendly
Cheerful 5 bedroom villa with a Lake view,Mangaddo,null,3.6,"['Caretaker', '| 5 Bedrooms | Sleeps 20 guests']","₹46,578 per night",null,Entire Villa,| 5 Bedrooms | Sleeps 20 guests,FreeCancellation
The Fika Homes and Hostel,South Goa,| 1.3 km drive to Candolim Beach,4.2,"['Private Swimming Pool', 'Caretaker']","₹2,416 per night",null,Beds in a Hostel,| 2 Dorm Beds,CoupleFriendly
El Arbol - 2 BHK Near Candolim by The Blue Kite (102),Nerul,| 8 minutes walk to Anjuna Beach,4.3,"['Gym', 'Swimming Pool']","₹8,916 per night",Like a 4 Star,Entire Apartment,| 2 Bedrooms | Sleeps 10 guests,CoupleFriendly
2 BHK Pool View Apartments at Casa Azure by Rainforest,Calangute,| 6 minutes walk to Candolim Beach,4.2,"['24-hour Room Service', 'Swimming Pool']","₹9,122 per night",Like a 5 Star,Entire Apartment,| 2 Bedrooms | Sleeps 5 guests,CoupleFriendlyFeaturesanoutdoorpool&acharminggarden
Exotica Agonda,Agonda,| 1.5 km drive to Mandrem Beach,4.3,"['Restaurant', 'Room in an Apartment']","₹4,717 per night",null,Room in a Cottage,| 1 Bedroom | Sleeps 4 guests,CoupleFriendlyBreakfastIncluded
Casa Florinda,Bardez,null,4.2,"['| 1 Bedroom | Sleeps 4 guests', 'Housekeeping']","₹17,757 per night",null,Entire Villa,| 1 Bedroom | Sleeps 4 guests,
FabExpress The Tasty Buds - 500 mtrs from baga beach,Baga,| 1.3 km drive to Calangute Beach,4,"['Shared Parking', 'Entire Villa']","₹2,053 per night",null,null,null,CoupleFriendlyFreeCancellationBook@₹0availableBreakfastavailableatextracharges
Villa Athaide,Candolim,null,null,"['| 4 Bedrooms | Sleeps 16 guests', 'Private Swimming Pool']","₹19,951 per night",Like a 3 Star,Entire Villa,| 3 Bedrooms | Sleeps 12 guests,"CoupleFriendlyEntire3BHKvillafeaturingakitchen,livingroom&parking"
Chillout Guest House,Vagator,| 5 minutes walk to Baga Beach,null,"['Private Kitchen', 'Swimming Pool']","₹10,888 per night",null,Room in a Homestay,| 1 Bedroom | Sleeps 4 guests,FreeCancellation
VANQUISH HOLIDAY HOME,Morjim,| 3-4 minutes walk from Candolim Beach,4.2,"['Water Sports', 'Room in a Homestay']","₹8,360 per night",null,Room in a Homestay,| 1 Bedroom | Sleeps 6 guests,CoupleFriendly
Rainforest  - SEIS Villa 2 - 4 BHK Private Pool Villa,Nagoa,| 6.1 km drive to Goa International Airport,null,"['| 1 Bedroom | Sleeps 6 guests', 'Shared Swimming Pool']","₹55,898 per night",Like a 5 Star,Entire Villa,| 4 Bedrooms | Sleeps 16 guests,"CoupleFriendlyBreakfastIncludedPoolvillawithagazebo,livingroom&indoorgames"
Beach Apartment Candolim,Candolim,Ends  in  03h:  03m:  18s,2.8,"['Kitchenette', 'Indoor Games']","₹14,884 per night",null,Entire Apartment,| 2 Bedrooms | Sleeps 8 guests,CoupleFriendly
4 Dona Paula,Panjim,| About a minute walk to Agonda Beach,4.2,"['Restaurant', 'Restaurant']","₹16,767 per night",null,Room in an Apartment,| 1 Bedroom | Sleeps 4 guests,
La Zamora  - 3 BHK Private Pool Villa at Vagator by The Blue Kite (16),Vagator,| 7 minutes walk to Candolim Beach,4,"['Bar', 'Swimming Pool']","₹25,198 per night",Like a 5 Star,Entire Villa,| 3 Bedrooms | Sleeps 16 guests,CoupleFriendly
One Bedroom Apartment At Candolim,Calangute,Ends  in  18h:  08m:  07s,null,"['Indoor Games', 'Swimming Pool']","₹11,979 per night",null,Entire Apartment,| 1 Bedroom | Sleeps 4 guests,CoupleFriendly
Villa by Olive Nerul Goa,Nerul,null,3.9,"['Kids Play Area', 'Restaurant']","₹26,162 per night",Like a 3 Star,Entire Villa,| 4 Bedrooms | Sleeps 16 guests,"CoupleFriendlyCharmingpoolvillawithakitchen,livingroom&diningarea"
Rainforest Enclave 2BHK Apartment - AF2,Arpora,| 4-5 minutes walk from Anjuna Beach,4.4,"['Bar', 'Restaurant']","₹8,775 per night",Like a 3 Star,Entire Apartment,| 2 Bedrooms | Sleeps 8 guests,CoupleFriendly
SAikor suite,Assagao,| 7 minutes walk to Anjuna Beach,3,"['Entire Apartment', '| 4 Bedrooms | Sleeps 16 guests']","₹65,489 per night",null,Entire Villa,| 4 Bedrooms | Sleeps 16 guests,CoupleFriendly
Neelam the Glitz,Calangute,null,3.6,"['Reception', 'Housekeeping']","₹2,811 per night",null,null,null,CoupleFriendlyFreeCancellationBook@₹0availableBreakfastavailableatextracharges10%DiscountonHi-Tea/Buffet/Brunch
Astrid Goan Swiss Cottage @ Anjuna,Anjuna,| 6 minutes walk to Candolim Beach,null,"['Room in a Homestay', '| 1 Bedroom | Sleeps 4 guests']","₹14,501 per night",null,Entire Cottage,| 2 Bedrooms | Sleeps 12 guests,CoupleFriendly
Emmanuel Holiday Homes,Candolim,| 5 minutes walk to Baga Beach,4.3,"['Shared Kitchen', 'Power Backup']","₹1,086 per night",null,Entire Apartment,| 1 Bedroom | Sleeps 4 guests,FreeCancellationBook@₹0available
Cinnamon Agonda | Pool & Restaurant,Agonda,null,4.1,"['Entire Apartment', '| 1 Bedroom | Sleeps 4 guests']","₹5,371 per night",Like a 3 Star,Room in a Cottage,| 1 Bedroom | Sleeps 4 guests,"BreakfastIncludedBalinese-styledcottageswithacaretaker,garden&beachaccess"
El Arbol - 2 BHK Near Candolim by The Blue Kite (103),Nerul,null,4.3,"['Parking', 'Luggage Assistance']","₹11,400 per night",Like a 4 Star,Entire Apartment,| 2 Bedrooms | Sleeps 8 guests,CoupleFriendlyFreeCancellation
Piety Apartments-1 BHK Apartment,Calangute Baga Road,| 6 minutes walk to Candolim Beach,null,"['Swimming Pool', 'Restaurant']","₹27,338 per night",null,Entire Apartment,| 1 Bedroom | Sleeps 4 guests,
Nerine- Turquoise Tree Homestays,Bardez,| About a minute walk to Morjim Beach,3.7,"['| 1 Bedroom | Sleeps 4 guests', 'Caretaker']","₹56,457 per night",null,Entire Homestay,| 2 Bedrooms | Sleeps 8 guests,
Exotic 2BHK Apartment with Pool Anjuna Vagator,Vagator,null,3.8,"['Housekeeping', 'Water Sports']","₹4,346 per night",null,Entire Apartment,| 2 Bedrooms | Sleeps 8 guests,CoupleFriendlyFreeCancellationBook@₹0available
Niraamaya Private Residences Benaulim,Benaulim,null,4.2,"['Kids Play Area', '| 1 Bedroom | Sleeps 15 guests']","₹73,296 per night",Like a 5 Star,Entire Villa,| 2 Bedrooms | Sleeps 6 guests,CoupleFriendlyBreakfastIncluded
Aston Ajoy Home Comfort | Rooms & Kitchen,Colva,| 1.5 km drive to Candolim Beach,2.8,"['Parking', 'Power Backup']","₹2,295 per night",null,Room in a Homestay,| 1 Bedroom | Sleeps 4 guests,
Rainforest Enclave Private Terrace 2BHK -CF1,Arpora,| About a minute walk to Dona Paula View Point,null,"['| 1 Bedroom | Sleeps 4 guests', 'Reception']","₹7,309 per night",Like a 3 Star,Entire Apartment,| 2 Bedrooms | Sleeps 8 guests,"CoupleFriendlyApartmentwithapool,kitchen,livingroom&diningarea"
FabHotel Raj Resort - Nr. Calangute beach,Calangute,| 1.3 km drive to Anjuna Beach,5,"['Caretaker', 'Room in a Homestay']","₹2,418 per night",null,null,null,CoupleFriendlyFreeCancellationBook@₹0availableBreakfastavailableatextracharges
La Covelo - 3 BHK Private Pool Villa at Parra by The Blue Kite (02),Bardez,| 2.6 km drive to Vagator Beach,null,"['| 1 Bedroom | Sleeps 4 guests', 'Living Room']","₹24,992 per night",null,Entire Villa,| 3 Bedrooms | Sleeps 12 guests,CoupleFriendly
3BHK Sea View luxury Apartment,Morjim,null,null,"['Lounge', 'Entire Apartment']","₹13,753 per night",null,Entire Villa,| 3 Bedrooms | Sleeps 12 guests,
JS Holiday Homes| Rooms with Wi-Fi,Calangute,null,2.5,"['| 2 Bedrooms | Sleeps 6 guests', 'Reception']","₹4,099 per night",null,Room in a Homestay,| 1 Bedroom | Sleeps 3 guests,CoupleFriendly
Hotel O Kams Coco De Parra,Bardez,null,5,"['Free Parking', 'Restaurant']","₹3,912 per night",null,null,null,CoupleFriendlyFreeCancellationBook@₹0availableDistributedbyOYO
Villa M JIA 3 By MOH Hospitality,Candolim,null,4.6,"['Entire Villa', '| 4 Bedrooms | Sleeps 16 guests']","₹12,238 per night",null,Entire Villa,| 3 Bedrooms | Sleeps 12 guests,BreakfastIncluded
Terra Paraiso by the Sea - 7 BHK with Private Pool,Calangute,| 1.0 km drive to Candolim Beach,null,"['Private Swimming Pool', 'Free Wi-Fi']","₹66,174 per night",null,Entire Villa,| 7 Bedrooms | Sleeps 28 guests,CoupleFriendlyBreakfastIncluded
Calvins Retreat Apartments,Varca Beach,| 2 minutes walk to Agonda Beach,4,"['Entire Apartment', '| 1 Bedroom | Sleeps 3 guests']","₹6,105 per night",null,Entire Apartment,| 2 Bedrooms | Sleeps 6 guests,"CoupleFriendlyApartmentwithapool,livingroom,kitchen&alawn"
Imagination Artist Hostel,Arambol,null,4.5,"['Free Wi-Fi', 'Washing Machine']","₹1,546 per night",null,Beds in a Hostel,| 2 Dorm Beds,
La Olalian - 2 BHK Private Pool Villa at Anjuna by The Blue Kite (10),Anjuna,| 5 minutes walk to Baga Beach,4.5,"['| 1 Bedroom | Sleeps 3 guests', 'Swimming Pool']","₹17,096 per night",Like a 4 Star,Entire Villa,| Sleeps 5 guests,CoupleFriendly
Sea Front Beach Huts,Palolem,| 3 minutes walk to Candolim Beach,4,"['Housekeeping', '| 3 Bedrooms | Sleeps 9 guests']","₹3,995 per night",Like a 3 Star,Room in a Cottage,| 1 Bedroom | Sleeps 4 guests,"CoupleFriendlyBeachhutfeaturingwell-appointedrooms,restaurant&lawn"
LohonoStays Aurelia Villa G,Vagator,| 2.0 km drive to Vagator Beach,null,"['| 1 Bedroom | Sleeps 4 guests', '| 1 Bedroom | Sleeps 4 guests']","₹36,442 per night",Like a 5 Star,Entire Homestay,| 3 Bedrooms | Sleeps 12 guests,"CoupleFriendlyBreakfastIncludedVillawithapool,kitchen,livingroom,diningarea&BBQ"
LohonoStays Villa Supan,Candolim,| 8 minutes walk to Morjim Beach,null,"['Caretaker', 'Free Wi-Fi']","₹63,403 per night",Like a 5 Star,Entire Villa,| 7 Bedrooms | Sleeps 28 guests,CoupleFriendlyBreakfastIncluded
BELEZA - 1.5km - BAGA Beach - By ZaraGosa,Calangute,null,4.4,"['Entire Villa', '| 3 Bedrooms | Sleeps 12 guests']","₹8,768 per night",Like a 3 Star,Entire Apartment,| 2 Bedrooms | Sleeps 8 guests,CoupleFriendly
Euphoria Ikigai Boutique Apartment 2BHK Ground Floor,Assagao,| 5 minutes walk to Candolim Beach,null,"['Shared Swimming Pool', 'Power Backup']","₹11,638 per night",Like a 3 Star,Entire Apartment,| 2 Bedrooms | Sleeps 8 guests,CoupleFriendly
FabExpress MA Homes - Nr. Morjim Beach,Morjim,| 9 minutes walk to Vainguinim Beach,5,"['| 1 Bedroom | Sleeps 4 guests', 'Housekeeping']","₹1,689 per night",null,null,null,CoupleFriendlyFreeCancellationBook@₹0availableBreakfastavailableatextracharges
MYKA 401 AT ZANITA HEIGHTS,Vasco Da Gama,| 2.5 km drive to Vagator Beach,4.8,"['Wi-Fi', '| 1 Bedroom | Sleeps 4 guests']","₹6,777 per night",null,Entire Apartment,| 2 Bedrooms | Sleeps 8 guests,CoupleFriendlyFreeCancellationBook@₹0available
Cosy Stay in Baga | Entire 2 BHK Apartment,Baga,| 9 minutes walk to Calangute Beach,null,"['Shared Swimming Pool', 'Shared Parking']","₹53,052 per night",null,Entire Apartment,| 2 Bedrooms | Sleeps 8 guests,CoupleFriendlyEntireapartmentnearthebeachwithakitchenette&caretaker
Memories by the Beach,Candolim,null,null,"['Entire Villa', '| 1 Bedroom | Sleeps 4 guests']","₹15,241 per night",null,Entire Apartment,| 2 Bedrooms | Sleeps 8 guests,CoupleFriendly
El Arbol - 2 BHK Near Candolim by The Blue Kite (107),Nerul,| 2.8 km drive to Baga Beach,4.3,"['Shared Kitchen', 'Private Living Room']","₹9,775 per night",Like a 4 Star,Entire Apartment,| 2 Bedrooms | Sleeps 8 guests,CoupleFriendly
2BR Beach View Apartment At Candolim,Candolim,null,1,"['| 5 Bedrooms | Sleeps 20 guests', 'Private Swimming Pool']","₹6,168 per night",null,Entire Apartment,| 2 Bedrooms | Sleeps 4 guests,CoupleFriendly
El Reino - 3 BHK Penthouse at  Reis Magos by The Blue Kite (I3),Candolim,| 1.4 km drive to Calangute Beach,4,"['Caretaker', '| 3 Bedrooms | Sleeps 12 guests']","₹12,117 per night",null,Entire Apartment,| 3 Bedrooms | Sleeps 12 guests,CoupleFriendly
Calvin Retreat Newly Renovated Luxury Villa,Varca,| 4-5 minutes walk from Anjuna Beach,4.1,"['Private Swimming Pool', 'Private Kitchen']","₹16,498 per night",Like a 3 Star,Entire Villa,| 3 Bedrooms | Sleeps 12 guests,CoupleFriendly
Hote O Pravin Holiday Homes,Calangute,| 1.7 km drive to Candolim Beach,5,"['Entire Villa', '| 3 Bedrooms | Sleeps 12 guests']","₹4,179 per night",null,null,null,CoupleFriendlyFreeCancellationBook@₹0availableDistributedbyOYO
Casa Vinte C2 Spacious 3 BHK Near Baga,Baga,Ends  in  03h:  03m:  35s,null,"['Private Swimming Pool', 'Caretaker']","₹63,888 per night",null,Entire Apartment,| 3 Bedrooms | Sleeps 12 guests,CoupleFriendlyFreeCancellation
StayVista | Seaview Serenade Villa,Nerul,| 2 minutes walk to Agonda Beach,null,"['| 2 Bedrooms | Sleeps 8 guests', 'Shared Swimming Pool']","₹46,731 per night",Like a 5 Star,Entire Villa,| 4 Bedrooms | Sleeps 16 guests,Entirevillawithakitchencaretakerleavingarea&verandah10%offonsessionofSpa
FabHotel Joaquim Beachside Resort - 100 mtrs from baga beach,Baga,null,4.7,"['Caretaker', 'Butler Services']","₹2,028 per night",null,null,null,CoupleFriendlyFreeCancellationBook@₹0availableBreakfastavailableatextracharges
2BHK at Hyatt Centric Candolim by Rightstay,Calangute,| 9 minutes walk to Calangute Beach,3.8,"['Entire Apartment', '| 2 Bedrooms | Sleeps 8 guests']","₹5,291 per night",null,Entire Apartment,| 2 Bedrooms | Sleeps 8 guests,CoupleFriendly
Bens Inn.,North Goa,null,4.4,"['Housekeeping', 'Caretaker']","₹2,948 per night",null,null,null,CoupleFriendly
El Reino - 2 BHK at Reis Magos by The Blue Kite (H1),Bardez,| 2.7 km drive to Vagator Beach,4.4,"['Room in a Homestay', '| 1 Bedroom | Sleeps 4 guests']","₹17,925 per night",Like a 4 Star,Entire Apartment,| 2 Bedrooms | Sleeps 8 guests,CoupleFriendly
El Sereno - 2 BHK at Vagator by The Blue Kite (201),Vagator,| About a minute walk to Sernabatim Beach,4.2,"['Kitchenette', 'Living Room']","₹10,487 per night",null,Entire Apartment,| 2 Bedrooms | Sleeps 8 guests,CoupleFriendly
Super Collection O Peak Stay,Povorim,| 4 minutes walk to Colva Beach,4.6,"['Entire Apartment', '| 2 Bedrooms | Sleeps 10 guests']","₹2,878 per night",null,null,null,CoupleFriendlyFreeCancellationBook@₹0availableDistributedbyOYO
LohonoStays Aurelia Villa E,Vagator,| 2.8 km drive to Baga Beach,null,"['Shared Swimming Pool', 'Caretaker']","₹49,442 per night",Like a 5 Star,Entire Villa,| 4 Bedrooms | Sleeps 16 guests,CoupleFriendlyBreakfastIncluded
La Avila - 2 BHK Private Pool Villa at Siolim by The Blue Kite (02),Siolim,| 970 m drive to Calangute Beach,4.3,"['Entire Apartment', '| 2 Bedrooms | Sleeps 8 guests']","₹16,481 per night",Like a 4 Star,Entire Villa,| 2 Bedrooms | Sleeps 8 guests,CoupleFriendly
Raj Samudra Hotel and Spa by Leandra Resort,Majorda,null,4.1,"['Caretaker', 'Housekeeping']","₹2,656 per night",null,null,null,CoupleFriendlyFreeCancellationBook@₹0availableBreakfastavailableatextracharges10%DiscountonF&Bservices
La Paulos B2B Morjim Goa,Morjim,| About a minute walk to Morjim Beach,5,"['| 2 Bedrooms | Sleeps 8 guests', 'Shared Swimming Pool']","₹2,761 per night",null,null,null,CoupleFriendlyFreeCancellationBreakfastIncludedBook@₹0available
Itsy Hotels Morjim Pride,Morjim,| 2 minutes walk to Calangute Beach,4.2,"['Caretaker', 'Bonfire']","₹3,103 per night",null,null,null,FreeCancellationBreakfastIncludedBook@₹0available
Marcels Condos Service Apartments,Orlim,Ends  in  18h:  08m:  27s,null,"['Night Club', 'Restaurant']","₹46,403 per night",null,Entire Apartment,| 1 Bedroom | Sleeps 4 guests,FreeCancellation
Sun B2 Private Pool Villa.,Nerul,| 5 minutes walk to Candolim Beach,4.2,"['Entire Villa', '| 3 Bedrooms | Sleeps 12 guests']","₹23,375 per night",Like a 3 Star,Entire Villa,| 3 Bedrooms | Sleeps 12 guests,
Hotel Baga Galaxy,Baga,| 1-2 minutes walk from Calangute Beach,4.1,"['Swimming Pool', 'Caretaker']","₹7,118 per night",null,null,null,CoupleFriendlyFreeCancellationBook@₹0available
Villa Luuma Vera IKIGAI 5BHK Villa with Pvt Pool,Assagao,| 8 minutes walk to Varca Beach,null,"['Entire Apartment', '| 1 Bedroom | Sleeps 4 guests']","₹89,250 per night",null,Entire Villa,| 1 Bedroom | Sleeps 4 guests,CoupleFriendly
SHAWN INN,Morjim,null,null,"['Shared Swimming Pool', 'Reception']","₹1,815 per night",null,Room in a Cottage,| 1 Bedroom | Sleeps 4 guests,CoupleFriendlyFreeCancellationBreakfastIncludedBook@₹0available
SSS Pool Facing Studio Apartment,Arpora,null,null,"['Room in a Cottage', '| 1 Bedroom | Sleeps 4 guests']","₹41,288 per night",null,Entire Apartment,| 1 Bedroom | Sleeps 4 guests,
Sangolda 2BHK Apartment,Porvorim,| 2.2 km drive to Palolem Beach,3,"['Beach', 'Room in a Homestay']","₹2,509 per night",null,Entire Apartment,| 2 Bedrooms | Sleeps 8 guests,
Rainforest Soham 6 BHK Villa Bardez Goa,Assagao,Ends  in  03h:  03m:  43s,null,"['| 1 Bedroom | Sleeps 4 guests', 'Power Backup']","₹1,29,877 per night",Like a 5 Star,Entire Villa,| 6 Bedrooms | Sleeps 24 guests,CoupleFriendly
Ikigai IV Luxury Villa 300 mtrs from the Beach,Candolim,| 2.5 km drive to Candolim Beach,4.5,"['Beach', 'Entire Villa']","₹84,000 per night",null,Entire Villa,| Sleeps 3 guests,CoupleFriendly
Hotel O Amrut Comforts Suites & Rooms,Calangute,Ends  in  03h:  03m:  43s,null,"['| 5 Bedrooms | Sleeps 20 guests', 'Swimming Pool']","₹4,396 per night",null,null,null,CoupleFriendlyFreeCancellationBook@₹0availableBreakfastavailableatextracharges
La Zamora - 3 BHK Private Pool Villa at Vagator by The Blue Kite (02),Vagator,| 4-5 minutes walk from Calangute Beach,null,"['Caretaker', 'Room in a Villa']","₹23,292 per night",null,Entire Villa,| 3 Bedrooms | Sleeps 12 guests,CoupleFriendly
Oralia Resorts,Ashwem Beach,null,4.5,"['| 1 Bedroom | Sleeps 4 guests', 'Shared Swimming Pool']","₹4,213 per night",null,null,null,BreakfastIncluded
Fully Furnished 1BHK APT Near Baga,Arpora,| 1.9 km drive to Morjim Beach,null,"['Kitchenette', 'Swimming Pool']","₹17,314 per night",null,Entire Apartment,| 1 Bedroom | Sleeps 4 guests,
Santa Monica Resort-Calangute,Calangute,| 6.7 km drive to Goa International Airport,3.4,"['Restaurant', 'Vehicle Rentals']","₹2,057 per night",null,null,null,FreeCancellationBook@₹0availableBreakfastavailableatextracharges
D Beach Villa,Calangute,| 6 minutes walk to Baga Beach,3.8,"['null', 'Entire Villa']","₹7,864 per night",Like a 3 Star,Entire Villa,| 1 Bedroom | Sleeps 8 guests,
Super Townhouse Margao Near Railway Station,Margao,| 8 minutes walk to Candolim Beach,null,"['| 3 Bedrooms | Sleeps 12 guests', 'Private Swimming Pool']","₹2,159 per night",null,null,null,CoupleFriendlyFreeCancellationBook@₹0availableBreakfastavailableatextracharges
Casa Prudencia,Candolim,null,4,"['Caretaker', 'Lounge']","₹3,931 per night",null,Room in an Apartment,| 1 Bedroom | Sleeps 4 guests,CoupleFriendly
Papaya Apartment-2 BHK Apartment,Candolim,| 5 minutes walk to Candolim Beach,null,"['Spa', 'Water Sports']","₹6,567 per night",null,Entire Apartment,| 2 Bedrooms | Sleeps 4 guests,CoupleFriendlyFreeCancellationBook@₹0available10%DiscountOnAirportTransfer
Seclude Falling Cashews | 2 BHK Villa,Tiswadi,| 5 minutes walk to Candolim Beach,3.8,"['null', 'Swimming Pool']","₹7,909 per night",Like a 3 Star,Entire Villa,| 2 Bedrooms | Sleeps 10 guests,"CoupleFriendly2-bedroomself-cateringflatatprimelocation,top-notchamenities,lawnandsit-outs"
Styre Elegant 4BHK Private Pool Luxury Villa By Vio Stays,Anjuna,| 970 m drive to Varca Beach,4.5,"['Gym', 'Swimming Pool']","₹39,524 per night",Like a 4 Star,Entire Villa,| 4 Bedrooms | Sleeps 16 guests,CoupleFriendly
Studio apartment by Goa Holiday Rentals,Margao,| 1.3 km drive to Calangute Beach,null,"['Vehicle Rentals', 'Swimming Pool']","₹2,794 per night",null,Entire Apartment,| 1 Bedroom | Sleeps 4 guests,CoupleFriendlyFreeCancellationBook@₹0available
Cozy 1BHK,Candolim,| 2.8 km drive to Baga Beach,4.4,"['Indoor Games', '| 3 Bedrooms | Sleeps 12 guests']","₹3,046 per night",null,Entire Apartment,| 1 Bedroom | Sleeps 4 guests,CoupleFriendly
El Reino - 2 BHK at Reis Magos by The Blue Kite (F3),Bardez,Ends  in  03h:  03m:  48s,4.3,"['Shared Swimming Pool', 'Caretaker']","₹12,438 per night",null,Entire Apartment,| 2 Bedrooms | Sleeps 8 guests,CoupleFriendly
Ronne 3BHK Penthouse in Arpora,Arpora,| 3 minutes walk to Baga Beach,null,"['Room in a Homestay', '| 1 Bedroom | Sleeps 4 guests']","₹7,389 per night",null,Room in an Apartment,| 1 Bedroom | Sleeps 4 guests,CoupleFriendly
Drifters villa,Assagao,| 9 minutes walk to Candolim Beach,1,"['Water Sports', 'Vehicle Rentals']","₹15,135 per night",null,Entire Villa,| 3 Bedrooms | Sleeps 12 guests,
Hotel Menino Executive,Ponda,| 2 minutes walk to Ashwem Beach,3.3,"['Restaurant', 'Bar']","₹2,409 per night",null,null,null,CoupleFriendlyBreakfastavailableatextracharges
Bliss Villa-3 BHK Villa with private pool,Bardez,null,3.1,"['Entire Apartment', '| 1 Bedroom | Sleeps 4 guests']","₹33,875 per night",null,Entire Villa,| 3 Bedrooms | Sleeps 12 guests,CoupleFriendlyFreeCancellationBook@₹0available
LohonoStays Silvio Villa D,Assagao,| 2.4 km drive to Vagator Beach,null,"['Housekeeping', 'Caretaker']","₹37,316 per night",Like a 5 Star,Entire Villa,| 4 Bedrooms | Sleeps 16 guests,CoupleFriendlyBreakfastIncluded
Staymaster Presha Villa 5BHK Jacuzzi Pool,North Goa,null,4,"['Restaurant', 'Swimming Pool']","₹14,114 per night",Like a 4 Star,Entire Villa,| 5 Bedrooms | Sleeps 20 guests,CoupleFriendly
El Sereno - 4 BHK at Vagator by The Blue Kite (5&6),Vagator,Ends  in  03h:  03m:  51s,4.4,"['Restaurant', 'Caretaker']","₹26,385 per night",null,Entire Apartment,| 4 Bedrooms | Sleeps 16 guests,"CoupleFriendlySavourthepeaceandquietofthis3-bedroomhomewithapool,bar&lawn"
Rainforest Woods 4BHK Villa with Private Pool at Assagao,Assagao,null,4.5,"['Luggage Storage', 'Jacuzzi']","₹46,584 per night",null,Entire Villa,| 4 Bedrooms | Sleeps 16 guests,CoupleFriendly
Rainforest Eternia 3BR,Bardez,| 4-5 minutes walk from Colva Beach,null,"['Swimming Pool', 'Restaurant']","₹54,150 per night",Like a 5 Star,Entire Villa,| 3 Bedrooms | Sleeps 12 guests,"CoupleFriendlyPropertywithapool,livingroom,kitchen&lakeviews"
Hotel Kepler Stay - AT Hotel Collection,Majorda,| 7 minutes walk to Morjim Beach,4.4,"['| 1 Bedroom | Sleeps 4 guests', 'Swimming Pool']","₹1,604 per night",null,null,null,CoupleFriendlyBreakfastIncluded
1 bhk holiday home in Benaulim,South Goa,| 1.4 km drive to Morjim Beach,null,"['Caretaker', 'Swimming Pool']","₹3,669 per night",null,Entire Apartment,| 1 Bedroom | Sleeps 6 guests,CoupleFriendly
Del Hostel,Assagao,| 4-5 minutes walk from Varca Beach,4,"['Kids Play Area', 'Swimming Pool']","₹2,038 per night",Like a 3 Star,Beds in a Hostel,| 2 Dorm Beds,CoupleFriendlyFreeCancellationBook@₹0available
Jerrisa Paradise,Calangute Baga Road,| 2.5 km drive to Candolim Beach,4.4,"['Spa', 'Water Sports']","₹27,139 per night",null,Room in a Homestay,| 1 Bedroom | Sleeps 4 guests,CoupleFriendlyFreeCancellation
FabHotel Grand Royal Palms - Nr. Benaulim beach,Benaulim,| About a minute walk to Baga Beach,3.9,"['Indoor Games', 'Swimming Pool']","₹2,277 per night",null,null,null,CoupleFriendlyFreeCancellationBook@₹0availableBreakfastavailableatextrachargesIn-housebarandjust1KmfromBenaulimBeachforarelaxedgetaway
Rainforest V1 Casa Bella,Assagao,null,null,"['Restaurant', 'Swimming Pool']","₹53,441 per night",Like a 5 Star,Entire Villa,| 4 Bedrooms | Sleeps 16 guests,"Propertywithapool,livingroom,kitchen&adiningarea"
VILLA BY THE SEA,Varca Beach,| About a minute walk to Morjim Beach,3.2,"['Restaurant', 'Entire Homestay']","₹15,892 per night",null,Room in a Villa,| 1 Bedroom | Sleeps 4 guests,
ELIVAAS 5 BHK Pvt Pool Villa with GAZEBO | Bauhinia,Assagao,| 1.9 km drive to Baga Beach,4.5,"['| 2 Bedrooms | Sleeps 12 guests', 'Kitchenette']","₹31,863 per night",Like a 5 Star,Entire Villa,| 5 Bedrooms | Sleeps 20 guests,"CoupleFriendlyDelightfulvillawithapool,gazebo,bathtub,BBQ&alawn"
Staymaster Serafina 3BHK Villa Common Pool Goa,Calangute,null,4,"['Living Room', 'Spa']","₹8,453 per night",Like a 3 Star,Entire Villa,| 3 Bedrooms | Sleeps 12 guests,CoupleFriendly
Casa Vinte E4 Modern 3 BHK near Baga,Baga,null,null,"['Swimming Pool', 'null']","₹55,902 per night",null,Entire Apartment,| 3 Bedrooms | Sleeps 12 guests,CoupleFriendlyFreeCancellation
Banana Apartment-2 BHK Apartment,Candolim,| 8 minutes walk to Sinquerium Beach,null,"['null', 'Swimming Pool']","₹6,522 per night",null,Entire Apartment,| 2 Bedrooms | Sleeps 4 guests,FreeCancellationBook@₹0available
Casa De Amor(A Portuguese Villa),Calangute,| 4-5 minutes walk from Calangute Beach,null,"['Gym', 'Swimming Pool']","₹41,652 per night",null,Entire Villa,| 3 Bedrooms | Sleeps 10 guests,CoupleFriendly
SSM Homestay | Beach Classic 2 BHK Villa,Candolim,| 2.5 km drive to Vagator Beach,null,"['Spa', '| 4 Bedrooms | Sleeps 16 guests']","₹31,218 per night",null,Entire Villa,| 2 Bedrooms | Sleeps 8 guests,"Entiremodernvillawithakitchen,balcony&livingarea"
2BHK Apartment in Calangute,Calangute Baga Road,| About a minute walk to Ashwem Beach,null,"['Private Swimming Pool', 'Caretaker']","₹18,948 per night",null,Entire Apartment,| 2 Bedrooms | Sleeps 8 guests,
La Zamora - 3 BHK Private Pool Villa at Vagator by The Blue Kite (18),Vagator,| 2.5 km drive to Baga Beach,4.1,"['Restaurant', 'Bar']","₹23,160 per night",null,Entire Villa,| 3 Bedrooms | Sleeps 12 guests,"Entirepoolvillawithakitchen,balconysit-outs&beachaccess"
Riya Cottages,Agonda,| 10 minutes walk to Calangute Beach,3.9,"['Lounge', 'Power Backup']","₹3,246 per night",Like a 3 Star,Room in a Cottage,| 1 Bedroom | Sleeps 4 guests,
The Hibiscus-Goa,South Goa,Ends  in  18h:  08m:  48s,4.6,"['Water Sports', 'Bar']","₹2,527 per night",null,Entire Homestay,| 1 Bedroom | Sleeps 4 guests,CoupleFriendly
Nostalgic Goa Homestay Authentic Goan Experience,Anjuna,| 2 minutes walk to Calangute Beach,3.9,"['Bar', 'Swimming Pool']",₹715 per night,null,Beds in a Homestay,| Sleeps 16 guests,CoupleFriendly
Richard Residency,Calangute,null,3.9,"['Lounge', 'Gym']","₹1,312 per night",null,Room in a Homestay,| 1 Bedroom | Sleeps 4 guests,CoupleFriendlyFreeCancellationBook@₹0available
BOHO BY THE BEACH,Morjim,| 9 minutes walk to Candolim Beach,4.2,"['Swimming Pool', 'Room in an Apartment']","₹4,559 per night",null,null,null,FreeCancellationBook@₹0available
Casa Sumanjo | Rooms with Balcony,Calangute,| 6 minutes walk to Candolim Beach,3.9,"['| 1 Bedroom | Sleeps 3 guests', 'Reception']","₹3,612 per night",null,Room in a Homestay,| 1 Bedroom | Sleeps 4 guests,CoupleFriendlyFreeCancellationBook@₹0available
Moh Hospitality | 3 BHK Pool Villa 'M' JIA 5,Candolim,null,4,"['Housekeeping', 'Swimming Pool']","₹10,350 per night",Like a 3 Star,Entire Villa,| 3 Bedrooms | Sleeps 14 guests,"BreakfastIncludedEntirevillawithakitchen,caretaker,bar,Wi-Fi&parking"
One Bedroom Apartment Arpora,Arpora,| 8 minutes walk to Anjuna Beach,null,"['Restaurant', 'Vehicle Rentals']","₹11,979 per night",null,Entire Apartment,| 1 Bedroom | Sleeps 4 guests,CoupleFriendly
Casa Nunes | 3 BHK Villa near Cavelossim Beach,Velim,null,null,"['Fireplace', 'Gym']","₹12,193 per night",Like a 4 Star,Entire Villa,| 3 Bedrooms | Sleeps 14 guests,CoupleFriendlyFreeCancellation
LohonoStays Aurelia Villa D,Vagator,| 5 minutes walk to Candolim Beach,null,"['Pool/ Beach towels', 'Caretaker']","₹37,095 per night",Like a 5 Star,Entire Villa,| 3 Bedrooms | Sleeps 12 guests,CoupleFriendlyBreakfastIncluded
Hotel Quinta Da Branca,Baga,Ends  in  03h:  04m:  05s,4,"['Room in a Homestay', '| 1 Bedroom | Sleeps 4 guests']","₹3,889 per night",null,null,null,CoupleFriendlyFreeCancellationBreakfastIncludedBook@₹0available
El Rocio - 2 BHK at Assagao by The Blue Kite (19),Assagao,null,4.5,"['Shared Parking', 'Air Conditioning']","₹12,174 per night",Like a 4 Star,Entire Apartment,| 2 Bedrooms | Sleeps 8 guests,CoupleFriendly
Saga De Arboria 3Bhk Luxurious Private Pool Villa at Baga,Calangute,| 2.6 km drive to Baga Beach,4.1,"['| 1 Bedroom | Sleeps 4 guests', 'Caretaker']","₹22,278 per night",Like a 4 Star,Entire Villa,| 3 Bedrooms | Sleeps 12 guests,CoupleFriendly
Cozy AC Apartment close to Calangute - Baga Beach,Baga,null,null,"['Night Club', '| 1 Bedroom | Sleeps 8 guests']","₹12,610 per night",null,Room in an Apartment,| 1 Bedroom | Sleeps 4 guests,
LohonoStays Monforte Villa F,Assagao,null,null,"['Shared Swimming Pool', 'Lounge']","₹47,815 per night",Like a 5 Star,Entire Villa,| 3 Bedrooms | Sleeps 12 guests,CoupleFriendlyBreakfastIncluded
2Bedroom Apartment for 6 with Pool Anjuna,Anjuna,null,3.9,"['Swimming Pool', 'Restaurant']","₹3,677 per night",null,Entire Apartment,| 2 Bedrooms | Sleeps 8 guests,
HOTEL BOM SUCESSO,Candolim,Ends  in  03h:  04m:  08s,3.8,"['| 1 Bedroom | Sleeps 4 guests', 'Shared Parking']","₹2,610 per night",null,null,null,CoupleFriendlyBreakfastavailableatextracharges
The Om Resort,Arambol,null,3.8,"['Paid Wi-Fi', 'Entire Apartment']","₹2,328 per night",null,Rooms in a Homestay,| 2 Bedrooms | Sleeps 4 guests,CoupleFriendly
Immersive Luxury by Ruhe Stays Private Pool 8 min to Beach,Vagator,| 2.0 km drive to Vagator Beach,4.1,"['| 3 Bedrooms | Sleeps 12 guests', 'Swimming Pool']","₹74,535 per night",null,Entire Villa,| 3 Bedrooms | Sleeps 12 guests,CoupleFriendlyStylishpoolvillawithalivingroom&adiningarea
Comfortable 2BHK Apartment wt Pool Anjuna  Vagator,Anjuna,null,3.7,"['Wi-Fi', 'Kids Play Area']","₹4,556 per night",null,Entire Apartment,| 2 Bedrooms | Sleeps 8 guests,
El Reino - 3 BHK at Reis Magos by The Blue Kite (G3),Bardez,null,4,"['Indoor Games', 'Swimming Pool']","₹11,399 per night",null,Entire Apartment,| 3 Bedrooms | Sleeps 12 guests,CoupleFriendly
Cozy and Spacious 2 BHK Apt with Pool in Anjuna,Vagator,| 1.9 km drive to Majorda Beach,3.8,"['Restaurant', 'Restaurant']","₹4,466 per night",null,Entire Apartment,| 2 Bedrooms | Sleeps 8 guests,
La Maroma - 3 BHK Private Pool Villa at Anjuna by The Blue Kite (08),Vagator,| 1.8 km drive to Benaulim Beach,4.3,"['Bar', 'Lounge']","₹25,222 per night",Like a 5 Star,Entire Villa,| 3 Bedrooms | Sleeps 12 guests,"CoupleFriendlyStylishvillawithapool,kitchen,diningarea&chidecors"
The Peacocks Villa Anjuna,Anjuna,Ends  in  03h:  04m:  11s,null,"['Caretaker', 'Swimming Pool']","₹44,499 per night",null,Entire Villa,| 4 Bedrooms | Sleeps 16 guests,CoupleFriendly
LohonoStays Bastora House,Bardez,| 7 minutes walk to Calangute Beach,3.8,"['Restaurant', 'Swimming Pool']","₹70,374 per night",Like a 5 Star,Entire Villa,| 7 Bedrooms | Sleeps 28 guests,CoupleFriendlyBreakfastIncluded
THE ROSEWOOD,North Goa,| 990 m drive to Benaulim Beach,4.4,"['Indoor Games', 'Bar']","₹2,576 per night",Like a 3 Star,Room in a Homestay,| 1 Bedroom | Sleeps 4 guests,CoupleFriendlyFreeCancellationBook@₹0available
Kashinath Beach Huts,Agonda,null,3.8,"['Barbeque', 'Caretaker']","₹4,772 per night",null,Room in a Beach Hut,| 1 Bedroom | Sleeps 4 guests,CoupleFriendly
2bhk in Sun and Sand apartments,Candolim,| About a minute walk to Varca Beach,3.7,"['Free Wi-Fi', 'Free Parking']","₹14,820 per night",null,Entire Apartment,| 2 Bedrooms | Sleeps 8 guests,
2BHK Luxury Apartment with Pool in Anjuna Vagator,Vagator,null,3.8,"['Room in an Apartment', '| 1 Bedroom | Sleeps 4 guests']","₹3,551 per night",null,Entire Apartment,| 2 Bedrooms | Sleeps 8 guests,CoupleFriendlyFreeCancellationBook@₹0available
Rainforest Floresta Assagao,Vagator,null,4.5,"['Reception', 'Housekeeping']","₹41,705 per night",Like a 5 Star,Entire Villa,| 3 Bedrooms | Sleeps 12 guests,"CoupleFriendlyChicvillawithapool,livingroom,kitchen&adiningarea"
"ama Stays & Trails | 70 Vale, Goa",Assagao,| 2.8 km drive to Baga Beach,4.6,"['Swimming Pool', 'Restaurant']","₹72,000 per night",Like a 5 Star,Entire Villa,| 4 Bedrooms | Sleeps 16 guests,"BreakfastIncludedManagedbyTajHolidayVillageResort&Spa,Goa"
The Avenue Orlim | Restaurant & Pool,South Goa,| 6 minutes walk to Candolim Beach,3.7,"['Entire Apartment', '| 1 Bedroom | Sleeps 4 guests']","₹8,701 per night",null,Entire Apartment,| 2 Bedrooms | Sleeps 8 guests,
Seaside Private Pool Villa in North Goa,Panjim,| 1.8 km drive to Candolim Beach,null,"['Swimming Pool', 'Reception']","₹50,389 per night",Like a 4 Star,Entire Villa,| 5 Bedrooms | Sleeps 20 guests,CoupleFriendly
Sundays Forever Anjuna Beach House,Anjuna,| 5 minutes walk to Candolim Beach,4.2,"['Swimming Pool', 'Restaurant']","₹16,744 per night",Like a 3 Star,Entire Villa,| 3 Bedrooms | Sleeps 12 guests,"CoupleFriendlyEntire3BHKvillawithalivingroom,balcony,beachaccess&indoorgames"
Studio SSS Apartment in Arpora,Arpora,| 9 minutes walk to Calangute Beach,null,"['Swimming Pool', 'Restaurant']","₹41,288 per night",null,Entire Apartment,| 1 Bedroom | Sleeps 4 guests,FreeCancellation
Janardan Home Stay,Calangute,| 2.5 km drive to Vagator Beach,null,"['Swimming Pool', 'Restaurant']","₹12,610 per night",null,Room in a Homestay,| 1 Bedroom | Sleeps 4 guests,CoupleFriendly
Casa Royale | 3bhk Villa w private pool,Panjim,| 3 minutes walk to Agonda Beach,4,"['Room in an Apartment', '| 1 Bedroom | Sleeps 4 guests']","₹21,631 per night",Like a 4 Star,Entire Villa,| 3 Bedrooms | Sleeps 12 guests,CoupleFriendly
Pearl Villa | 4 BHK Villa with Private Pool,Porvorim,null,3.7,"['Reception', 'Caretaker']","₹31,928 per night",null,Entire Villa,| 4 Bedrooms | Sleeps 8 guests,CoupleFriendlyFreeCancellation
El Reino - 2 BHK at Reis Magos by The Blue Kite (J1),Bardez,| 850 m drive to Anjuna Beach,4.4,"['Swimming Pool', 'Restaurant']","₹9,525 per night",Like a 4 Star,Entire Apartment,| 2 Bedrooms | Sleeps 8 guests,CoupleFriendly
Villa Cardo - 4 BHK Indo Portuguese by The Blue Kite,Vagator,| 2 minutes walk to Calangute Beach,null,"['Water Sports', 'Vehicle Rentals']","₹59,139 per night",Like a 5 Star,Entire Villa,| 4 Bedrooms | Sleeps 16 guests,CoupleFriendlyBemesmerisedbythischarmingPortuguese-stylevillafeaturingaplushpool&lawn
Ikigai II 3BHK I Private Pool I Genset I Anjuna,Vagator,| 3 minutes walk to Morjim Beach,4.5,"['Swimming Pool', 'Restaurant']","₹63,000 per night",null,Entire Villa,| 3 Bedrooms | Sleeps 12 guests,CoupleFriendly
LohonoStays Igreha Villa A,Siolim,| 3-4 minutes walk from Calangute Beach,null,"['Swimming Pool', 'Spa']","₹23,175 per night",Like a 5 Star,Entire Villa,| 2 Bedrooms | Sleeps 8 guests,CoupleFriendly
Sai Ocean serviced Apartment,Calangute,| 10 minutes walk to Candolim Beach,null,"['Swimming Pool', 'Spa']","₹16,813 per night",null,Room in an Apartment,| 1 Bedroom | Sleeps 4 guests,FreeCancellationBook@₹0available
Star Villa,Morjim,| 2.3 km drive to Baga Beach,3.7,"['Barbeque', 'Bonfire']","₹50,438 per night",null,Room in a Villa,| 1 Bedroom | Sleeps 4 guests,CoupleFriendly
Rainforest Enclave 2BHK Apartment with Private Terrace - CF2,Arpora,null,4.1,"['| 1 Bedroom | Sleeps 4 guests', 'Shared Swimming Pool']","₹7,309 per night",Like a 3 Star,Entire Apartment,| 2 Bedrooms | Sleeps 8 guests,"CoupleFriendlyApartmentfeaturingapool,gazebo,livingroom&akitchen"
Anjuna 3BHK With Pvt Pool Near River,Baga,Ends  in  03h:  04m:  27s,null,"['Wi-Fi', 'Room in a Villa']","₹50,312 per night",null,Entire Apartment,| 3 Bedrooms | Sleeps 12 guests,CoupleFriendlyFreeCancellation
Om Ganesh Stays,Arambol,| 3 minutes walk to Baga Beach,3.7,"['| 1 Bedroom | Sleeps 4 guests', 'Caretaker']","₹1,351 per night",null,Room in an Apartment,| 1 Bedroom | Sleeps 4 guests,
El Sereno - 2 BHK at Vagator by The Blue Kite (03),Vagator,null,4.3,"['Housekeeping', 'Spa']","₹10,678 per night",Like a 4 Star,Entire Apartment,| 2 Bedrooms | Sleeps 8 guests,"CoupleFriendlyApartmentwithapool,kitchen,diningarea&alivingroom"
Rainforest Casa Azure 2 BHK Apartment,Calangute,| 5 minutes walk to Calangute Beach,3.7,"['Kids Play Area', 'Swimming Pool']","₹8,388 per night",Like a 4 Star,Entire Apartment,| 2 Bedrooms | Sleeps 5 guests,CoupleFriendlyPropertyfeaturingakitchen&commonswimmingpool
El Reino - 2 BHK at Reis Magos by The Blue Kite (D1),Bardez,| About a minute walk to Baga Beach,4.5,"['Kids Play Area', 'Beds in a Hostel']","₹12,999 per night",Like a 4 Star,Entire Apartment,| 2 Bedrooms | Sleeps 8 guests,CoupleFriendly
FabHotel Amazonika Boutique Resort - Nr. Arpora,Arpora,Ends  in  03h:  04m:  27s,2.8,"['| 2 Dorm Beds', 'Kitchenette']","₹2,094 per night",null,null,null,"CoupleFriendlyFreeCancellationBook@₹0availableBreakfastavailableatextrachargesRoomUpgrade,subjecttoavailability"
"Sovi Studios Luxury Apartments with Pool, Mandrem, Goa",North Goa,| 8 minutes walk to Anjuna Beach,4.4,"['Bonfire', 'Beach club']","₹3,656 per night",Like a 3 Star,Room in an Apartment,| 1 Bedroom | Sleeps 4 guests,CoupleFriendlyFreeCancellationBook@₹0available
1 BHK apt 2,Colva,| 5 minutes walk to Candolim Beach,4.5,"['24-hour Room Service', 'Vehicle Rentals']","₹8,012 per night",Like a 3 Star,Entire Apartment,| 1 Bedroom | Sleeps 4 guests,CoupleFriendly
2 BHK Pool Apartment Arpora,Arpora,null,null,"['Bonfire', 'null']","₹39,624 per night",null,Entire Apartment,| 2 Bedrooms | Sleeps 8 guests,
Holiday Beach Resort in Candolim,Candolim,null,null,"['Spa', 'Swimming Pool']","₹5,544 per night",Like a 3 Star,Room in an Apartment,| 1 Bedroom | Sleeps 3 guests,FreeCancellationBook@₹0availableBreakfastavailableatextracharges
Villa Venni,Calangute,| 8 minutes walk to Anjuna Beach,3.6,"['Room in a Cottage', '| 1 Bedroom | Sleeps 3 guests']","₹4,208 per night",Like a 3 Star,Room in an Apartment,| 1 Bedroom | Sleeps 4 guests,
"Luxurious Beach Resort, Goa",Agonda,null,4.2,"['Swimming Pool', 'Caretaker']","₹5,936 per night",null,null,null,CoupleFriendly
"FabHotel Prime Infantaria Comfort With Pool, Calangute Beach - 500 Mtrs from Calangute Beach",Calangute Baga Road,| 2.6 km drive to Vagator Beach,2.4,"['Entire Apartment', '| 1 Bedroom | Sleeps 4 guests']","₹3,426 per night",null,null,null,CoupleFriendlyFreeCancellationBook@₹0availableBreakfastavailableatextracharges100%MoneyBackGuaranteeonServiceRelatedIssues
Treebo Sunshine Beach Resort,Baga,| 2.3 km drive to Vagator Beach,2.7,"['Shared Swimming Pool', 'Private Kitchen']","₹3,582 per night",null,null,null,FreeCancellationBreakfastIncludedBook@₹0available
OV3 near Baga | 4BHK Villa with a Private Pool,Nagoa,| 4 minutes walk to Anjuna Beach,4.4,"['Swimming Pool', 'Lounge']","₹26,706 per night",Like a 3 Star,Entire Villa,| 4 Bedrooms | Sleeps 22 guests,"CoupleFriendlyEntirevillawithalawn,parking,Wi-Fi&caretaker"
Mayonna Creek Side | Rooms & Restaurant,Baga,Ends  in  03h:  04m:  33s,3.6,"['Entire Apartment', '| 1 Bedroom | Sleeps 4 guests']","₹3,150 per night",null,Room in a Homestay,| 1 Bedroom | Sleeps 4 guests,CoupleFriendlyBreakfastavailableatextracharges
NELMAR NEST CALANGUTE BEACH,Calangute,| 2.5 km drive to Mandrem Beach,3.6,"['Shared Swimming Pool', 'Caretaker']","₹3,104 per night",null,Room in a Homestay,| 1 Bedroom | Sleeps 5 guests,CoupleFriendly
Rose Apartment-1 BHK Apartment,Candolim,| About a minute walk to Agonda Beach,null,"['Swimming Pool', 'Restaurant']","₹16,403 per night",null,Entire Apartment,| 1 Bedroom | Sleeps 4 guests,FreeCancellation
Villa with Private pool,Calangute,| 4-5 minutes walk from Candolim Beach,null,"['Entire Apartment', '| 1 Bedroom | Sleeps 3 guests']","₹50,978 per night",null,Entire Villa,| 3 Bedrooms | Sleeps 10 guests,CoupleFriendlyFreeCancellation
The Mint Resort By WS&GOG,Calangute Baga Road,| 2.7 km drive to Vagator Beach,2.7,"['Caretaker', 'Housekeeping']","₹2,246 per night",null,Room in an Apartment,| 1 Bedroom | Sleeps 3 guests,
LohonoStays Castello Villa 3,Assagao,null,null,"['null', 'Swimming Pool']","₹34,348 per night",Like a 5 Star,Entire Villa,| 3 Bedrooms | Sleeps 12 guests,CoupleFriendlyBreakfastIncluded
Saiesh International Hotel,Mapusa,null,3.5,"['Water Sports', '| 1 Bedroom | Sleeps 4 guests']","₹1,373 per night",null,null,null,
Casa Nona | Entire 5 BHK Villa,Porvorim,| 2.5 km drive to Varca Beach,4.5,"['Shared Parking', 'Wi-Fi']","₹59,535 per night",null,Entire Villa,| 2 Bedrooms | Sleeps 8 guests,"CoupleFriendlyFreeCancellationEntirepoolvillawithakitchen,lawnsit-out&parking"
Tropical Vibes-5 BHK Luxury Apartment,Tiswadi,| 950 m drive to Dona Paula Beach,4.2,"['Swimming Pool', 'Water Sports']","₹60,525 per night",null,Entire Apartment,| 5 Bedrooms | Sleeps 20 guests,CoupleFriendly
1.5 BHK AC Apartment in Dabolim,Mormugao,| 8 minutes walk to Anjuna Beach,null,"['Spa', 'Swimming Pool']","₹4,369 per night",Like a 3 Star,Entire Apartment,| 1 Bedroom | Sleeps 4 guests,CoupleFriendly
Studio at Tio Carmino Calangute by Rightstay,Calangute,| 2.0 km drive to Baga Beach,3.4,"['Room in a Cottage', '| 1 Bedroom | Sleeps 4 guests']","₹3,466 per night",null,Entire Apartment,| 1 Bedroom | Sleeps 4 guests,CoupleFriendly
LohonoStays Aurelia Villa C,Vagator,| 6 minutes walk to Calangute Beach,null,"['Housekeeping', 'Free Wi-Fi']","₹37,095 per night",Like a 5 Star,Entire Villa,| 3 Bedrooms | Sleeps 12 guests,BreakfastIncluded
JS Hokiday Homes 2 bhk Apartment,Calangute,null,null,"['Swimming Pool', 'Entire Apartment']","₹12,610 per night",null,Entire Apartment,| 2 Bedrooms | Sleeps 8 guests,CoupleFriendly
Posh 2 BHK Apartment in Arpora,Arpora,null,null,"['| 1 Bedroom | Sleeps 4 guests', 'Shared Swimming Pool']","₹18,225 per night",null,Entire Apartment,| 2 Bedrooms | Sleeps 8 guests,FreeCancellation10%DiscountOnAirportTransfer
SSS 1 Bedroom Service Apartment,Arpora,null,null,"['Reception', 'Swimming Pool']","₹24,604 per night",null,Entire Apartment,| 1 Bedroom | Sleeps 4 guests,10%DiscountOnAirportTransfer
Rashi Ikigai Boutique Apartment  2BHK  Penthouse,Assagao,null,null,"['Indoor Games', 'Entire Apartment']","₹9,923 per night",null,Entire Apartment,| 2 Bedrooms | Sleeps 12 guests,CoupleFriendly
Klase Homep Arambol Goa,Arambol,| 1.9 km drive to Vagator Beach,3,"['| 2 Bedrooms | Sleeps 8 guests', 'Shared Swimming Pool']","₹2,848 per night",Like a 3 Star,Room in an Apartment,| 1 Bedroom | Sleeps 4 guests,CoupleFriendlyFreeCancellationBook@₹0available
Luxurious 2bhk well furnished Apartment,Colva,Ends  in  03h:  04m:  39s,null,"['Caretaker', 'Entire Villa']","₹9,281 per night",null,Entire Apartment,| 2 Bedrooms | Sleeps 6 guests,CoupleFriendly
HOTEL STAR PRIDE,Majorda,| 4-5 minutes walk from Candolim Beach,3.6,"['| 3 Bedrooms | Sleeps 12 guests', 'Swimming Pool']","₹2,737 per night",null,null,null,CoupleFriendlyFreeCancellationBook@₹0availableBreakfastavailableatextracharges
CYPRIANS GUEST HOUSE,Calangute,| 4 minutes walk to Morjim Beach,4,"['Caretaker', 'Entire Apartment']","₹2,678 per night",Like a 3 Star,Room in a Homestay,| 1 Bedroom | Sleeps 4 guests,CoupleFriendlyFreeCancellationBook@₹0available
Goa Beach Holidays 5BHK,Arpora,| 2.8 km drive to Baga Beach,null,"['| 2 Bedrooms | Sleeps 8 guests', 'Shared Swimming Pool']","₹31,165 per night",null,Entire Apartment,| 5 Bedrooms | Sleeps 20 guests,
Designer 3BR Villa,Vagator,| 2.8 km drive to Baga Beach,null,"['Reception', 'null']","₹44,651 per night",null,Entire Villa,| 3 Bedrooms | Sleeps 12 guests,CoupleFriendly
Lumina's Residence - Non A/C Rooms,Candolim,null,null,"['| 3 Bedrooms | Sleeps 12 guests', 'Shared Swimming Pool']","₹16,515 per night",null,Room in a Homestay,| 1 Bedroom | Sleeps 8 guests,
Kiara Studios by Goaround Homes at Assagao,Assagao,| 2.4 km drive to Vagator Beach,3.2,"['Caretaker', 'Entire Villa']","₹2,835 per night",null,Room in an Apartment,| 1 Bedroom | Sleeps 3 guests,
Omiguel CliffTop Cottages | Rooms & Wi-Fi,South Goa,| 1.0 km drive to Candolim Beach,3.2,"['| 5 Bedrooms | Sleeps 20 guests', 'Private Swimming Pool']","₹5,595 per night",Like a 4 Star,Rooms in a Homestay,| 2 Bedrooms | Sleeps 8 guests,"FreeCancellationBreakfastIncludedBook@₹0availableHomestaywitharestaurant,kidsplayarea&bonfire"
Luxurious 4bhk Villa North Goa,Bardez,null,null,"['Caretaker', 'Room in an Apartment']","₹46,155 per night",null,Entire Villa,| 4 Bedrooms | Sleeps 16 guests,CoupleFriendly
Namyo Guesthouse/Hostel,Arambol Beach,null,3.4,"['| 1 Bedroom | Sleeps 6 guests', 'Housekeeping']","₹7,924 per night",null,Room in a Homestay,| 1 Bedroom | Sleeps 2 guests,CoupleFriendly
Villa Flavia,Candolim,null,null,"['Pool/ Beach towels', 'Entire Apartment']","₹30,985 per night",null,Room in a Villa,| 1 Bedroom | Sleeps 10 guests,CoupleFriendly
CASA DA FLORESTA - Lux Jacuzzi - Pool - WiFi -  BBQ,Anjuna,| 8 minutes walk to Colva Beach,4.4,"['| 1 Bedroom | Sleeps 4 guests', 'Housekeeping']","₹10,374 per night",null,Entire Villa,| 2 Bedrooms | Sleeps 4 guests,"FreeCancellationBook@₹0availableEntire2BHKvillaofferingakitchen,powerbackup&parking"
The Rooftop Arambol,Arambol,| 1.9 km drive to Baga Beach,3.1,"['Wi-Fi', 'Entire Villa']","₹1,012 per night",null,Room in an Apartment,| 1 Bedroom,CoupleFriendlyApartmentfeaturingalivingroom&akitchen
Casa Vinte E1 Stylish Apartment with a Private Pool near Baga,Baga,| About a minute walk to Candolim Beach,null,"['| 3 Bedrooms | Sleeps 12 guests', 'Private Swimming Pool']","₹47,916 per night",null,Entire Apartment,| 3 Bedrooms | Sleeps 12 guests,CoupleFriendlyFreeCancellation
Aj's Inn,Baga,| 3-4 minutes walk from Calangute Beach,3,"['Caretaker', 'Beds in a Hostel']","₹5,253 per night",null,null,null,CoupleFriendlyFreeCancellationBook@₹0available
La Zamora - 3 BHK Private Pool Villa at Vagator by The Blue Kite (11),Vagator,| 2 minutes walk to Agonda Beach,4.1,"['| 2 Dorm Beds', 'Caretaker']","₹24,195 per night",null,Entire Villa,| 3 Bedrooms | Sleeps 12 guests,CoupleFriendly
Verna Apartment-3 BHK Apartment,Candolim,| 6 minutes walk to Calangute Beach,null,"['Restaurant', '| 1 Bedroom | Sleeps 3 guests']","₹31,894 per night",null,Entire Apartment,| 3 Bedrooms | Sleeps 12 guests,10%DiscountOnAirportTransfer
Namaka Resort,Morjim,| 6 minutes walk to Baga Beach,3.9,"['Shared Swimming Pool', 'Housekeeping']","₹1,876 per night",null,null,null,CoupleFriendlyFreeCancellationBook@₹0available
El Arbol - 2 BHK Near Candolim by The Blue Kite (109),Nerul,null,3.9,"['Swimming Pool', 'Entire Apartment']","₹9,594 per night",Like a 4 Star,Entire Apartment,| 2 Bedrooms | Sleeps 12 guests,CoupleFriendly
Prakash Holiday Inn Arambol Beach Road,Arambol,| 10 minutes walk to Baga Beach,4.3,"['| 1 Bedroom | Sleeps 8 guests', 'Shared Swimming Pool']","₹1,088 per night",null,Room in a Homestay,| 1 Bedroom | Sleeps 4 guests,CoupleFriendly
RoQ classic Stay,Anjuna,| 4-5 minutes walk from Calangute Beach,4.3,"['Caretaker', 'Spa']","₹4,428 per night",null,Room in an Apartment,| 1 Bedroom | Sleeps 1 guest,CoupleFriendly
LohonoStays Monforte Villa I,Assagao,| 6 minutes walk to Candolim Beach,null,"['Restaurant', 'Swimming Pool']","₹45,779 per night",Like a 5 Star,Entire Villa,| 4 Bedrooms | Sleeps 16 guests,BreakfastIncluded
3Bhk Apartment in Calangute,Calangute,| 4-5 minutes walk from Calangute Beach,3.3,"['Jacuzzi', 'Swimming Pool']","₹39,624 per night",null,Entire Apartment,| 3 Bedrooms | Sleeps 12 guests,CoupleFriendly
West Valley Villa 3BHK Casa Bliss,Calangute,| 7 minutes walk to Calangute Beach,null,"['Indoor Games', 'Entire Villa']","₹16,792 per night",Like a 4 Star,Entire Villa,| 3 Bedrooms | Sleeps 12 guests,CoupleFriendly
Hotel Viva Anjuna,Anjuna,Ends  in  03h:  04m:  51s,4.5,"['| 5 Bedrooms | Sleeps 20 guests', 'Private Swimming Pool']","₹3,232 per night",null,null,null,CoupleFriendly
Rofinos Guest House | Rooms & Caretaker,Bardez,null,2.9,"['Caretaker', 'Night Club']","₹21,199 per night",null,Room in a Homestay,| 1 Bedroom | Sleeps 4 guests,"FreeCancellationBook@₹0availableHomestaywithakitchen,fastWi-Fi&parkingspace"
Rainforest Moonhouse 4 BHK Private Pool Villa,Siolim,null,null,"['Lawn', 'Entire Apartment']","₹95,665 per night",Like a 5 Star,Entire Villa,| 4 Bedrooms | Sleeps 16 guests,CoupleFriendly
Saga De Banyan C 2BHK Luxurious Apartment,Candolim,| 7 minutes walk to Dona Paula View Point,4.1,"['| 2 Bedrooms | Sleeps 8 guests', 'Housekeeping']","₹8,663 per night",Like a 3 Star,Entire Apartment,| 2 Bedrooms | Sleeps 8 guests,CoupleFriendly
Rainforest Casa Del-Sol 2BHK Apartment AG,Anjuna,| 5.0 km drive to Goa International Airport,4.5,"['Caretaker', '| 2 Bedrooms | Sleeps 8 guests']","₹7,794 per night",Like a 3 Star,Entire Apartment,| 2 Bedrooms | Sleeps 8 guests,"CoupleFriendlyMajesticretreatboastingaswimmingpool,garden&sit-outs"
Jia Calangute Holiday Homes,Calangute,| 1.1 km drive to Calangute Beach,3.6,"['Caretaker', 'Housekeeping']","₹2,589 per night",null,Room in an Apartment,| 1 Bedroom | Sleeps 4 guests,"CoupleFriendlyRoomsinahomestaywitharestaurant,parking&beachaccess"
Mogal studio apartment,Calangute,Ends  in  03h:  04m:  54s,2.8,"['| 4 Bedrooms | Sleeps 16 guests', 'Private Swimming Pool']","₹11,762 per night",null,Room in an Apartment,| 1 Bedroom | Sleeps 4 guests,CoupleFriendly
Sun and Sea Calangute,Calangute Baga Road,| 3 minutes walk to Calangute Beach,2.7,"['Caretaker', 'Room in an Apartment']","₹1,722 per night",null,Room in an Apartment,| 1 Bedroom | Sleeps 4 guests,CoupleFriendlyFreeCancellationBook@₹0available
Bis-LIN Homestay | Rooms & Caretaker,Panjim,| 1.9 km drive to Baga Beach,3.2,"['| 1 Bedroom | Sleeps 4 guests', 'Reception']","₹3,108 per night",null,Room in a Homestay,| 1 Bedroom | Sleeps 3 guests,CoupleFriendly
Ave Maria Holiday Home | Rooms & Wi-Fi,Calangute Baga Road,| 1.9 km drive to Baga Beach,2.6,"['Housekeeping', '| 2 Bedrooms | Sleeps 8 guests']","₹1,147 per night",null,Room in a Homestay,| 1 Bedroom | Sleeps 6 guests,CoupleFriendlyFreeCancellationBook@₹0available
La Maroma - 3 BHK Private Pool Villa at Vagator by The Blue Kite (03),Vagator,Ends  in  03h:  04m:  54s,null,"['Pool/ Beach towels', 'Private Parking']","₹25,636 per night",null,Entire Villa,| 3 Bedrooms | Sleeps 12 guests,CoupleFriendly
4BHK SPARKLING APARTMENT NEAR BEACH POOL with BAR 2bhkX2,Vagator,| 2.3 km drive to Mandrem Beach,3.8,"['Room in an Apartment', '| 1 Bedroom | Sleeps 4 guests']","₹13,930 per night",null,Entire Apartment,| 4 Bedrooms | Sleeps 16 guests,
Localvibe - Quintara service apartment in North Goa (FF),Porvorim,| 7 minutes walk to Colva Beach,null,"['Reception', 'Housekeeping']","₹7,948 per night",null,Entire Apartment,| 2 Bedrooms | Sleeps 8 guests,CoupleFriendly
Ryaan Studio Apartment,Calangute,| 5 minutes walk to Madgaon Bus Terminal,2.4,"['Room in an Apartment', '| 1 Bedroom | Sleeps 3 guests']","₹14,114 per night",null,Room in an Apartment,| 1 Bedroom | Sleeps 4 guests,FreeCancellationBook@₹0available
The Four Leaf Clover,Candolim,| About a minute walk to Calangute Beach,4.1,"['Housekeeping', 'Caretaker']","₹4,721 per night",null,null,null,CoupleFriendlyBreakfastIncluded
SHALOM INDUS RESIDENCY GOA,Candolim,null,3.2,"['Entire Apartment', '| 2 Bedrooms | Sleeps 8 guests']","₹3,681 per night",null,null,null,CoupleFriendlyFreeCancellationBreakfastIncludedBook@₹0available
HOTEL REPUBLICA,Panjim,| 2.8 km drive to Vagator Beach,2.8,"['Housekeeping', 'Shared Parking']","₹3,034 per night",null,null,null,FreeCancellationBook@₹0available
Sandys Service Apartment,Calangute,| 4 minutes walk to Candolim Beach,2.7,"['Entire Apartment', '| 2 Bedrooms | Sleeps 8 guests']","₹9,261 per night",null,Entire Apartment,| 1 Bedroom | Sleeps 7 guests,CoupleFriendly
Kamats Daffodil Resort,Povorim,Ends  in  03h:  04m:  57s,4.3,"['Housekeeping', 'Caretaker']","₹4,363 per night",null,null,null,CoupleFriendlyBreakfastavailableatextracharges
Villa Rodriguez,Arambol Beach,null,3,"['| 1 Bedroom | Sleeps 4 guests', 'Shared Parking']","₹1,292 per night",null,Room in a Homestay,| 1 Bedroom | Sleeps 4 guests,
Acron Seaway Resort,Candolim,null,3.9,"['Wi-Fi', 'Swimming Pool']","₹5,999 per night",null,null,null,CoupleFriendlyBreakfastavailableatextrachargesINR500discountonsessionofSpa
Red Rock Guest House By WB Inn,Arambol Beach,null,3.8,"['Jacuzzi', 'Entire Villa']","₹1,702 per night",null,null,null,CoupleFriendlyFreeCancellationBook@₹0available
Cardozo Beach House,Calangute,| 4 minutes walk to Candolim Beach,3,"['| 2 Bedrooms | Sleeps 8 guests', 'Shared Swimming Pool']","₹1,774 per night",null,Room in a Homestay,| 1 Bedroom | Sleeps 8 guests,"CoupleFriendlyCosybeachhome,featuringaplushroomswithen-suitebalcony"
Resorte De Tio Carmino,Calangute,| 8 minutes walk to Anjuna Beach,2.7,"['Caretaker', 'null']","₹5,427 per night",null,null,null,CoupleFriendlyFreeCancellationBook@₹0availableBreakfastavailableatextracharges
Sur La Mer,Morjim,null,4.1,"['Room in an Apartment', '| 1 Bedroom | Sleeps 4 guests']","₹11,050 per night",null,null,null,BreakfastIncluded
Maisonette | 1 BHK Apartment with Balcony,Calangute,| 2.8 km drive to Baga Beach,2.4,"['Reception', 'Housekeeping']","₹14,216 per night",null,Entire Apartment,| 1 Bedroom | Sleeps 4 guests,CoupleFriendly
Hotel Celjoan Beach Resort,Calangute,| 5 minutes walk to Baga Beach,3.9,"['Restaurant', '24-hour Room Service']","₹2,752 per night",null,null,null,CoupleFriendly
Johnny's Hotel,Calangute,| 2.5 km drive to Vagator Beach,3,"['Bar', 'Room in an Apartment']","₹1,490 per night",null,null,null,CoupleFriendlyFreeCancellationBook@₹0available
ADILSON GUEST HOUSE,Calangute,| 6 minutes walk to Candolim Beach,3.6,"['| 1 Bedroom | Sleeps 8 guests', 'Housekeeping']","₹1,395 per night",null,null,null,CoupleFriendlyFreeCancellationBook@₹0available
Kautilyaa resort,Dodamarg,| 4 minutes walk to Morjim Beach,4.3,"['Shared Parking', 'Room in a Homestay']","₹4,872 per night",null,Room in a Farm House,| 1 Bedroom | Sleeps 4 guests,CoupleFriendly
Fourteen Pods By the sea in Morjim,Morjim,null,1,"['| 1 Bedroom | Sleeps 4 guests', 'Swimming Pool']","₹3,331 per night",null,Room in an Apartment,| 1 Bedroom | Sleeps 2 guests,CoupleFriendly
Natures Haven Vagator,Vagator,null,2.9,"['Kitchenette', 'Entire Apartment']","₹1,408 per night",null,Room in an Apartment,| 1 Bedroom | Sleeps 2 guests,CoupleFriendly
Little Diva 2,Calangute,| 3 minutes walk to Anjuna Beach,4,"['| 2 Bedrooms | Sleeps 8 guests', 'Washing Machine']","₹15,424 per night",null,Room in a Villa,| 1 Bedroom | Sleeps 4 guests,CoupleFriendlyBreakfastIncluded
Eufregina Resort & Spa,Cavelossim,Ends  in  03h:  05m:  03s,3.6,"['Private Kitchen', 'Room in a Homestay']","₹4,416 per night",null,null,null,CoupleFriendlyFreeCancellationBook@₹0availableBreakfastavailableatextracharges
YoYo Vagator Goa Retreat,Vagator,| 4-5 minutes walk from Calangute Beach,null,"['| 1 Bedroom | Sleeps 5 guests', 'Bonfire']","₹2,507 per night",null,Room in a Cottage,| 1 Bedroom | Sleeps 4 guests,
Dersy Beach Executive Rooms,Agonda,| 710 m drive to Calangute Beach,null,"['Night Club', 'Room in a Homestay']","₹4,456 per night",Like a 3 Star,Room in a Homestay,| 1 Bedroom | Sleeps 4 guests,CoupleFriendly
Cozy Nook Studio with plunge Pool,Anjuna,| 10 minutes walk to Anjuna Beach,null,"['| 1 Bedroom | Sleeps 4 guests', 'Power Backup']","₹3,264 per night",Like a 3 Star,Entire Homestay,| 1 Bedroom | Sleeps 4 guests,CoupleFriendly
Joy Guest House,Calangute,null,3.7,"['Housekeeping', 'Beds in a Hostel']","₹4,190 per night",null,null,null,CoupleFriendlyFreeCancellationBook@₹0available
Karishma Resort - Calangute Goa,Calangute,null,null,"['| 2 Dorm Beds', 'Free Parking']","₹6,535 per night",Like a 3 Star,Room in a Homestay,| 1 Bedroom | Sleeps 4 guests,CoupleFriendlyBreakfastavailableatextracharges
HOTEL SILVER INN,Canacona,| 5 minutes walk to Candolim Beach,3,"['Air Conditioning', 'Room in a Cottage']","₹4,151 per night",null,null,null,CoupleFriendlyFreeCancellationBook@₹0available
Hotel Sea View,Panjim,| 2.6 km drive to Anjuna Beach,3.9,"['| 1 Bedroom | Sleeps 4 guests', 'Caretaker']","₹2,108 per night",null,null,null,CoupleFriendlyFreeCancellationBook@₹0available
Surya Sangolda-1 BHK Luxury Apartment,Porvorim,| 3-4 minutes walk from Calangute Beach,2.6,"['Housekeeping', 'Room in a Cottage']","₹7,339 per night",null,Entire Apartment,| 1 Bedroom | Sleeps 4 guests,CoupleFriendly
FabHotel Wenzet Cottages - Nr. Morjim beach,Morjim,| 4-5 minutes walk from Calangute Beach,3.9,"['| 1 Bedroom | Sleeps 4 guests', 'Caretaker']","₹1,899 per night",null,null,null,CoupleFriendlyFreeCancellationBook@₹0availableBreakfastavailableatextracharges
Bougainvillea (Deluxe Room),Calangute,| 9 minutes walk to Calangute Beach,4.3,"['Housekeeping', 'Entire Apartment']","₹12,096 per night",Like a 3 Star,Room in a Homestay,| 1 Bedroom | Sleeps 4 guests,
Molyma Resorts,Palolem,| 2.5 km drive to Deltin Royale,3,"['| 1 Bedroom | Sleeps 4 guests', 'Caretaker']","₹2,125 per night",null,null,null,CoupleFriendlyFreeCancellationBook@₹0available
Saga De Petra A 4BHK Villa in the Heart of Anjuna,Anjuna,| 10 minutes walk to Calangute Beach,4.2,"['Housekeeping', 'Entire Villa']","₹20,201 per night",Like a 3 Star,Entire Villa,| 4 Bedrooms | Sleeps 16 guests,CoupleFriendly
The St. Regis Goa Resort,Cavelossim,| 2.3 km drive to Vagator Beach,4.8,"['| 3 Bedrooms | Sleeps 12 guests', 'Caretaker']","₹1,28,700 per night",null,null,null,CoupleFriendlyBreakfastIncludedPayAtHotel
Casa Bri Bon,Calangute,| 2.0 km drive to Vagator Beach,4,"['Housekeeping', 'Entire Apartment']","₹2,926 per night",null,null,null,CoupleFriendly
The Golden Crown Hotel & Spa,Colva,null,3.3,"['| 1 Bedroom | Sleeps 4 guests', 'Reception']","₹4,311 per night",null,null,null,CoupleFriendlyFreeCancellationBreakfastIncludedBook@₹0available
HOTEL AVISHA RESIDENCY,Vasco Da Gama,| 1.3 km drive to Calangute Beach,3.2,"['Caretaker', 'Swimming Pool']",₹904 per night,null,null,null,CoupleFriendlyFreeCancellationBook@₹0availablePayAtHotelBreakfastavailableatextracharges
Sea Breeze Beach Calangute,Calangute,null,2.7,"['Gym', 'Entire Villa']","₹2,948 per night",null,null,null,CoupleFriendlyFreeCancellationBook@₹0availableBreakfastavailableatextracharges
Saga De Petra G 4BHK Villa in the heart of Anjuna,Anjuna,| 1.2 km drive to Candolim Beach,3.8,"['| 2 Bedrooms | Sleeps 8 guests', 'Caretaker']","₹16,969 per night",Like a 3 Star,Entire Villa,| 4 Bedrooms | Sleeps 16 guests,CoupleFriendly
Baga - Rud Inn,Baga,| 4 minutes walk to Deltin Royale,4.1,"['Housekeeping', 'Room in an Apartment']","₹1,995 per night",null,null,null,CoupleFriendly
FabExpress De Classio With Pool - Nr. Candolim Beach,Nerul,| 1.4 km drive to Calangute Beach,3.8,"['| 1 Bedroom | Sleeps 4 guests', 'Reception']","₹1,899 per night",null,null,null,"CoupleFriendlyFreeCancellationBook@₹0availableBreakfastavailableatextrachargesJust500metersfromthelivelyLPKClub,perfectfornightlifelovers."
2bhk family apartment near calangute beach,Calangute,null,3,"['Free Wi-Fi', 'null']","₹14,747 per night",null,Entire Apartment,| 2 Bedrooms | Sleeps 8 guests,FreeCancellationBook@₹0available10%DiscountOnAirportTransfer
Localvibe - Aishwaryam 5BHK with private pool in North Goa,Povorim,null,4.2,"['Luggage Storage', 'Parking']","₹31,465 per night",null,Entire Villa,| 5 Bedrooms | Sleeps 20 guests,CoupleFriendly
Clifftop Cottages,Calangute,| 10 minutes walk to Candolim Beach,2.7,"['Free Parking', 'Seating Area']","₹4,244 per night",null,null,null,CoupleFriendly
Casa Coco,Bardez,null,3.9,"['Swimming Pool', 'Restaurant']","₹48,155 per night",null,Entire Villa,| 4 Bedrooms | Sleeps 16 guests,"CoupleFriendlyEntirevillafeaturingacaretaker,terracesit-out&seaviews"
Luxurious Villa with private pool  @ Vagator,Vagator,| 2 minutes walk to Calangute Beach,null,"['Lawn', 'Luggage Storage']","₹37,636 per night",null,Entire Villa,| 3 Bedrooms | Sleeps 12 guests,CoupleFriendly
SN Villa | 4 BHK Pool Villa,Porvorim,| 1.1 km drive to Candolim Beach,4.5,"['Bed in a Hostel', '| 2 Dorm Beds']","₹40,931 per night",Like a 4 Star,Entire Villa,| 4 Bedrooms | Sleeps 16 guests,"CoupleFriendlyEntirevillawithakitchen,spaciouslivingarea&Wi-Fi"
Localvibe - Micasa 2bhk service apartment in North Goa,Bardez,| 6 minutes walk to Morjim Beach,4.3,"['Paid Parking', 'Housekeeping']","₹10,020 per night",null,Entire Apartment,| 2 Bedrooms | Sleeps 8 guests,CoupleFriendly
"FabExpress Shanel Beachside Resort - Tito's lane, Baga Beach",Baga,| 1.5 km drive to Calangute Beach,2.4,"['Swimming Pool', 'Spa']","₹2,809 per night",null,null,null,CoupleFriendlyFreeCancellationBook@₹0availableBreakfastavailableatextrachargesStayjust1minawayfromBagaBeachandTito’sClubforaperfectbeachvacation
Saldana Kyle 2BHK pool view apartment,Calangute,| 6 minutes walk to Calangute Beach,3.9,"['Caretaker', 'Luggage Storage']","₹6,537 per night",null,Entire Apartment,| 2 Bedrooms | Sleeps 8 guests,
Vitusia Inn,Calangute Baga Road,| 2 minutes walk to Calangute Beach,null,"['Entire Apartment', '| 1 Bedroom | Sleeps 4 guests']","₹1,685 per night",null,Room in a Homestay,| 1 Bedroom | Sleeps 4 guests,CoupleFriendlyFreeCancellationBook@₹0available
TGF  Dream Guest House,Majorda,| 4-5 minutes walk from Calangute Beach,3.9,"['Shared Swimming Pool', 'Caretaker']","₹1,528 per night",null,null,null,FreeCancellationBook@₹0available
Coco Apartment with Pool,Arpora,null,2.5,"['null', '| 2 Bedrooms | Sleeps 8 guests']","₹26,791 per night",Like a 3 Star,Room in an Apartment,| 1 Bedroom | Sleeps 3 guests,
Thomson Beach House Calangute,Calangute,| 3 minutes walk to Morjim Beach,2.9,"['Private Swimming Pool', 'Caretaker']","₹1,198 per night",null,Room in an Apartment,| 1 Bedroom | Sleeps 5 guests,
Hotel O On The Rocks,Arambol Beach,| 2.5 km drive to Vagator Beach,3.4,"['Bonfire', 'Caretaker']","₹4,167 per night",null,null,null,CoupleFriendlyFreeCancellationBook@₹0availableDistributedbyOYO
Sameer Cottages | Wooden Beach Huts,Palolem,| 4-5 minutes walk from Candolim Beach,2.9,"['Yoga', 'Entire Apartment']","₹21,190 per night",Like a 3 Star,Room in a Cottage,| 1 Bedroom | Sleeps 4 guests,CoupleFriendly
Sam Holiday Homes,Candolim,| 4-5 minutes walk from Cavelossim Beach,null,"['| 1 Bedroom | Sleeps 4 guests', 'Housekeeping']","₹14,884 per night",null,Room in a Villa,| 1 Bedroom | Sleeps 4 guests,FreeCancellationBook@₹0available
Middlearth-3 BHK Villa,Siolim,| 2.1 km drive to Vagator Beach,null,"['Kitchenette', '| 1 Bedroom | Sleeps 4 guests']","₹12,801 per night",null,Entire Villa,| 3 Bedrooms | Sleeps 6 guests,
Shivam BNB Apartments,North Goa,| About a minute walk to Agonda Beach,null,"['Swimming Pool', 'Private Kitchen']","₹1,648 per night",null,Entire Apartment,| 1 Bedroom | Sleeps 3 guests,CoupleFriendly
Dolphin Studio Apartment,Calangute,| 8 minutes walk to Anjuna Beach,2.6,"['Swimming Pool', 'Restaurant']","₹4,564 per night",null,Room in an Apartment,| 1 Bedroom | Sleeps 4 guests,
Raial Dwelling Place,Calangute,| 1-2 minutes walk from Calangute Beach,2.5,"['Bar', 'Room in a Cottage']","₹13,944 per night",null,Rooms in an Apartment,| 2 Bedrooms | Sleeps 4 guests,CoupleFriendly
Sea breeze Village Baga,Calangute Baga Road,| About a minute walk to Calangute Beach,2.8,"['| 1 Bedroom | Sleeps 4 guests', 'Shared Swimming Pool']","₹2,529 per night",null,null,null,CoupleFriendlyFreeCancellationBook@₹0available
Paparazzi Resort,Calangute,| 4-5 minutes walk from Palolem Beach,2.1,"['Caretaker', '| 3 Bedrooms | Sleeps 12 guests']","₹1,381 per night",null,null,null,FreeCancellationBook@₹0available
DE 28 11 GUEST HOUSE,Siolim,| 4 minutes walk to Dona Paula Beach,3.8,"['Shared Swimming Pool', 'Caretaker']","₹3,033 per night",null,null,null,CoupleFriendlyFreeCancellationBook@₹0available
Savitri Holiday Home,Arambol Beach,null,3.6,"['Room in a Homestay', '| 1 Bedroom | Sleeps 4 guests']","₹1,801 per night",null,Room in a Homestay,| 1 Bedroom | Sleeps 4 guests,CoupleFriendlyFreeCancellationBook@₹0availableBreakfastavailableatextracharges
Villa Theresa Beach Resort,Calangute,| 1.5 km drive to Morjim Beach,3.8,"['Parking', 'Beach']","₹3,156 per night",null,null,null,CoupleFriendlyBreakfastavailableatextracharges
Hotel Poonam,Margao,| 4-5 minutes walk from Candolim Beach,3.5,"['| 2 Dorm Beds', 'Living Room']","₹1,598 per night",null,null,null,CoupleFriendlyFreeCancellationBook@₹0available
Nakita Resort,Calangute Baga Road,null,2.9,"['Lounge', 'Vehicle Rentals']","₹2,304 per night",null,null,null,CoupleFriendlyFreeCancellationBook@₹0available
Amber Rooms,Povorim,| 8 minutes walk to Anjuna Beach,4.3,"['Entire Apartment', '| 1 Bedroom | Sleeps 4 guests']","₹4,295 per night",null,null,null,CoupleFriendlyFreeCancellationBreakfastIncludedBook@₹0available
Private Apartment Calangute | 1 BR Apartment,Calangute,| 3 minutes walk to Mobor Beach,2.8,"['Shared Swimming Pool', 'Caretaker']","₹14,260 per night",null,Entire Apartment,| 1 Bedroom | Sleeps 4 guests,CoupleFriendly
FabExpress Horizon Hideaway - Nr. Anjuna Beach,Anjuna,| 2-3 minutes walk from Calangute Beach,4,"['Swimming Pool', 'Swimming Pool']","₹1,911 per night",null,null,null,CoupleFriendlyFreeCancellationBook@₹0availableBreakfastavailableatextracharges
Beetroot Hostel,Arambol,| 4 minutes walk to Colva Beach,2,"['Restaurant', 'Swimming Pool']",₹988 per night,null,Rooms in a Hostel,| 2 Bedrooms | Sleeps 2 guests,CoupleFriendlyBreakfastavailableatextracharges
Hotel O Casa De Gama Pinto Near Calangute Beach Road Mall,Bardez,| 7.7 km drive to Goa International Airport,1,"['Spa', 'Entire Villa']","₹3,749 per night",null,null,null,CoupleFriendlyFreeCancellationBook@₹0availableDistributedbyOYO
Salida Del Sol- Business Boutique Hotel,Panjim,| 4 minutes walk to Calangute Beach,2.9,"['| 4 Bedrooms | Sleeps 16 guests', 'Private Swimming Pool']","₹15,677 per night",null,null,null,CoupleFriendlyBreakfastavailableatextracharges
Amazing 2BHK Apartment Near Baga Beach,Baga,| 8 minutes walk to Anjuna Beach,4.2,"['Housekeeping', 'Entire Villa']","₹7,058 per night",Like a 3 Star,Entire Apartment,| 2 Bedrooms | Sleeps 8 guests,
Hotel Manvin's,Panjim,| 1.7 km drive to Baga Beach,3.3,"['| 1 Bedroom | Sleeps 4 guests', 'Private Swimming Pool']","₹2,108 per night",null,null,null,CoupleFriendlyFreeCancellationBreakfastIncludedBook@₹0available
Furtado's Wooden Huts and Cottages,Salcete,| 3.0 km drive to Candolim Beach,2.7,"['Private Kitchen', '| 3 Bedrooms | Sleeps 12 guests']","₹4,043 per night",Like a 3 Star,Room in a Cottage,| 1 Bedroom | Sleeps 4 guests,CoupleFriendlyFreeCancellationBook@₹0available
Regenta Central North Goa,Nagoa,| 1.5 km drive to Calangute Beach,4.2,"['Private Swimming Pool', 'Caretaker']","₹6,781 per night",null,null,null,Breakfastavailableatextracharges10%offonFood&Beverages
Country Inn Goa Varca Beach - 2 minutes walk to the beach,Varca Beach,null,3.5,"['Room in an Apartment', '| 1 Bedroom | Sleeps 6 guests']","₹8,699 per night",null,null,null,CoupleFriendlyBreakfastIncluded
Sai Guru Guest House,Anjuna,| About a minute walk to Calangute Beach,4.6,"['Paid Public Parking', 'Air Conditioning']","₹1,017 per night",null,null,null,CoupleFriendly
Arotel Rooms & Suites,Calangute,null,4.2,"['Room in a Homestay', '| 1 Bedroom | Sleeps 4 guests']","₹2,596 per night",null,null,null,CoupleFriendlyBreakfastavailableatextracharges
Hotel Calangute Castle,Calangute Baga Road,| 2.9 km drive to Vagator Beach,3.6,"['Shared Kitchen', 'Living Room']","₹3,698 per night",null,null,null,CoupleFriendlyFreeCancellationBook@₹0availableBreakfastavailableatextracharges
Roundcube Guest House,Palolem,null,3.4,"['| 2 Bedrooms | Sleeps 7 guests', 'Swimming Pool']","₹1,898 per night",null,null,null,CoupleFriendlyFreeCancellationBook@₹0available
Aurum Resorts,Morjim,null,3.9,"['Caretaker', '| 2 Bedrooms | Sleeps 8 guests']","₹3,687 per night",null,null,null,"CoupleFriendlyFreeCancellationBook@₹0availableBreakfastavailableatextracharges5%DiscountOnAirportTransfer,SubjecttoAvailability"
FabHotel Prime Sarala Crown,Calangute,| 2 minutes walk to Baga Beach,2.8,"['Caretaker', 'Housekeeping']","₹5,370 per night",null,null,null,"CoupleFriendlyFreeCancellationBook@₹0availableBreakfastavailableatextrachargesJust500metersfromCalanguteBeach,perfectforarelaxingbeachholiday."
Ramada BY Wyndham Goa Arpora,Nagoa,| 890 m drive to Calangute Beach,4.5,"['| 1 Bedroom | Sleeps 4 guests', 'Private Swimming Pool']","₹7,425 per night",null,null,null,CoupleFriendlyFreeCancellationBreakfastIncludedBook@₹0available15%offonFood&Beverages
Bloom Boutique Baga,Baga,| 6 minutes walk to Calangute Beach,4.5,"['Free Wi-Fi', 'Room in a Beach Hut']","₹4,590 per night",null,null,null,CoupleFriendlyFreeCancellationBook@₹0availableBreakfastavailableatextrachargesComplimentaryHi-Tea
Palette Baga Near Titos Lane,Calangute Baga Road,| 1.3 km drive to Majorda Beach,3.4,"['| 1 Bedroom | Sleeps 4 guests', 'Housekeeping']","₹3,112 per night",null,null,null,CoupleFriendlyFreeCancellationBook@₹0available
Hyatt Place Goa Candolim,Candolim,| 2.6 km drive to Baga Beach,4.4,"['Free Wi-Fi', '| 3 Bedrooms | Sleeps 12 guests']","₹11,694 per night",null,null,null,FreeCancellationBreakfastIncludedBook@₹0available
Meritas Auberge Calangute Goa,Calangute,| 1.5 km drive to Calangute Beach,4.7,"['Swimming Pool', 'Caretaker']","₹6,306 per night",null,null,null,CoupleFriendlyBreakfastIncluded
Azalea by Stone Wood,Orlim,null,4.8,"['Entire Apartment', '| 2 Bedrooms | Sleeps 8 guests']","₹3,979 per night",null,null,null,CoupleFriendlyBreakfastavailableatextracharges
Hotel Orfil,Calangute,| About a minute walk to Palolem Beach,4.3,"['Housekeeping', 'Caretaker']","₹1,166 per night",null,null,null,CoupleFriendlyFreeCancellation
Feather Touch Hotels and Resorts Palolem,Palolem,| 8 minutes walk to Candolim Beach,3.6,"['Entire Villa', '| 3 Bedrooms | Sleeps 14 guests']","₹2,436 per night",null,null,null,CoupleFriendlyBreakfastavailableatextracharges
Collection O Calangute,Calangute Baga Road,null,4.5,"['Private Swimming Pool', 'Caretaker']","₹2,663 per night",null,null,null,CoupleFriendlyFreeCancellationBook@₹0available
ibis Styles Goa Vagator - An Accor Brand,Vagator,null,4.6,"['Entire Apartment', '| 3 Bedrooms | Sleeps 12 guests']","₹4,195 per night",null,null,null,"CoupleFriendlyBreakfastavailableatextrachargesEnjoycomplimentary2pintsofbeer(perstay),20%discountalacarteorders&buyonegetonebuffet"
Feliz Arambol,Arambol Beach,| 1.7 km drive to Calangute Beach,3.9,"['Housekeeping', 'Shared Parking']","₹3,129 per night",null,Room in an Apartment,| 1 Bedroom | Sleeps 4 guests,CoupleFriendly
"Holitel, Anjuna",Anjuna,| 3-4 minutes walk from Calangute Beach,5,"['| 1 Bedroom | Sleeps 3 guests', 'Shared Swimming Pool']","₹3,747 per night",null,null,null,CoupleFriendlyBreakfastavailableatextrachargesComplimentaryHi-Tea
Azora by Ayatana Goa,Morjim,| 7 minutes walk to Calangute Beach,4.3,"['Private Kitchen', 'Entire Apartment']","₹7,203 per night",null,null,null,CoupleFriendlyBreakfastavailableatextracharges
Hyatt Ronil Goa - a JdV by Hyatt,Baga,| 4 minutes walk to Calangute Beach,4.6,"['| 2 Bedrooms | Sleeps 8 guests', 'Housekeeping']","₹11,137 per night",null,null,null,CoupleFriendlyFreeCancellationBreakfastIncludedBook@₹0available
Sashas Holiday Village,Vagator,null,4.4,"['Elevator/Lift', 'Entire Apartment']","₹4,637 per night",null,null,null,CoupleFriendlyFreeCancellationBook@₹0availableBreakfastavailableatextracharges
Coastal Pearl Hotel Margao Railway Station,Margao,| 3.0 km drive to Mandrem Beach,4.1,"['| 2 Bedrooms | Sleeps 8 guests', 'Housekeeping']","₹2,695 per night",null,null,null,CoupleFriendlyFreeCancellationBreakfastIncludedBook@₹0available
Jolly Panda Goa (Candolim),Candolim,| 4 minutes walk to Calangute Beach,3.9,"['Parking', 'Room in an Apartment']","₹2,465 per night",null,null,null,"CoupleFriendlyFreeCancellationBook@₹0availableBreakfastavailableatextrachargesFreeRoomUpgrade,SubjecttoAvailability"
"Beachfront Bliss,Palolem",Palolem,null,3.4,"['| 1 Bedroom | Sleeps 4 guests', 'Housekeeping']","₹4,451 per night",null,null,null,CoupleFriendly
Citadines Arpora Nagoa Goa,Calangute,| 8 minutes walk to Calangute Beach,4.8,"['Shared Parking', 'Room in a Cottage']","₹12,250 per night",null,null,null,CoupleFriendlyFreeCancellationBreakfastIncludedBook@₹0availableComplimentaryHi-TeaservedwithVegSnack(s)
Hotel Leela Inn,Candolim,null,4.1,"['| 1 Bedroom | Sleeps 4 guests', 'Free Wi-Fi']","₹3,432 per night",null,null,null,CoupleFriendlyPayAtHotel20%DiscountOnAirportTransfer
Nasyas beachside Cottages,Benaulim,| 3-4 minutes walk from Calangute Beach,4.6,"['Air Conditioning', '| 1 Bedroom | Sleeps 3 guests']","₹3,054 per night",null,null,null,CoupleFriendly
SinQ Anvaya,North Goa,| 9 minutes walk to Anjuna Beach,4.7,"['Reception', 'Housekeeping']","₹6,481 per night",null,null,null,CoupleFriendlyFreeCancellationBook@₹0availableBreakfastavailableatextrachargesBookfor1night&get50%offonthe2ndnight!
Courtyard by Marriott Colva,Colva,| 2.0 km drive to Mandrem Beach,4.8,"['Swimming Pool', 'Restaurant']","₹12,355 per night",null,null,null,CoupleFriendlyFreeCancellationBreakfastIncludedBook@₹0available
The Titos Orange Sky Agonda Beach Resort,Agonda,null,4.4,"['| 1 Bedroom | Sleeps 6 guests', 'Reception']","₹6,282 per night",null,null,null,CoupleFriendly
The Mayfield Resort Vagator,Anjuna,| 7 minutes walk to Deltin Royale,3.8,"['Housekeeping', 'Room in a Homestay']","₹3,496 per night",null,null,null,CoupleFriendlyFreeCancellationBook@₹0availableBreakfastavailableatextrachargesGuaranteed20%DiscountOnAirportTransfer
Good Vibes Peaceful Stay,Calangute,| 10 minutes walk to Baga Beach,null,"['| 1 Bedroom | Sleeps 3 guests', 'Caretaker']","₹11,633 per night",null,Room in a Homestay,| 1 Bedroom | Sleeps 4 guests,CoupleFriendly
KAIA OCEANFRONT BOUTIQUE HOTEL & VILLA,Ashwem Beach,| 4 minutes walk to Deltin Royale,3.7,"['Luggage Storage', 'Entire Apartment']","₹7,090 per night",null,null,null,CoupleFriendlyBreakfastIncluded
Origin Boutique Hotel,Baga,| About a minute walk to Sernabatim Beach,5,"['| 1 Bedroom | Sleeps 4 guests', 'Reception']","₹6,913 per night",null,null,null,CoupleFriendlyFreeCancellationBook@₹0available
ELIVAAS 1 BHK with Rooftop Pool | Kamerios Verano,Candolim,null,null,"['Free Wi-Fi', 'Entire Villa']","₹5,125 per night",null,Entire Apartment,| 1 Bedroom | Sleeps 4 guests,CoupleFriendly
Sea Shades Palolem Resort,Palolem,| 5 minutes walk to Varca Beach,4.4,"['| 3 Bedrooms | Sleeps 12 guests', 'Private Swimming Pool']","₹2,190 per night",null,null,null,FreeCancellationBook@₹0available
"The Hosteller Bam Goa, Assagao",Vagator,| 4-5 minutes walk from Anjuna Beach,4.4,"['Caretaker', 'Room in a Cottage']","₹4,103 per night",null,null,null,CoupleFriendlyBreakfastavailableatextracharges
Cloud9 Sarovar Premiere,Palolem,| 1.6 km drive to Calangute Beach,4.9,"['| 1 Bedroom | Sleeps 4 guests', 'Housekeeping']","₹8,737 per night",null,null,null,Breakfastavailableatextracharges10%offonsessionofSpa
"FabHotel Casa Dos Reis, Candolim Beach",Candolim,| 7 minutes walk to Calangute Beach,2.7,"['Free Wi-Fi', 'null']","₹1,897 per night",null,null,null,FreeCancellationBook@₹0availableBreakfastavailableatextracharges
COCKS TOWN GOA,Arambol Beach,| 4 minutes walk to Palolem Beach,1,"['| 1 Bedroom | Sleeps 6 guests', 'Shared Kitchen']","₹3,557 per night",null,null,null,CoupleFriendlyFreeCancellationBook@₹0available
Bedzzz Xclusiv Morjim Goa - By Leisure Hotels,Morjim,| 6 minutes walk to Morjim Beach,4.9,"['Caretaker', 'Room in a Homestay']","₹4,765 per night",null,null,null,CoupleFriendlyBreakfastavailableatextrachargesFreeEarlyCheck-inandLateCheck-outAvailable
Eutopia Beach Resort,Morjim,| 9 minutes walk to Calangute Beach,4,"['| 1 Bedroom | Sleeps 4 guests', 'Swimming Pool']","₹2,468 per night",null,null,null,CoupleFriendlyBreakfastavailableatextracharges20%offonsessionofSpa
Treebo Rock Valley,Goa,null,3.9,"['Restaurant', 'Beds in a Hostel']","₹6,091 per night",null,null,null,FreeCancellationBreakfastIncludedBook@₹0available
FabExpress Joey's Place - Nr. Panjim,Bardez,| 2.2 km drive to Baga Beach,1.8,"['| 2 Dorm Beds', 'Swimming Pool']","₹1,356 per night",null,null,null,CoupleFriendlyFreeCancellationBook@₹0availableBreakfastavailableatextracharges
Marron Sea View Resort,Palolem,| 9 minutes walk to Calangute Beach,null,"['Restaurant', '| 4 Bedrooms | Sleeps 16 guests']","₹7,042 per night",null,null,null,CoupleFriendly
HUE GUH The Porto Candolim,Candolim,| 7 minutes walk to Candolim Beach,4.5,"['Shared Kitchen', 'Luggage Assistance']","₹4,781 per night",null,null,null,CoupleFriendlyBreakfastIncludedEnjoyHappyHourswith1+1offer
Mahalakshmi residency,Calangute,| 1.6 km drive to Calangute Beach,4.3,"['Entire Apartment', '| 2 Bedrooms | Sleeps 8 guests']","₹1,569 per night",null,null,null,Breakfastavailableatextracharges
Grand Continent Morjim,Morjim,| 1.8 km drive to Varca Beach,4.3,"['Reception', 'Caretaker']","₹5,223 per night",null,null,null,CoupleFriendlyBreakfastIncluded25%DiscountonRoomUpgrade
Argo by Trance,Mormugao,| 10 minutes walk to Calangute Beach,4.1,"['Room in a Homestay', '| 1 Bedroom | Sleeps 4 guests']","₹6,440 per night",null,null,null,CoupleFriendlyBreakfastavailableatextracharges
Grand Mercure Goa Candolim - An Accor Hotels Brand,Candolim,| About a minute walk to Palolem Beach,4.4,"['Shared Parking', 'Power Backup']","₹9,875 per night",null,null,null,CoupleFriendlyFreeCancellationBook@₹0availableBreakfastavailableatextracharges
FabHotel Comfort Stays - Nr. Miramar Beach,Panjim,| 9 minutes walk to Calangute Beach,3.1,"['| 1 Bedroom | Sleeps 4 guests', 'Swimming Pool']","₹1,746 per night",null,null,null,CoupleFriendlyFreeCancellationBook@₹0availableBreakfastavailableatextracharges
Tropicano Beach Resort,Candolim,| 1.4 km drive to Vagator Beach,3.8,"['Housekeeping', '| 1 Bedroom | Sleeps 4 guests']","₹2,374 per night",null,null,null,CoupleFriendly
The Kimaya - By the Sea,Baga,| 2.3 km drive to Mandrem Beach,4.3,"['Shared Swimming Pool', 'Free Wi-Fi']","₹7,537 per night",null,null,null,CoupleFriendlyFreeCancellationBreakfastIncludedBook@₹0available
AYM Yoga Resort,Arambol,null,4,"['Entire Apartment', '| 2 Bedrooms | Sleeps 4 guests']","₹1,263 per night",null,null,null,CoupleFriendlyFreeCancellationBook@₹0availablePurevegetarianrestaurantavailable!
GOA COURTYARD BY THE PORTO ARPORA,Arpora,| 4 minutes walk to Ashwem Beach,3.7,"['Reception', 'Caretaker']","₹2,929 per night",null,null,null,CoupleFriendlyFreeCancellationBook@₹0availableBreakfastavailableatextrachargesGuaranteed20%DiscountonF&Bservices
FabHotel Morjim Bliss,Morjim,| 4 minutes walk to Baga Beach,2.1,"['Room in a Villa', '| 1 Bedroom | Sleeps 4 guests']","₹3,060 per night",null,null,null,CoupleFriendlyFreeCancellationBook@₹0availableBreakfastavailableatextracharges100%MoneyBackGuaranteeonServiceRelatedIssues
Shangri La Jungle Village,In Supa,| 2.9 km drive to Vagator Beach,4.1,"['Luggage Assistance', 'Power Backup']","₹6,017 per night",null,null,null,Outdooradventures&spatherapiessetinthenature’sarms
Atmani Waterfront Resort,Cola Beach,null,4,"['| 4 Bedrooms | Sleeps 16 guests', 'Private Swimming Pool']","₹3,342 per night",null,null,null,CoupleFriendlyBreakfastavailableatextracharges
SEASIDE SERENITY RESORT,Ashwem Beach,| 8 minutes walk to Candolim Beach,3,"['Caretaker', '| 3 Bedrooms | Sleeps 12 guests']","₹2,302 per night",null,null,null,FreeCancellationBook@₹0availableBreakfastavailableatextracharges
SHAMBHO RETREAT,Agonda,| 6 minutes walk to Palolem Beach,4.6,"['Private Swimming Pool', 'Caretaker']","₹4,321 per night",null,null,null,CoupleFriendlyFreeCancellationBook@₹0availablePayAtHotel
Goafiesta 1BHK Apartment in Arpora,Arpora,null,null,"['Entire Apartment', '| 1 Bedroom | Sleeps 4 guests']","₹6,363 per night",null,Entire Apartment,| 1 Bedroom | Sleeps 4 guests,CoupleFriendly
Super Hotel O Dabolim Near Goa International Airport,Mormugao,| 7 minutes walk to Candolim Beach,4.4,"['Wi-Fi', 'Private Kitchen']","₹2,812 per night",null,null,null,CoupleFriendlyFreeCancellationBook@₹0availableBreakfastavailableatextracharges
Palette Saligao Porvorim,Bardez,| About a minute walk to Benaulim Beach,4.6,"['Entire Apartment', '| 2 Bedrooms | Sleeps 8 guests']","₹3,217 per night",null,null,null,CoupleFriendlyFreeCancellationBook@₹0availableBreakfastavailableatextracharges
Hotel North Star Rooms,Calangute,null,null,"['Reception', 'Caretaker']","₹2,611 per night",null,Room in a Homestay,| 1 Bedroom | Sleeps 4 guests,FreeCancellationBook@₹0available
"DhanRains Moonlight Retreat Cottages,Goa",South Goa,| 5 minutes walk to Colva Beach,4.2,"['Room in an Apartment', '| 1 Bedroom | Sleeps 4 guests']","₹3,218 per night",null,null,null,CoupleFriendly
FabHotel Dewa - Nr. Dabolim Airport,Mormugao,| 4 minutes walk to Agonda Beach,2.1,"['Reception', 'Housekeeping']","₹1,665 per night",null,null,null,CoupleFriendlyFreeCancellationBook@₹0availableBreakfastavailableatextracharges
The Palm Trees Ayurvedic Heritage Resort,Palolem,| 1.1 km drive to Anjuna Beach,4.3,"['Entire Apartment', '| 2 Bedrooms | Sleeps 8 guests']","₹4,792 per night",null,null,null,CoupleFriendly
Vaddo15,Candolim,| 9 minutes walk to Calangute Beach,4.8,"['Shared Swimming Pool', 'Reception']","₹2,238 per night",null,null,null,
Hotel Devdeep,Povorim,| About a minute walk to Ashwem Beach,4.7,"['| 3 Bedrooms | Sleeps 12 guests', 'Private Swimming Pool']","₹3,124 per night",null,null,null,FreeCancellationBook@₹0available
Collection O Morjim,Morjim,| 1.8 km drive to Baga Beach,5,"['Caretaker', '| 5 Bedrooms | Sleeps 20 guests']","₹2,551 per night",null,null,null,CoupleFriendlyFreeCancellationBook@₹0availableBreakfastavailableatextracharges
Super Townhouse Candolim,Candolim,null,4.9,"['Wi-Fi', 'Washing Machine']","₹2,534 per night",null,null,null,CoupleFriendlyFreeCancellationBook@₹0availableBreakfastavailableatextracharges
FabHotel Sangria - Nr. Dona Paula Beach,Panjim,| About a minute walk to Palolem Beach,3.3,"['| 2 Dorm Beds', 'Swimming Pool']","₹3,226 per night",null,null,null,CoupleFriendlyFreeCancellationBook@₹0availableBreakfastavailableatextracharges10%DiscountonF&Bservices
Seclude Eco Cottages,Anjuna,null,4.3,"['Caretaker', '| 2 Bedrooms | Sleeps 10 guests']","₹3,262 per night",null,null,null,CoupleFriendlyBreakfastIncluded
2bhk Vivenda at Calangute,Calangute,null,2.2,"['Shared Swimming Pool', 'Caretaker']","₹9,048 per night",null,Room in an Apartment,| 1 Bedroom | Sleeps 4 guests,
Super Hotel O Porvorim Near Mall De Goa,Povorim,| About a minute walk to Candolim Beach,4.9,"['Entire Apartment', '| 2 Bedrooms | Sleeps 5 guests']","₹2,502 per night",null,null,null,CoupleFriendlyFreeCancellationBook@₹0availableBreakfastavailableatextracharges
Super Collection O Sand Castles Miramar,Panjim,null,3.9,"['Reception', 'Housekeeping']","₹2,762 per night",null,null,null,CoupleFriendlyFreeCancellationBook@₹0availableBreakfastavailableatextracharges
Raj Resorts Goa,Bogmalo,| 4 minutes walk to Morjim Beach,4.4,"['Room in a Cottage', '| 1 Bedroom | Sleeps 4 guests']","₹1,880 per night",null,null,null,FreeCancellationBook@₹0available
Hotel Royal Altis Goa,Vasco Da Gama,| 1.2 km drive to Morjim Beach,4.4,"['Caretaker', 'Housekeeping']","₹4,089 per night",null,null,null,FreeCancellationBook@₹0availableBreakfastavailableatextrachargesPropertywitheco-friendlyroomsnearGoaInternationalAirport
Q 23 Resort & Suites,Candolim,null,4.2,"['| 1 Bedroom | Sleeps 4 guests', 'Air Conditioning']","₹4,100 per night",null,null,null,"CoupleFriendlyFreeCancellationBreakfastIncludedBook@₹0availableFreeRoomUpgrade,SubjecttoAvailability"
Riverside Regency Resort,Baga,null,3.1,"['Fireplace', 'Entire Villa']","₹3,086 per night",null,null,null,CoupleFriendlyBreakfastavailableatextracharges
Sea Imperial Hotel,Arambol Beach,| About a minute walk to Palolem Beach,null,"['| 3 Bedrooms | Sleeps 12 guests', 'Caretaker']","₹1,716 per night",null,Room in a Homestay,| 1 Bedroom | Sleeps 4 guests,FreeCancellationBook@₹0available
Respira Villaas,Calangute,null,5,"['Housekeeping', 'Room in a Homestay']","₹4,239 per night",null,null,null,CoupleFriendlyBreakfastavailableatextracharges
Naga's Hotel Satyavati,Morjim,| 4-5 minutes walk from Calangute Beach,4.7,"['| 1 Bedroom | Sleeps 4 guests', 'Air Conditioning']","₹3,973 per night",null,null,null,CoupleFriendlyFreeCancellationBook@₹0availableBreakfastavailableatextracharges
Super Collection O Candolim Near Candolim Beach,Candolim,| 6 minutes walk to Morjim Beach,5,"['Wi-Fi', 'Room in a Homestay']","₹3,529 per night",null,null,null,CoupleFriendlyFreeCancellationBook@₹0availableBreakfastavailableatextracharges
Super Townhouse Madgaon,Margao,| 6.7 km drive to Goa International Airport,4,"['| 1 Bedroom | Sleeps 6 guests', 'Bonfire']","₹4,459 per night",null,null,null,CoupleFriendlyFreeCancellationBook@₹0availableBreakfastavailableatextracharges
"FabHotel Ashirwad - Nr. Mall De Goa, Porvorim",Povorim,null,3.2,"['Power Backup', '| 4 Bedrooms | Sleeps 16 guests']","₹1,646 per night",null,null,null,CoupleFriendlyFreeCancellationBook@₹0availableBreakfastavailableatextracharges
Albenjoh Guest House,Calangute Baga Road,| 3 minutes walk to Miramar Beach,4,"['Private Swimming Pool', 'Caretaker']","₹1,469 per night",null,null,null,FreeCancellationBook@₹0available
V9 Hotel,Calangute,| 2 minutes walk to Candolim Beach,1,"['Entire Apartment', '| 2 Bedrooms | Sleeps 8 guests']","₹1,847 per night",null,null,null,
Simroseate,South Goa,| 5 minutes walk to Baga Beach,5,"['Shared Swimming Pool', 'Caretaker']","₹26,416 per night",null,null,null,CoupleFriendlyBreakfastIncluded
Radha House Siolim,Siolim,| 2.0 km drive to Mandrem Beach,5,"['Room in an Apartment', '| 1 Bedroom | Sleeps 4 guests']","₹3,170 per night",null,null,null,CoupleFriendly
The Grand Central,Panjim,null,null,"['Reception', 'Housekeeping']","₹13,101 per night",null,null,null,CoupleFriendlyBreakfastavailableatextracharges
Saga De Petra B 4 BHK Villa in the Heart of Anjuna,Anjuna,| 8 minutes walk to Morjim Beach,4.3,"['Entire Villa', '| 3 Bedrooms | Sleeps 16 guests']","₹17,171 per night",Like a 3 Star,Entire Villa,| 4 Bedrooms | Sleeps 16 guests,CoupleFriendly
FabExpress Alor Holiday Resort - 500 Mtrs from calangute beach,Calangute,| 46.0 km from Goa city centre,3,"['Caretaker', 'Housekeeping']","₹1,685 per night",null,null,null,CoupleFriendlyFreeCancellationBook@₹0availableBreakfastavailableatextracharges
Mango Villa,Morjim,null,3.7,"['Entire Apartment', '| 1 Bedroom | Sleeps 4 guests']","₹36,928 per night",null,Entire Villa,| 1 Bedroom | Sleeps 4 guests,
La Serene Inn.,Arambol Beach,| About a minute walk to Ashwem Beach,null,"['Reception', 'Private Kitchen']","₹3,829 per night",null,Room in an Apartment,| 1 Bedroom | Sleeps 2 guests,FreeCancellationBook@₹0available
BLUE ORCHID HOLIDAY HOME,Calangute,| 2 minutes walk to Agonda Beach,5,"['| 4 Bedrooms | Sleeps 16 guests', 'Swimming Pool']","₹2,049 per night",null,null,null,
Circle,Anjuna,null,5,"['Housekeeping', 'Entire Apartment']","₹9,159 per night",null,null,null,CoupleFriendly
Litlle Goan house,Anjuna,| 5.9 km drive to Goa International Airport,null,"['| 2 Bedrooms | Sleeps 8 guests', 'Shared Swimming Pool']","₹30,645 per night",null,Entire Homestay,| 1 Bedroom | Sleeps 4 guests,CoupleFriendly
Goa Homestay.,Calangute,null,null,"['Caretaker', '| 4 Bedrooms | Sleeps 16 guests']","₹12,871 per night",null,Entire Apartment,| 1 Bedroom | Sleeps 4 guests,FreeCancellationBook@₹0available
FabHotel Casa Montana,Calangute,| 1.4 km drive to Calangute Beach,5,"['Private Kitchen', 'Caretaker']","₹2,369 per night",null,null,null,CoupleFriendlyFreeCancellationBook@₹0availableBreakfastavailableatextracharges
APRICOT INN,Morjim,| 2.4 km drive to Palolem Beach,5,"['Swimming Pool', 'Restaurant']","₹4,599 per night",null,null,null,CoupleFriendly
Pristine Hotel,Povorim,| 4.4 km drive to Goa International Airport,4.2,"['Entire Cottage', '| 2 Bedrooms | Sleeps 12 guests']","₹3,174 per night",null,null,null,FreeCancellationBook@₹0availableBreakfastavailableatextracharges
Beach House in Baga,Baga,| 2.5 km drive to Palolem Beach,null,"['Private Kitchen', 'Indoor Games']","₹8,863 per night",null,Entire Apartment,| 1 Bedroom | Sleeps 3 guests,CoupleFriendlyFreeCancellationBook@₹0available
1bhk Apartment by Green Homestay,Vagator,| 5 minutes walk to Candolim Beach,null,"['Entire Apartment', '| 1 Bedroom | Sleeps 4 guests']","₹4,436 per night",null,Entire Apartment,| Sleeps 3 guests,
Angler Nook Guest House,Bardez,Ends  in  18h:  11m:  01s,5,"['Housekeeping', 'Free Wi-Fi']","₹3,034 per night",null,null,null,CoupleFriendlyFreeCancellationBook@₹0available
Shree Rajeshwari Resort,Morjim,| 1.4 km drive to Morjim Beach,5,"['Room in a Cottage', '| 1 Bedroom | Sleeps 4 guests']","₹3,212 per night",null,null,null,CoupleFriendlyFreeCancellationBook@₹0available
GERANIUM HAVEN,Arambol Beach,| 5 minutes walk to Candolim Beach,5,"['Swimming Pool', 'Caretaker']","₹8,568 per night",null,null,null,FreeCancellationBreakfastIncludedBook@₹0available
Maria Comfort Stay,Baga,| 2 minutes walk to Miramar Beach,4.2,"['| 2 Bedrooms | Sleeps 8 guests', 'Shared Swimming Pool']","₹2,508 per night",null,null,null,
Sandoholic Beach Villa,Candolim,| 2.4 km drive to Anjuna Beach,4.5,"['Caretaker', 'Entire Apartment']","₹54,358 per night",null,Rooms in a Homestay,| 2 Bedrooms | Sleeps 6 guests,
White Tree Resort,Arambol,| 1.5 km drive to Calangute Beach,5,"['| 1 Bedroom | Sleeps 4 guests', 'Housekeeping']","₹1,942 per night",null,null,null,CoupleFriendly
Green Ambit The Calissa Azul 205,Calangute,null,null,"['Wi-Fi', '| 2 Bedrooms | Sleeps 8 guests']","₹4,558 per night",null,Entire Apartment,| 1 Bedroom | Sleeps 4 guests,FreeCancellationBook@₹0available
Jingle Tree Resort,Arambol,| 2 minutes walk to Miramar Beach,5,"['Private Kitchen', 'Shared Living Room']","₹2,319 per night",null,null,null,CoupleFriendlyFreeCancellationBook@₹0available
Babiz Inn,Majorda,| 1.2 km drive to Bogmalo Beach,3.9,"['Entire Apartment', '| 2 Bedrooms | Sleeps 8 guests']","₹1,308 per night",null,null,null,CoupleFriendlyFreeCancellationBook@₹0available
Moyrah By Greenpark,Anjuna,| 5.8 km drive to Goa International Airport,4.9,"['Shared Swimming Pool', 'Reception']","₹6,499 per night",null,null,null,"CoupleFriendlyFreeCancellationBreakfastIncludedBook@₹0availableCharmingretreatboastingaspa,pool,andlovelydiningsetup"
FranriaVilla Guest House,Calangute,| 4-5 minutes walk from Candolim Beach,4.7,"['Entire Villa', '| 2 Bedrooms | Sleeps 6 guests']","₹2,331 per night",null,null,null,CoupleFriendlyFreeCancellationBook@₹0available
JV HOLIDAY HOME CANDOLIM,Candolim,| 9 minutes walk to Baga Beach,2.5,"['Power Backup', 'Room in a Homestay']","₹4,360 per night",null,Room in an Apartment,| 1 Bedroom | Sleeps 4 guests,
Fort Tiracol Heritage Hotel,North Goa,null,4.8,"['| 1 Bedroom | Sleeps 4 guests', 'Kitchenette']","₹10,729 per night",null,null,null,CoupleFriendlyBreakfastavailableatextracharges
Sohum Spiritual Resort,North Goa,| 2.7 km drive to Calangute Beach,null,"['Lawn', 'Entire Apartment']","₹3,544 per night",null,Room in an Apartment,| 1 Bedroom | Sleeps 2 guests,
Kuber Mandovi Bay,Bardez,| 4 minutes walk to Morjim Beach,null,"['| 2 Bedrooms | Sleeps 8 guests', 'Shared Swimming Pool']","₹2,532 per night",null,Room in a Homestay,| 1 Bedroom | Sleeps 4 guests,FreeCancellationBook@₹0available
Yogitree Beach Resort & Cafe,Morjim Beach,| 4 minutes walk to Candolim Beach,4.6,"['Reception', 'Restaurant']","₹3,181 per night",null,null,null,CoupleFriendlyFreeCancellationBook@₹0availableBreakfastavailableatextracharges
Marbela Home,Morjim,null,3.8,"['| 3 Bedrooms | Sleeps 12 guests', 'Private Swimming Pool']","₹27,270 per night",null,Room in a Homestay,| 1 Bedroom | Sleeps 4 guests,CoupleFriendly
Maha Maya apartment Near the beach,Calangute,null,null,"['Caretaker', 'Entire Villa']","₹3,845 per night",null,Room in an Apartment,| 1 Bedroom | Sleeps 4 guests,
Queen's Place,Calangute,| 8 minutes walk to Calangute Beach,null,"['| 3 Bedrooms | Sleeps 12 guests', 'Power Backup']","₹28,229 per night",null,Entire Homestay,| Sleeps 3 guests,
Art Resort Goa,Palolem,| 10 minutes walk to Calangute Beach,4.5,"['Room in a Homestay', '| 1 Bedroom | Sleeps 3 guests']","₹8,886 per night",null,null,null,CoupleFriendly
Regenta Place Vasco Goa,Vasco Da Gama,| 2.4 km drive to Agonda Beach,4.5,"['Shared Kitchen', 'Shared Parking']","₹5,906 per night",null,null,null,CoupleFriendlyFreeCancellationBook@₹0availableBreakfastavailableatextracharges
Dacha Arambol by BlackBuck,Arambol,null,null,"['null', 'Entire Villa']","₹2,327 per night",null,Room in an Apartment,| 1 Bedroom | Sleeps 3 guests,CoupleFriendly
Agonda Island View,Agonda,| 1.9 km drive to Deltin Royale,4.5,"['| 3 Bedrooms | Sleeps 12 guests', 'Shared Kitchen']","₹4,500 per night",null,null,null,CoupleFriendly
Hotel Ocean Face Baga,Baga,| 8 minutes walk to Anjuna Beach,4.5,"['Air Conditioning', 'Entire Villa']","₹2,861 per night",null,null,null,CoupleFriendly
Deep International Goa,North Goa,| 990 m drive to Calangute Beach,4.5,"['| 7 Bedrooms | Sleeps 28 guests', 'Private Swimming Pool']","₹3,925 per night",null,null,null,CoupleFriendlyF&Bservices
Novotel Goa Panjim,Panjim,| About a minute walk to Morjim Beach,null,"['Caretaker', 'Entire Apartment']","₹18,487 per night",null,null,null,CoupleFriendlyBreakfastavailableatextracharges
Moana Beach Resort,Baga,| 2.9 km drive to Mandrem Beach,4.4,"['| 2 Bedrooms | Sleeps 6 guests', 'Shared Swimming Pool']","₹4,498 per night",null,null,null,CoupleFriendlyFreeCancellationBook@₹0availableBreakfastavailableatextracharges
La Grace 2BHK Fully Furnished Apartment,Benaulim,| 10 minutes walk to Calangute Beach,3,"['Wi-Fi', '| 2 Dorm Beds']","₹3,796 per night",null,Entire Apartment,| 2 Bedrooms | Sleeps 8 guests,CoupleFriendlyFreeCancellationBook@₹0available
W S BEACH RESORT & SPA,Calangute Baga Road,| 2.8 km drive to Anjuna Beach,4.3,"['Kitchenette', 'Living Room']","₹8,018 per night",null,null,null,CoupleFriendlyFreeCancellationBook@₹0availableBreakfastavailableatextracharges
Rohit holiday Homes,Arpora,| 9 minutes walk to Anjuna Beach,4.3,"['| Sleeps 5 guests', 'Private Swimming Pool']","₹2,097 per night",null,null,null,CoupleFriendly15%DiscountOnAirportTransfer
Skon Baga Bliss Hotel by Orion Hotels,Calangute,| 9 minutes walk to Calangute Beach,4.3,"['Housekeeping', 'Room in a Cottage']","₹4,214 per night",null,null,null,CoupleFriendlyFreeCancellationBook@₹0availableBreakfastavailableatextrachargesAmodernhotelwithswimmingpoolanddiningfacilities
BONDS HOSTEL CANDOLIM,Candolim,| 1.1 km drive to Calangute Beach,1,"['| 1 Bedroom | Sleeps 4 guests', 'Housekeeping']","₹1,547 per night",null,Rooms in a Hostel,| 2 Bedrooms | Sleeps 2 guests,CoupleFriendlyBreakfastIncluded
Aralea Beach Resort by Stone Wood,Morjim,| 4 minutes walk to Morjim Beach,4.3,"['Free Wi-Fi', '| 3 Bedrooms | Sleeps 12 guests']","₹6,320 per night",null,null,null,CoupleFriendlyBreakfastIncludedPropertyamidstlushgreeneryboastingapool&in-housedining
Beach Walk Resort Goa,Morjim,null,4.3,"['Private Swimming Pool', 'Private Kitchen']","₹2,141 per night",null,null,null,CoupleFriendlyFreeCancellationBook@₹0availableBreakfastavailableatextracharges
Grand Continent Anjuna A Sarovar Portico Affiliate Hotel,Anjuna,| 4 minutes walk to Baga Beach,4.3,"['Entire Villa', '| 7 Bedrooms | Sleeps 28 guests']","₹10,799 per night",null,null,null,CoupleFriendlyBreakfastavailableatextracharges10%offonsessionofSpa
The Avenue Grand,Calangute,| 4-5 minutes walk from Vagator Beach,4.2,"['Private Swimming Pool', 'Caretaker']","₹5,822 per night",null,null,null,CoupleFriendlyBreakfastIncluded
Amrita Appartments and Villas,Calangute,null,3.8,"['Entire Apartment', '| 2 Bedrooms | Sleeps 8 guests']","₹15,683 per night",null,Entire Apartment,| 1 Bedroom | Sleeps 4 guests,FreeCancellationBook@₹0available
Xenious Cashew Leaf Eco Resort - Near Arambol Beach,Arambol,| About a minute walk to Morjim Beach,4.2,"['Housekeeping', 'Caretaker']","₹2,977 per night",null,null,null,CoupleFriendlyFreeCancellationBook@₹0availableBreakfastavailableatextracharges15%OffonBuffet/alacarte
Hotel ARAMBOL ARBOUR,Arambol Beach,null,4.2,"['| 2 Bedrooms | Sleeps 8 guests', 'Reception']","₹2,926 per night",null,null,null,CoupleFriendly
Hitide Beach Resort,Palolem,| 10 minutes walk to Baga Beach,4.2,"['Pool/ Beach towels', 'Restaurant']","₹4,673 per night",null,null,null,CoupleFriendlyBreakfastIncluded
Oceans 7 Ashwem,Ashwem Beach,| 5 minutes walk to Candolim Beach,4.2,"['Fireplace', 'Entire Apartment']","₹3,043 per night",null,null,null,CoupleFriendlyBreakfastIncluded
Alaya stays 1 BHK With Balcony | Veera Marina,Candolim,| 2.7 km drive to Mandrem Beach,null,"['| 2 Bedrooms | Sleeps 8 guests', 'Housekeeping']","₹3,971 per night",null,Entire Apartment,| 1 Bedroom | Sleeps 4 guests,CoupleFriendly
Hotel Spring Height,Porvorim,| 2.3 km drive to Calangute Beach,2.4,"['Caretaker', 'Entire Apartment']","₹3,086 per night",null,null,null,CoupleFriendlyFreeCancellationBook@₹0availableBreakfastavailableatextracharges
God's Gift Hotel Near Morjim-Ashvem Beach,Morjim,null,3.4,"['| 2 Bedrooms | Sleeps 8 guests', 'Power Backup']","₹3,673 per night",null,null,null,CoupleFriendlyFreeCancellationBook@₹0available
Peaches | Entire 1 BHK Apartments,Siolim,| 2.1 km drive to Majorda Beach,1.3,"['Wi-Fi', 'Entire Apartment']","₹12,610 per night",null,Entire Apartment,| 1 Bedroom | Sleeps 4 guests,FreeCancellationBook@₹0available
Hotel O Sai Deep Place,Baga,| 5 minutes walk to Anjuna Beach,3.7,"['| 2 Bedrooms | Sleeps 8 guests', 'Parking']","₹4,263 per night",null,null,null,CoupleFriendlyFreeCancellationBook@₹0available
Anjuna Blue,Anjuna,| 1.6 km drive to Calangute Beach,4.1,"['Wi-Fi', '| 2 Bedrooms | Sleeps 8 guests']","₹2,893 per night",null,null,null,CoupleFriendlyFreeCancellationBook@₹0available
Super Hotel O Pradeep Guest House Near Baga Beach,Baga,| 5 minutes walk to Candolim Beach,4.1,"['Shared Swimming Pool', 'Caretaker']","₹4,067 per night",null,null,null,CoupleFriendlyFreeCancellationBook@₹0availableDistributedbyOYO
"Whiteflower Resort Morjim, Goa",Morjim,null,4.1,"['Entire Apartment', '| 2 Bedrooms | Sleeps 4 guests']","₹6,182 per night",null,null,null,CoupleFriendlyFreeCancellationBreakfastavailableatextracharges
The 2nd Milagres,Palolem,null,null,"['Caretaker', 'Housekeeping']","₹5,434 per night",Like a 3 Star,Entire Apartment,| 1 Bedroom | Sleeps 4 guests,CoupleFriendlyFreeCancellationBook@₹0available
Rurys Nest at Palolem Beach,Canacona,null,1,"['Entire Apartment', '| 3 Bedrooms | Sleeps 12 guests']","₹2,500 per night",null,Entire Apartment,| 1 Bedroom | Sleeps 4 guests,FreeCancellationBook@₹0available
Shantaram Beach Huts,Arambol Beach,| About a minute walk to Morjim Beach,4,"['Shared Swimming Pool', 'Housekeeping']","₹6,591 per night",null,null,null,FreeCancellationBook@₹0available
Hotel Solmar,Panjim,| 3 minutes walk to Morjim Beach,4,"['Entire Villa', '| 3 Bedrooms | Sleeps 12 guests']","₹3,666 per night",null,null,null,CoupleFriendlyFreeCancellationBreakfastIncludedBook@₹0available
Sea Sapphire,Calangute,| 590 m drive to Calangute Beach,4,"['Shared Swimming Pool', 'Private Kitchen']","₹3,752 per night",null,null,null,CoupleFriendlyBreakfastavailableatextracharges
Harbor Court,Vagator,| 4 minutes walk to Calangute Beach,4,"['null', 'Entire Apartment']","₹6,531 per night",null,null,null,CoupleFriendly
"Orion Hotel By Balaji Hospitality, Goa",Bardez,| About a minute walk to Palolem Beach,4,"['| 3 Bedrooms | Sleeps 12 guests', 'Caretaker']","₹7,142 per night",null,null,null,Breakfastavailableatextracharges
Bayview Resort,Anjuna,| 7.5 km drive to Goa International Airport,4,"['Housekeeping', '| 4 Bedrooms | Sleeps 16 guests']","₹3,885 per night",null,null,null,CoupleFriendlyFreeCancellationBook@₹0availableBreakfastavailableatextracharges
Private room in Goa Bungalow,Carambolim,| 2.8 km drive to Mandrem Beach,null,"['Private Swimming Pool', 'Caretaker']","₹9,489 per night",null,Room in a Villa,| 1 Bedroom | Sleeps 4 guests,CoupleFriendly
WHITE HOME- near Anjuna Beach - By ZaraGosa,Anjuna,| 3 minutes walk to Agonda Beach,4.3,"['Fireplace', 'Entire Apartment']","₹6,335 per night",Like a 3 Star,Entire Apartment,| 2 Bedrooms | Sleeps 8 guests,CoupleFriendly
KS INN Hotel,Arambol Beach,| About a minute walk to Baga Beach,4,"['| 2 Bedrooms | Sleeps 8 guests', 'Free Wi-Fi']","₹4,517 per night",null,null,null,CoupleFriendlyFreeCancellationBook@₹0available
La Baga Beach Hotel By Orion Hotels,Calangute Baga Road,| 1.9 km drive to Mandrem Beach,4,"['Private Kitchen', 'Vehicle Rentals']","₹5,613 per night",null,null,null,CoupleFriendlyFreeCancellationBreakfastavailableatextracharges
Hotel RSA Residency,Pernem,| 1.8 km drive to Deltin Royale,4,"['Lounge', '| 2 Bedrooms | Sleeps 8 guests']","₹3,294 per night",null,null,null,CoupleFriendlyFreeCancellationBook@₹0available
Sun N Sea Beach Resort,Calangute,| 3 minutes walk to Baga Beach,4,"['Shared Swimming Pool', 'Caretaker']","₹4,284 per night",null,null,null,CoupleFriendlyBreakfastavailableatextracharges
KPN Holiday Homes,Calangute,| 10 minutes walk to Benaulim Beach,null,"['Entire Apartment', '| 2 Bedrooms | Sleeps 8 guests']","₹1,402 per night",null,Room in an Apartment,| 1 Bedroom | Sleeps 4 guests,
Hotel Supreme,Vasco Da Gama,| 8 minutes walk to Calangute Beach,3.2,"['Caretaker', 'Housekeeping']","₹3,120 per night",null,null,null,CoupleFriendlyFreeCancellationBook@₹0availableBreakfastavailableatextracharges
"FabHotel Prime Tanjo Highland With Pool, Candolim Beach - 700 Mtrs from Candolim Beach",Candolim,| 2.6 km drive to Baga Beach,null,"['null', '| 4 Bedrooms | Sleeps 16 guests']","₹2,281 per night",null,null,null,CoupleFriendlyFreeCancellationBook@₹0availableBreakfastavailableatextracharges
Aqua Vista in Morjim,Morjim,| 970 m drive to Calangute Beach,4.7,"['Private Swimming Pool', 'Caretaker']","₹2,149 per night",null,Room in a Homestay,| 1 Bedroom | Sleeps 4 guests,FreeCancellationBook@₹0available
Apricus VP Residency,Povorim,| 970 m drive to Candolim Beach,3.9,"['| 2 Bedrooms | Sleeps 8 guests', 'Private Swimming Pool']","₹1,638 per night",null,null,null,CoupleFriendlyFreeCancellationBook@₹0available
Samara Wellness Hotel,Morjim,Ends  in  03h:  06m:  38s,3.8,"['Caretaker', 'Spa']","₹7,250 per night",null,null,null,CoupleFriendlyFreeCancellationBook@₹0availableBreakfastavailableatextracharges
Tulshi Chhaya Guest House,Calangute Baga Road,| About a minute walk to Morjim Beach,3.8,"['Swimming Pool', 'Swimming Pool']","₹3,034 per night",null,null,null,CoupleFriendlyFreeCancellationBook@₹0available
Prive by Whiteflower,Vagator,| About a minute walk to Morjim Beach,4.1,"['Water Sports', 'Swimming Pool']","₹11,527 per night",null,null,null,CoupleFriendlyFreeCancellationBreakfastIncludedBook@₹0available
Casa Eternal Boutique Hotel,Calangute,| 1.6 km drive to Anjuna Beach,3.9,"['Restaurant', 'Entire Apartment']","₹2,514 per night",null,null,null,CoupleFriendlyFreeCancellationBook@₹0availableBreakfastavailableatextracharges
ROCKIT CAFE & STAY,Palolem,| 1.3 km drive to Calangute Beach,3.8,"['| 1 Bedroom | Sleeps 4 guests', 'Reception']","₹3,789 per night",null,null,null,CoupleFriendlyFreeCancellationBook@₹0availableBreakfastavailableatextracharges
Ronne's Studio Apartment,Bardez,| 4-5 minutes walk from Calangute Beach,4,"['Caretaker', 'Entire Villa']","₹12,556 per night",null,Entire Apartment,| 1 Bedroom | Sleeps 4 guests,CoupleFriendly
Selfia Guest House,Majorda,null,3.8,"['| 3 Bedrooms | Sleeps 12 guests', 'Private Swimming Pool']","₹2,918 per night",null,null,null,CoupleFriendlyFreeCancellationBook@₹0available
Vintage Beach Resort,Agonda,| 2.3 km drive to Mandrem Beach,3.8,"['Caretaker', 'Swimming Pool']","₹3,587 per night",null,null,null,Breakfastavailableatextracharges
Hotel Salty Waves Baga,Baga,| About a minute walk to Palolem Beach,3.6,"['Restaurant', '| 1 Bedroom | Sleeps 4 guests']","₹1,764 per night",null,null,null,CoupleFriendly10%DiscountOnAirportTransfer
Saligaon Dream,Calangute,Ends  in  18h:  11m:  25s,null,"['Private Swimming Pool', 'Free Wi-Fi']","₹14,114 per night",null,Room in an Apartment,| 1 Bedroom | Sleeps 4 guests,CoupleFriendly
Dwarka Beach Resort Goa,Cola Beach,| About a minute walk to Ashwem Beach,3.6,"['Room in a Cottage', '| 1 Bedroom | Sleeps 4 guests']","₹15,598 per night",null,null,null,CoupleFriendlyCoastalretreatboastingsea-viewcottages&diningfacilities
Cafe Del Mar,Palolem,| 1.7 km drive to Candolim Beach,3.6,"['Housekeeping', 'Free Wi-Fi']","₹4,626 per night",null,null,null,CoupleFriendly
Amoura Beach Holidays,Baga,null,3.6,"['Entire Apartment', '| 1 Bedroom | Sleeps 4 guests']","₹5,969 per night",null,null,null,FreeCancellationBook@₹0availableBreakfastavailableatextracharges
Casa Domingos,Calangute,| About a minute walk to Morjim Beach,3.6,"['Shared Kitchen', 'TV']","₹1,999 per night",null,null,null,CoupleFriendly
Mariana By the Pool Benaulim,Benaulim,null,null,"['| 2 Bedrooms | Sleeps 8 guests', 'Caretaker']","₹3,536 per night",null,Room in an Apartment,| 1 Bedroom | Sleeps 3 guests,CoupleFriendly
Ramada by Wyndham Goa Vagator,Vagator,| 6 minutes walk to Baga Beach,3.6,"['Housekeeping', '| 6 Bedrooms | Sleeps 24 guests']","₹7,060 per night",null,null,null,CoupleFriendlyBreakfastIncluded15%offonFood&Beverages
Easystayy Villa Goa,Povorim,| 6 minutes walk to Anjuna Beach,null,"['Private Swimming Pool', 'Caretaker']","₹43,550 per night",null,Entire Villa,| 8 Bedrooms | Sleeps 32 guests,CoupleFriendly
Saikiran Hotel,Mapusa,| 9 minutes walk to Baga Beach,3.5,"['Entire Villa', '| Sleeps 3 guests']","₹3,344 per night",null,null,null,CoupleFriendlyFreeCancellationBook@₹0availableBreakfastavailableatextracharges
Daffodil - Turquoise Tree Homestays - Candolim- 1bhk Apartment,Candolim,| 1.2 km drive to Morjim Beach,2.6,"['Shared Swimming Pool', 'Free Wi-Fi']","₹40,326 per night",null,Room in a Homestay,| 1 Bedroom | Sleeps 4 guests,
Cupid's Heaven Resort,Agonda,| 1.3 km drive to Palolem Beach,3.5,"['Swimming Pool', 'Entire Villa']","₹1,781 per night",null,null,null,CoupleFriendlyFreeCancellationBook@₹0available
"Dreamy Vibe Stays, Morjim",Morjim,| 2.9 km drive to Palolem Beach,null,"['| 3 Bedrooms | Sleeps 12 guests', 'Private Swimming Pool']","₹1,783 per night",null,Room in an Apartment,| 1 Bedroom | Sleeps 2 guests,CoupleFriendly
Patnem Beach Cottages,Palolem,| 3-4 minutes walk from Mandrem Beach,3.5,"['Caretaker', 'Swimming Pool']","₹3,906 per night",null,null,null,
Dacha Resort,Arambol,| 2.8 km drive to Deltin Royale,3.5,"['Kids Play Area', 'Entire Apartment']","₹3,865 per night",null,null,null,CoupleFriendlyFreeCancellationBreakfastIncludedBook@₹0available
Cuba Morjim,Morjim,| 1.3 km drive to Calangute Beach,2.4,"['| 1 Bedroom | Sleeps 4 guests', 'Private Swimming Pool']","₹1,615 per night",null,null,null,CoupleFriendly
Blue Flamingo Hostel,Baga,| 9 minutes walk to Vagator Beach,null,"['Private Kitchen', 'Swimming Pool']",₹609 per night,null,Beds in a Hostel,| 2 Dorm Beds,
Moonlight Resorts Agonda,Agonda,null,3.4,"['Restaurant', 'Entire Villa']","₹4,407 per night",null,null,null,CoupleFriendly
The Merit Resort,Calangute,| 7 minutes walk to Anjuna Beach,null,"['| 1 Bedroom | Sleeps 8 guests', 'null']","₹1,992 per night",null,Room in an Apartment,| 1 Bedroom | Sleeps 4 guests,CoupleFriendly
Hotel Pasquina Baga,Baga,Ends  in  18h:  11m:  32s,3.4,"['Room in an Apartment', '| 1 Bedroom | Sleeps 4 guests']","₹2,343 per night",null,null,null,CoupleFriendly
Sea Paradise Beach Front,Mandrem Beach,null,3.4,"['Housekeeping', 'Shared Parking']","₹3,955 per night",null,null,null,CoupleFriendlyFreeCancellationBreakfastIncludedBook@₹0available
Oceanic Pearl Beach Homestay,Calangute,| 7 minutes walk to Anjuna Beach,null,"['Entire Apartment', '| 2 Bedrooms | Sleeps 4 guests']","₹2,695 per night",null,Room in an Apartment,| 1 Bedroom | Sleeps 5 guests,CoupleFriendly
Mulberries Inn,Baga,null,null,"['Caretaker', 'Housekeeping']","₹2,948 per night",null,Entire Apartment,| 6 Bedrooms | Sleeps 2 guests,CoupleFriendlyFreeCancellationBook@₹0available
The Sun,North Goa,| 7 minutes walk to Calangute Beach,4.5,"['| 2 Bedrooms | Sleeps 10 guests', 'Caretaker']","₹1,813 per night",null,Room in an Apartment,| 1 Bedroom | Sleeps 4 guests,CoupleFriendly
Hakuna Matata,Arambol Beach,null,null,"['Housekeeping', 'Entire Villa']","₹4,001 per night",null,Room in a Homestay,| 1 Bedroom | Sleeps 4 guests,
"The Rose Goa Beach Resort,Agonda",Agonda,| About a minute walk to Calangute Beach,null,"['| 4 Bedrooms | Sleeps 16 guests', 'Private Swimming Pool']","₹13,211 per night",null,null,null,CoupleFriendlyBreakfastIncluded
Dom Pedros Haven Resort - Tranquil Retreat by the Sea,Majorda,| 9 minutes walk to Calangute Beach,null,"['Caretaker', '| 1 Bedroom | Sleeps 4 guests']","₹3,350 per night",null,null,null,CoupleFriendlyFreeCancellationBreakfastIncludedBook@₹0available
Apricot Service apartments in South Goa,Palolem,| 7.8 km drive to Goa International Airport,null,"['Reception', 'Housekeeping']","₹4,308 per night",null,Entire Apartment,| 1 Bedroom | Sleeps 3 guests,CoupleFriendly
Amigos Calangute,Calangute Baga Road,| 9 minutes walk to Candolim Beach,null,"['Entire Apartment', '| 1 Bedroom | Sleeps 4 guests']","₹2,166 per night",null,Room in an Apartment,| 1 Bedroom | Sleeps 2 guests,
Goveia Grand Candolim,Candolim,| 8 minutes walk to Morjim Beach,3.2,"['Housekeeping', 'Caretaker']","₹4,146 per night",null,null,null,FreeCancellationBook@₹0availableBreakfastavailableatextracharges
Heritage Holiday homes,Arpora,null,null,"['| 2 Bedrooms | Sleeps 8 guests', 'Private Swimming Pool']","₹3,835 per night",null,Entire Apartment,| 1 Bedroom | Sleeps 6 guests,CoupleFriendly
Baga Beach Apartment,Baga,| 3 minutes walk to Morjim Beach,2.7,"['Caretaker', 'Room in an Apartment']","₹5,147 per night",null,Entire Apartment,| 2 Bedrooms | Sleeps 13 guests,CoupleFriendly
Tropical Bay,Palolem,| 8 minutes walk to Calangute Beach,3.2,"['| 1 Bedroom | Sleeps 4 guests', 'Housekeeping']","₹4,735 per night",null,null,null,CoupleFriendlyBreakfastIncludedComplimentaryINR500HotelCredit
FabExpress Arambol Inn - 200 Mtrs from Arambol beach,Arambol Beach,| 1.1 km drive to Vagator Beach,null,"['Pool/ Beach towels', '| 3 Bedrooms | Sleeps 12 guests']","₹1,370 per night",null,null,null,CoupleFriendlyFreeCancellationBook@₹0availableBreakfastavailableatextracharges
Modern Fully Furnished 2 BHK in North Goa,Panjim,| 3-4 minutes walk from Calangute Beach,4.3,"['Private Swimming Pool', 'Caretaker']","₹8,056 per night",null,Room in an Apartment,| 1 Bedroom | Sleeps 4 guests,CoupleFriendly
Jonsha guest house,Calangute,| About a minute walk to Palolem Beach,null,"['Restaurant', '| 3 Bedrooms | Sleeps 12 guests']","₹4,185 per night",null,Room in a Cottage,| 1 Bedroom | Sleeps 4 guests,CoupleFriendlyFreeCancellationBook@₹0available
Cardamom Guest House,Candolim,null,null,"['Private Swimming Pool', 'Caretaker']","₹2,779 per night",null,Room in an Apartment,| 1 Bedroom | Sleeps 4 guests,
Koral 1BHK Apartment by tisyastays,Arpora,| 8 minutes walk to Majorda Beach,null,"['| 4 Bedrooms | Sleeps 16 guests', 'Private Swimming Pool']","₹5,284 per night",null,Entire Apartment,| 1 Bedroom | Sleeps 4 guests,CoupleFriendly
Tamara Luxury in Morjim,Morjim,| About a minute walk to Agonda Beach,null,"['Caretaker', '| 5 Bedrooms | Sleeps 20 guests']","₹5,100 per night",null,Room in an Apartment,| 1 Bedroom | Sleeps 4 guests,CoupleFriendlyBreakfastavailableatextracharges
Casa De Arambol.,Arambol,| 5 minutes walk to Baga Beach,null,"['Private Swimming Pool', 'Wi-Fi']","₹2,132 per night",null,Room in an Apartment,| 1 Bedroom | Sleeps 3 guests,FreeCancellationBook@₹0available
Nalanda Retreat Goa,North Goa,null,3.6,"['Entire Apartment', '| 4 Bedrooms | Sleeps 16 guests']","₹4,134 per night",null,null,null,BreakfastIncluded
Mermaid Avisa Resort,Arambol,| 2.2 km drive to Agonda Beach,3,"['Caretaker', 'Housekeeping']","₹2,177 per night",null,null,null,FreeCancellationBook@₹0available
Seasons In The Sun,Betalbatim,| About a minute walk to Palolem Beach,4.9,"['| 4 Bedrooms | Sleeps 16 guests', 'Shared Swimming Pool']","₹3,885 per night",null,null,null,CoupleFriendlyFreeCancellationBook@₹0available
Palolem luxuries Beach cottages,Palolem,| About a minute walk to Baga Beach,3.4,"['Caretaker', '| 3 Bedrooms | Sleeps 12 guests']","₹6,152 per night",null,null,null,CoupleFriendly
GOA HOLIDAYS BEACH RESORT,Calangute,| 2 minutes walk to Calangute Beach,4.5,"['Private Swimming Pool', 'Caretaker']","₹2,108 per night",null,null,null,CoupleFriendly
Jubi 3BHK Private Pool Villa,Assagao,| 1.3 km drive to Benaulim Beach,null,"['Restaurant', 'Bar']","₹13,051 per night",Like a 3 Star,Entire Villa,| 3 Bedrooms | Sleeps 12 guests,CoupleFriendlyFreeCancellationBook@₹0available
MIIABELLA COTTAGE RESORT,Baga,| 1.1 km drive to Vagator Beach,4.6,"['Entire Apartment', '| 1 Bedroom | Sleeps 6 guests']","₹8,390 per night",null,null,null,CoupleFriendlyBreakfastIncludedComplimentaryHi-Tea
Jade Sunset 1 BHK near Anjuna N Assagao,Bardez,null,4.4,"['Caretaker', 'Free Wi-Fi']","₹3,194 per night",Like a 3 Star,Entire Apartment,| 1 Bedroom | Sleeps 4 guests,CoupleFriendly
FabExpress Clausil Inn - Nr. Miramar beach,Panjim,| 7 minutes walk to Mapusa Bus Stand,3,"['| 2 Dorm Beds', 'Swimming Pool']","₹1,716 per night",null,null,null,CoupleFriendlyFreeCancellationBook@₹0availableBreakfastavailableatextracharges
Truly earthly villa,Bandoli,| 10 minutes walk to Candolim Beach,null,"['Caretaker', 'Room in a Homestay']","₹2,527 per night",null,Room in an Apartment,| 1 Bedroom | Sleeps 8 guests,FreeCancellationBook@₹0available
Samira Sea View Morjim,Morjim,| About a minute walk to Agonda Beach,3,"['| 1 Bedroom | Sleeps 4 guests', 'Barbeque']","₹2,529 per night",null,null,null,CoupleFriendlyFreeCancellationBook@₹0available
Palolem Inn Goa,Palolem,| 3 minutes walk to Morjim Beach,3,"['Bonfire', 'Swimming Pool']","₹4,932 per night",null,null,null,PayAtHotelBreakfastavailableatextracharges
"Cosy Studio Apartment,Pool Facing Big Studio",Arpora,| 1.8 km drive to Palolem Beach,4.2,"['Restaurant', '| 4 Bedrooms | Sleeps 16 guests']","₹2,233 per night",null,Room in an Apartment,| 1 Bedroom | Sleeps 4 guests,
Joel's Riverwood Morjim,Morjim,| 2.8 km drive to Mandrem Beach,null,"['Private Swimming Pool', 'Caretaker']","₹1,430 per night",null,Entire Apartment,| 1 Bedroom | Sleeps 4 guests,
Sweet stay,Arambol Beach,| About a minute walk to Morjim Beach,null,"['Room in a Villa', '| 1 Bedroom | Sleeps 4 guests']","₹1,055 per night",null,Room in a Homestay,| 1 Bedroom | Sleeps 4 guests,CoupleFriendlyFreeCancellationBook@₹0available
Lillywoods NV Beach Resort,Calangute,| 8 minutes walk to Baga Beach,2.9,"['Swimming Pool', 'Barbeque']","₹3,841 per night",null,null,null,CoupleFriendlyFreeCancellationBook@₹0availableBreakfastavailableatextracharges
Cocos Resort,Vagator,| About a minute walk to Agonda Beach,2.9,"['| 5 Bedrooms | Sleeps 20 guests', 'Private Swimming Pool']","₹2,818 per night",null,null,null,CoupleFriendlyFreeCancellationBreakfastIncludedBook@₹0available
FabHotel Bellini Morjim Resort,Morjim,| 1.1 km drive to Calangute Beach,null,"['Caretaker', '| 3 Bedrooms | Sleeps 12 guests']","₹2,611 per night",null,null,null,CoupleFriendlyFreeCancellationBook@₹0availableBreakfastavailableatextracharges
Hotel Mobor Beach Resort,Cavelossim,| 4 minutes walk to Baga Beach,2.9,"['Shared Swimming Pool', 'Wi-Fi']","₹2,931 per night",null,null,null,CoupleFriendlyFreeCancellationBook@₹0available
Evaddo Homes Ashvem,North Goa,| About a minute walk to Mandrem Beach,null,"['Entire Apartment', '| 3 Bedrooms | Sleeps 12 guests']","₹2,154 per night",null,Room in an Apartment,| 1 Bedroom | Sleeps 2 guests,CoupleFriendlyFreeCancellationBook@₹0available
Minimalist Panjim,Panjim,| 550 m drive to Calangute Beach,3.3,"['Housekeeping', 'Shared Parking']","₹5,025 per night",null,null,null,CoupleFriendlyBreakfastIncluded15%DiscountonF&Bservices
Luxurious 3 BHK Villa with Pvt Pool in Vagator,Vagator,| About a minute walk to Baga Beach,null,"['Entire Apartment', '| 2 Bedrooms | Sleeps 4 guests']","₹17,115 per night",Like a 4 Star,Entire Villa,| 3 Bedrooms | Sleeps 12 guests,CoupleFriendly
Tashi Hotel and Party Lounge,Benaulim,null,2.7,"['Reception', 'Caretaker']","₹2,276 per night",null,null,null,FreeCancellationBook@₹0availableBreakfastavailableatextracharges
Artsy Studio Vagator Beach,Vagator,null,null,"['Entire Villa', '| 3 Bedrooms | Sleeps 10 guests']","₹3,534 per night",null,Entire Apartment,| 1 Bedroom | Sleeps 6 guests,CoupleFriendlyFreeCancellationBook@₹0available
Sea View Resort,Palolem,| About a minute walk to Agonda Beach,2.7,"['Caretaker', 'Housekeeping']","₹3,280 per night",null,null,null,CoupleFriendly
Casa Black Rio,Assagao,| 6 minutes walk to Utorda Beach,4.1,"['Entire Villa', '| 2 Bedrooms | Sleeps 8 guests']","₹16,143 per night",null,Entire Villa,| 3 Bedrooms | Sleeps 16 guests,CoupleFriendly
ELIVAAS 1 BHK with Jacuzzi & Lift | Kamerios Brisa,Candolim,null,null,"['Kitchenette', 'Living Room']","₹5,483 per night",null,Entire Apartment,| 1 Bedroom | Sleeps 4 guests,CoupleFriendly
Jason Guest House,Candolim,| 7 minutes walk to Calangute Beach,2.6,"['Entire Apartment', '| 2 Bedrooms | Sleeps 8 guests']","₹2,319 per night",null,null,null,CoupleFriendlyFreeCancellationBook@₹0available
Arambol Inn,Arambol Beach,| 970 m drive to Candolim Beach,2.3,"['Housekeeping', 'Shared Kitchen']","₹1,098 per night",null,null,null,FreeCancellationBook@₹0available
Anjuna Courtyard,Anjuna,null,2.2,"['Entire Villa', '| 3 Bedrooms | Sleeps 12 guests']","₹1,615 per night",null,null,null,CoupleFriendlyFreeCancellationBook@₹0available
Colours Fly Guest House,Majorda,| About a minute walk to Baga Beach,2,"['Private Swimming Pool', 'Caretaker']","₹1,729 per night",null,null,null,CoupleFriendlyBreakfastIncluded
"Casa Black Rio, 3bhk villa in JD Enclave, Assagao",Mapusa,| 5 minutes walk to Palolem Beach,null,"['Room in a Cottage', '| 1 Bedroom | Sleeps 4 guests']","₹16,078 per night",null,Entire Villa,| 3 Bedrooms | Sleeps 12 guests,CoupleFriendlyFreeCancellationBook@₹0available
Madhu Beach Huts Agonda,Agonda,null,null,"['Housekeeping', 'Wi-Fi']","₹6,912 per night",null,Room in a Beach Hut,| 1 Bedroom | Sleeps 4 guests,CoupleFriendlyBreakfastIncluded
Hotel Shelltop,Panjim,| 1.9 km drive to Deltin Royale,2,"['| 1 Bedroom | Sleeps 4 guests', 'Swimming Pool']","₹2,166 per night",null,null,null,CoupleFriendlyFreeCancellationBook@₹0availableBreakfastavailableatextracharges
1BHK Apartment in Calangute with Kitchen,Calangute,| 3 minutes walk to Calangute Beach,null,"['Kitchenette', 'Beds in a Homestay']","₹6,469 per night",null,Entire Apartment,| 1 Bedroom | Sleeps 4 guests,FreeCancellationBook@₹0available
Casa Juna near Anjuna beach,Anjuna,| About a minute walk to Candolim Beach,4.1,"['| Sleeps 16 guests', 'Kitchenette']","₹14,278 per night",null,Entire Apartment,| Sleeps 3 guests,CoupleFriendlyFreeCancellationBook@₹0available
Rewas Hostel  Anjuna,Anjuna,| 2.7 km drive to Baga Beach,4.1,"['Caretaker', 'Room in a Homestay']","₹10,444 per night",null,Beds in a Homestay,| Sleeps 2 guests,
FabHotel Maharaja - Nr. Vasco Da Gama Railway Station,Vasco Da Gama,| 7 minutes walk to Morjim Beach,1.8,"['| 1 Bedroom | Sleeps 4 guests', 'Shared Parking']","₹2,114 per night",null,null,null,CoupleFriendlyFreeCancellationBook@₹0availableBreakfastavailableatextrachargesPerfectfortravelersnearVascodaGamarailwaystation
Nest By Craftels,Cabo de Rama Beach,| 2.0 km drive to Mandrem Beach,3.9,"['Power Backup', 'Swimming Pool']","₹17,378 per night",null,Room in a Cottage,| 1 Bedroom | Sleeps 4 guests,"CoupleFriendlyBreakfastIncludedSeafrontstaywithajacuzzi,restaurant,beachaccess&parking"
Bay Breeze Hotels & Resorts,Morjim,| 2-3 minutes walk from Ashwem Beach,null,"['Water Sports', 'Room in a Homestay']","₹2,512 per night",null,null,null,CoupleFriendlyBreakfastavailableatextracharges
Friends Apartment,Calangute,null,5,"['| 1 Bedroom | Sleeps 4 guests', 'Caretaker']","₹3,550 per night",null,Entire Apartment,| 1 Bedroom | Sleeps 6 guests,CoupleFriendly
FabHotel Prime Map5 Village Resort - 50 Mtrs from Morjim beach,Morjim,| 2.1 km drive to Betalbatim Beach,1,"['Shared Parking', 'Entire Villa']","₹5,013 per night",null,null,null,CoupleFriendlyFreeCancellationBook@₹0availableBreakfastavailableatextracharges
See Ya Heritage Stays,Anjuna,| 2 minutes walk to Palolem Beach,null,"['| 3 Bedrooms | Sleeps 14 guests', 'Private Swimming Pool']","₹2,512 per night",null,Beds in a Hostel,| 2 Dorm Beds,FreeCancellationBook@₹0available
1BHK Apartment C2 Near Anjuna North Goa,Bardez,Ends  in  18h:  11m:  57s,null,"['Power Backup', 'Entire Apartment']","₹1,240 per night",null,Entire Apartment,| 1 Bedroom | Sleeps 4 guests,
Four Season House Goa,Majorda,| 2.0 km drive to Calangute Beach,4.1,"['| 1 Bedroom | Sleeps 4 guests', 'Shared Kitchen']","₹1,697 per night",null,Room in an Apartment,| 1 Bedroom | Sleeps 3 guests,CoupleFriendlyBreakfastavailableatextracharges5%DiscountOnRoomUpgrade
Calangute Luxury 1 BHK Pool Apartment with Gym,Calangute,null,null,"['Seating Area', '| 3 Bedrooms | Sleeps 14 guests']","₹11,575 per night",null,Entire Apartment,| 1 Bedroom | Sleeps 8 guests,"CoupleFriendlyFreeCancellationBook@₹0availableEntireapartmentwithakitchen,beachaccess,Wi-Fi&parking"
Omkar Wellness Inn,Arambol Beach,| About a minute walk to Baga Beach,1.3,"['Caretaker', 'Housekeeping']","₹3,367 per night",null,null,null,CoupleFriendlyFreeCancellationBook@₹0available
Treebo Kristal Sands Beach Resort,Calangute,null,3.6,"['| 3 Bedrooms | Sleeps 12 guests', 'Private Swimming Pool']","₹4,782 per night",null,null,null,CoupleFriendlyFreeCancellationBreakfastIncludedBook@₹0available
Hillcrest Hideaway,Mormugao,| 2.0 km drive to Miramar Beach,null,"['Caretaker', 'Swimming Pool']","₹2,123 per night",null,Entire Apartment,| 1 Bedroom | Sleeps 4 guests,FreeCancellationBook@₹0available
Luxury 2BHK Entire Apartment at Candolim Luxfort Near Beach,Candolim,null,null,"['Gym', '| 2 Bedrooms | Sleeps 8 guests']","₹5,488 per night",Like a 3 Star,Entire Apartment,| 2 Bedrooms | Sleeps 8 guests,"CoupleFriendlyApartmentwithapoolkitchen,livingroom&adiningarea"
FabHotel La Volga - Nr. Morjim beach,Morjim,| 6 minutes walk to Morjim Beach,2.5,"['Shared Swimming Pool', 'Caretaker']","₹1,880 per night",null,null,null,FreeCancellationBook@₹0availableBreakfastavailableatextracharges
Beach House 2bhk in Baga,Baga,| 5 minutes walk to Palolem Beach,null,"['Entire Villa', '| 3 Bedrooms | Sleeps 12 guests']","₹5,535 per night",Like a 3 Star,Entire Apartment,| 2 Bedrooms | Sleeps 8 guests,CoupleFriendly
Hotel O Raj Resort,Bogmalo,| 2.0 km drive to Baga Beach,1,"['Private Swimming Pool', 'Power Backup']","₹3,738 per night",null,null,null,CoupleFriendlyFreeCancellationBook@₹0availableDistributedbyOYO
Mira residency,Calangute,| 2.8 km drive to Morjim Beach,null,"['Room in an Apartment', '| 1 Bedroom | Sleeps 4 guests']","₹30,285 per night",null,Room in a Homestay,| 1 Bedroom | Sleeps 4 guests,FreeCancellationBook@₹0available
Palolem Heights,Canacona,| 2.8 km drive to Mandrem Beach,4.5,"['Power Backup', 'Free Wi-Fi']","₹2,778 per night",null,null,null,FreeCancellationBook@₹0available
FabHotel Prime Fair stayz - 700 mtrs from Candolim beach,Candolim,| 2 minutes walk to Calangute Beach,1,"['| 3 Bedrooms | Sleeps 12 guests', 'Private Swimming Pool']","₹2,402 per night",null,null,null,CoupleFriendlyFreeCancellationBook@₹0availableBreakfastavailableatextracharges
Reshmi Residency,Calangute,| 1.5 km drive to Vagator Beach,1,"['Caretaker', 'Entire Apartment']","₹1,729 per night",null,null,null,CoupleFriendlyFreeCancellationBook@₹0available
Eden Palms Beach Stay,Arambol,| 1.2 km drive to Morjim Beach,null,"['| 2 Bedrooms | Sleeps 8 guests', 'Private Parking']","₹2,425 per night",null,Room in an Apartment,| 1 Bedroom | Sleeps 3 guests,
Timber Tide Beach Cottages By Green Concept,Candolim,| 4 minutes walk to Cavelossim Beach,null,"['Wi-Fi', 'Indoor Games']","₹8,925 per night",null,null,null,CoupleFriendlyBreakfastavailableatextracharges
Comfort Inn Elite,Mangaddo,null,null,"['Restaurant', '| 2 Bedrooms | Sleeps 4 guests']","₹4,497 per night",null,null,null,CoupleFriendlyFreeCancellationBook@₹0available
Musafir | Candolim | 2BHK by ZaraGosa,Candolim,| 2.4 km drive to Deltin Royale,4.4,"['Pool/ Beach towels', 'Bonfire']","₹8,612 per night",Like a 4 Star,Entire Apartment,| 2 Bedrooms | Sleeps 8 guests,CoupleFriendly
Canopy Homestay Galgibaga,Talpona Beach,Ends  in  18h:  12m:  05s,null,"['| 3 Bedrooms | Sleeps 12 guests', 'Private Swimming Pool']","₹1,753 per night",null,Room in a Homestay,| 1 Bedroom | Sleeps 4 guests,CoupleFriendlyFreeCancellationBook@₹0available
"La Vida Studio Inn, Baga, Goa By Lords Hotels and Resorts",Baga,| 2.4 km drive to Vagator Beach,null,"['Caretaker', 'Entire Apartment']","₹5,153 per night",null,null,null,CoupleFriendlyFreeCancellationBreakfastIncludedBook@₹0available
Ivy Retreat   Start,Baga,| 2.6 km drive to Benaulim Beach,null,"['| 2 Bedrooms | Sleeps 8 guests', 'Private Swimming Pool']","₹6,707 per night",null,Entire Apartment,| 2 Bedrooms | Sleeps 8 guests,CoupleFriendlyFreeCancellationBook@₹0available
B R Cottages,Palolem,| 870 m drive to Vagator Beach,null,"['Caretaker', '| 3 Bedrooms | Sleeps 12 guests']","₹2,697 per night",null,null,null,CoupleFriendlyFreeCancellationBook@₹0available
Lira Beach Place,Palolem,| 2.0 km drive to Palolem Beach,null,"['Shared Swimming Pool', 'Caretaker']","₹2,901 per night",null,null,null,CoupleFriendlyFreeCancellationBook@₹0available
Maria Paulo Guest House,Agonda,null,null,"['Entire Apartment', '| 2 Bedrooms | Sleeps 8 guests']","₹6,416 per night",null,null,null,FreeCancellationBook@₹0availablePurevegetarianrestaurantavailable!
Coral Stays Casa Del Sol 1bhk in Calangute,Calangute,null,null,"['Private Parking', 'Free Wi-Fi']","₹5,357 per night",null,Entire Apartment,| 1 Bedroom | Sleeps 4 guests,CoupleFriendlyFreeCancellationBook@₹0available
Kalki Stay,Siolim,| 4 minutes walk to Candolim Beach,null,"['Entire Villa', '| 3 Bedrooms | Sleeps 12 guests']","₹2,083 per night",null,Room in a Homestay,| 1 Bedroom | Sleeps 4 guests,
Bhoomi Sojourn Villa,Nerul,null,null,"['Private Swimming Pool', 'Caretaker']","₹7,563 per night",null,Entire Villa,| 4 Bedrooms | Sleeps 16 guests,CoupleFriendly
Villa Anjor | Villas By Noor,Bardez,| 1.3 km drive to Anjuna Beach,null,"['Entire Villa', '| 4 Bedrooms | Sleeps 16 guests']","₹24,215 per night",Like a 5 Star,Entire Villa,| 4 Bedrooms | Sleeps 16 guests,CoupleFriendlyBreakfastIncluded
Beach Comfort Apartment in Calangute,Calangute,| 1.3 km drive to Colva Beach,2.6,"['Housekeeping', 'Wi-Fi']","₹8,406 per night",null,Entire Apartment,| 3 Bedrooms | Sleeps 12 guests,
Highland Beach Resort Goa,Candolim,null,null,"['| 7 Bedrooms | Sleeps 28 guests', 'Swimming Pool']","₹5,470 per night",null,Entire Apartment,| 2 Bedrooms | Sleeps 8 guests,
B&F Meadows - Your Premier Apartment,Bardez,| About a minute walk to Agonda Beach,4.8,"['Caretaker', 'Room in a Homestay']","₹2,279 per night",null,Entire Apartment,| 1 Bedroom | Sleeps 4 guests,CoupleFriendly
Caju Grove  The Big Yellow Goan House,Bardez,null,null,"['| 1 Bedroom | Sleeps 4 guests', 'Shared Swimming Pool']","₹9,316 per night",Like a 3 Star,Room in a Villa,| 1 Bedroom | Sleeps 6 guests,
"Good Stay Beautiful 1bhk Apartment, Dabolim- T7-606",Mormugao,| 890 m drive to Calangute Beach,null,"['Kitchenette', 'Room in a Beach Hut']","₹2,569 per night",null,Entire Apartment,| 1 Bedroom | Sleeps 4 guests,CoupleFriendly
StayVista at ALMOK,Siolim,| 9 minutes walk to Anjuna Beach,null,"['| 1 Bedroom | Sleeps 4 guests', 'Shared Living Room']","₹11,922 per night",null,Entire Apartment,| 3 Bedrooms | Sleeps 12 guests,
Namasaly Home,Calangute,| About a minute walk to Anjuna Beach,null,"['Restaurant', 'Entire Apartment']","₹4,464 per night",null,Entire Apartment,| 2 Bedrooms | Sleeps 8 guests,
Prem Kunj,Assagao,| 8.4 km drive to Goa International Airport,null,"['| 2 Bedrooms | Sleeps 8 guests', 'Reception']","₹5,813 per night",null,Entire Apartment,| 3 Bedrooms | Sleeps 12 guests,CoupleFriendlyFreeCancellationBook@₹0available
"Melhor stays villa L-M 304 Luxurious 3bhk villa, Anjuna",Anjuna,| About a minute walk to Cabo De Rama Beach,null,"['Housekeeping', 'Entire Apartment']","₹21,172 per night",null,Entire Villa,| 3 Bedrooms | Sleeps 12 guests,CoupleFriendlyFreeCancellationBreakfastIncludedBook@₹0available
Cardozo Inn,Calangute,| 10 minutes walk to Morjim Beach,null,"['| 2 Bedrooms | Sleeps 8 guests', 'Swimming Pool']","₹6,317 per night",null,Room in an Apartment,| 1 Bedroom | Sleeps 5 guests,
SSS Holiday Apartment-2 BHK Apartment,Arpora,| 960 m drive to Calangute Beach,null,"['Reception', '| 3 Bedrooms | Sleeps 12 guests']","₹28,705 per night",null,Entire Apartment,| 1 Bedroom | Sleeps 4 guests,10%DiscountOnAirportTransfer
PRITHVI HOTELS AND RESORTS,Calangute,| About a minute walk to Morjim Beach,null,"['Private Swimming Pool', 'Caretaker']","₹3,468 per night",null,null,null,CoupleFriendly
Villa Samaara3 spacious villa 500mts from Candolim,Calangute,| 10 minutes walk to Anjuna Beach,3.9,"['| 4 Bedrooms | Sleeps 16 guests', 'Private Swimming Pool']","₹13,218 per night",Like a 3 Star,Entire Villa,| 3 Bedrooms | Sleeps 12 guests,"CoupleFriendlyEntirevillafeaturingakitchen,livingroom,parking&beachaccess"
Villa Mia Casa 3 BHK Pvt Pool Villa,Arpora,null,null,"['Private Kitchen', 'Entire Apartment']","₹39,415 per night",null,Entire Villa,| 3 Bedrooms | Sleeps 12 guests,FreeCancellation
lux and cozy 1 BHK serviced apartment in North Goa,Porvorim,| 1.3 km drive to Utorda Beach,null,"['| 2 Bedrooms | Sleeps 8 guests', 'Shared Swimming Pool']","₹5,968 per night",Like a 3 Star,Entire Apartment,| 1 Bedroom | Sleeps 4 guests,CoupleFriendly
2 BHK retreat with private pool in Goa,Siolim,| 2.3 km drive to Calangute Beach,null,"['Reception', 'Entire Villa']","₹13,280 per night",null,Entire Villa,| 3 Bedrooms | Sleeps 12 guests,CoupleFriendly
Casa Palacio Luxury Villa | JAQK Holidays,Baga,| 3.0 km drive to Mandrem Beach,null,"['| 5 Bedrooms | Sleeps 20 guests', 'Private Swimming Pool']","₹67,210 per night",null,Entire Villa,| 10 Bedrooms | Sleeps 40 guests,CoupleFriendly
O2H Beach Resort,Agonda,| 1.2 km drive to Calangute Beach,null,"['Entire Villa', '| 3 Bedrooms | Sleeps 12 guests']","₹12,164 per night",null,null,null,CoupleFriendlyBreakfastavailableatextracharges
104 One bedroom apt in calangute,Calangute,null,4.1,"['Private Living Room', 'Caretaker']","₹4,056 per night",null,Entire Apartment,| 1 Bedroom | Sleeps 4 guests,CoupleFriendly
Casper: Cozy 2BHK Retreat - Vagator,Vagator,| 5 minutes walk to Candolim Beach,null,"['Entire Apartment', '| 1 Bedroom | Sleeps 4 guests']","₹7,545 per night",null,Entire Apartment,| 2 Bedrooms | Sleeps 8 guests,CoupleFriendly
Olive Beach House,Talpona Beach,| 10 minutes walk to Morjim Beach,null,"['Swimming Pool', 'Wi-Fi']","₹7,090 per night",null,null,null,FreeCancellationBook@₹0available
Sea La Vie Baga,Baga,| 4 minutes walk to Baga Beach,null,"['Room in a Homestay', '| 1 Bedroom | Sleeps 4 guests']","₹2,519 per night",null,null,null,CoupleFriendlyFreeCancellationBook@₹0available
3BHK Villa With Private Pool & Concierge in Assagao,Assagao,| 1.2 km drive to Bogmalo Beach,null,"['Shared Swimming Pool', 'Shared Kitchen']","₹42,451 per night",null,Entire Villa,| 3 Bedrooms | Sleeps 12 guests,CoupleFriendlyFreeCancellation
1bhk cozy apartment in Arpora nr Circle of Dreams,Nagoa,| 2 minutes walk to Calangute Beach,null,"['| 3 Bedrooms | Sleeps 12 guests', 'Swimming Pool']","₹4,801 per night",null,Entire Apartment,| 1 Bedroom | Sleeps 4 guests,CoupleFriendlyFreeCancellationBook@₹0available
Comfy and cool 2 bhk in Monarch palms A002,Candolim,| 4-5 minutes walk from Palolem Beach,null,"['Caretaker', '| 4 Bedrooms | Sleeps 8 guests']","₹16,813 per night",null,Entire Apartment,| 2 Bedrooms | Sleeps 8 guests,FreeCancellationBook@₹0available
Blissful Grand 3BHK Villa Siolim,Siolim,| 9 minutes walk to Candolim Beach,null,"['Private Swimming Pool', 'Caretaker']","₹9,480 per night",null,Room in an Apartment,| 1 Bedroom | Sleeps 12 guests,CoupleFriendly
El Raso - 1 BHK at Parra by The Blue Kite (09),Bardez,| 5 minutes walk to Calangute Beach,4.2,"['| 2 Bedrooms | Sleeps 8 guests', 'Private Swimming Pool']","₹6,070 per night",Like a 4 Star,Entire Apartment,| 1 Bedroom | Sleeps 4 guests,CoupleFriendly
Two bedroom tropical haven,Arpora,| 2.0 km drive to Mandrem Beach,null,"['Caretaker', '| 4 Bedrooms | Sleeps 16 guests']","₹11,944 per night",null,Entire Apartment,| 2 Bedrooms | Sleeps 8 guests,CoupleFriendlyFreeCancellationBook@₹0available
2bhk pool villa beach Benaulim beach,Benaulim,| About a minute walk to Candolim Beach,null,"['Private Swimming Pool', 'Caretaker']","₹3,790 per night",null,Entire Villa,| 2 Bedrooms | Sleeps 8 guests,CoupleFriendlyFreeCancellationBook@₹0available
Cosy Studio Apartments  by Leela Homes,Arpora,null,null,"['Entire Villa', '| 3 Bedrooms | Sleeps 12 guests']","₹2,220 per night",null,Room in an Apartment,| 1 Bedroom | Sleeps 4 guests,
APRICOT INN NORTH GOA,North Goa,| 2.0 km drive to Candolim Beach,null,"['Private Swimming Pool', '| 2 Bedrooms | Sleeps 8 guests']","₹1,679 per night",null,Room in an Apartment,| 1 Bedroom | Sleeps 2 guests,CoupleFriendly
La Zamora - 3 BHK Private Pool Villa at Vagator by The Blue Kite (10),Vagator,| 1.4 km drive to Talpona Beach,4.5,"['Private Swimming Pool', 'Caretaker']","₹24,797 per night",Like a 5 Star,Entire Villa,| 3 Bedrooms | Sleeps 12 guests,CoupleFriendly
Magic Sand Beach Resort.,Arambol Beach,| 2.0 km drive to Baga Beach,null,"['Room in an Apartment', '| 1 Bedroom | Sleeps 4 guests']","₹4,110 per night",null,Room in a Cottage,| 1 Bedroom | Sleeps 3 guests,FreeCancellationBook@₹0available
Blissful Abodes,Agonda,| 1.1 km drive to Baga Beach,null,"['Power Backup', 'Wi-Fi']","₹5,165 per night",null,Entire Apartment,| 1 Bedroom | Sleeps 8 guests,CoupleFriendlyFreeCancellationBook@₹0available
Tamalisto,Morjim,| 2.4 km drive to Palolem Beach,null,"['Room in a Villa', '| 1 Bedroom | Sleeps 4 guests']","₹14,605 per night",null,null,null,CoupleFriendlyFreeCancellationBreakfastIncludedBook@₹0available
Santa Terra Studio Apartment at Reis Magos by The Blue Kite (03),Nerul,| About a minute walk to Palolem Beach,3.9,"['Barbeque', 'Bonfire']","₹5,988 per night",null,Entire Apartment,| 1 Bedroom | Sleeps 4 guests,CoupleFriendly
Rebecca Villa,Nerul,| 2 minutes walk to Agonda Beach,null,"['Entire Apartment', '| 2 Bedrooms | Sleeps 8 guests']","₹7,362 per night",null,Entire Villa,| 3 Bedrooms | Sleeps 12 guests,CoupleFriendly
A Perfect Home Stay In Goa,Bandoli,| 1.4 km drive to Calangute Beach,null,"['Shared Swimming Pool', 'Caretaker']","₹2,056 per night",null,Entire Apartment,| 2 Bedrooms | Sleeps 8 guests,CoupleFriendly
Resorte Ferro,Arpora,null,null,"['Entire Apartment', '| 3 Bedrooms | Sleeps 12 guests']","₹2,813 per night",null,Room in an Apartment,| 1 Bedroom | Sleeps 2 guests,CoupleFriendlyFreeCancellationBook@₹0availableBreakfastavailableatextracharges
"04-JenVin Luxury Homes - Pool view fully furnished 1 bedroom, WIFI, Gym- Baga, North Goa",Calangute,null,4.5,"['Private Swimming Pool', 'Caretaker']","₹5,645 per night",null,Entire Apartment,| 1 Bedroom | Sleeps 4 guests,
Mount Bungalows - Mount 4BR Lawn Villa,Calangute,null,null,"['| 1 Bedroom | Sleeps 4 guests', 'Caretaker']","₹67,750 per night",null,Entire Villa,| 4 Bedrooms | Sleeps 16 guests,CoupleFriendlyFreeCancellation
Luxurious 3 BHK with Pvt Pool in Goa,Vagator,| 9 minutes walk to Calangute Beach,null,"['Parking', 'Entire Apartment']","₹17,115 per night",null,Entire Villa,| 3 Bedrooms | Sleeps 12 guests,CoupleFriendly
Saga De Colosseum B 3BHK Private Pool Villa Anjuna,Arpora,| 8 minutes walk to Candolim Beach,4.5,"['| 2 Bedrooms | Sleeps 8 guests', 'Shared Swimming Pool']","₹22,131 per night",Like a 4 Star,Entire Villa,| 3 Bedrooms | Sleeps 12 guests,CoupleFriendly
Carmina guest house,Calangute,null,null,"['Caretaker', 'Entire Apartment']","₹2,709 per night",null,null,null,CoupleFriendlyFreeCancellationBook@₹0available
ama Stays and Trails Villa Eterna Goa,Bardez,null,null,"['| 2 Bedrooms | Sleeps 5 guests', 'Swimming Pool']","₹78,750 per night",Like a 5 Star,Entire Villa,| 5 Bedrooms | Sleeps 20 guests,"CoupleFriendlyBreakfastIncludedManagedbyTajHolidayVillageResort&Spa,Goa"
Couple Friendly 1BHK6 Goa Candolim Homestay WiFi AC Back Up,Candolim,| 2.2 km drive to Bogmalo Beach,null,"['Caretaker', '| 2 Bedrooms | Sleeps 8 guests']","₹2,840 per night",null,Entire Homestay,| 1 Bedroom | Sleeps 8 guests,CoupleFriendly
Jangala Resort,Baga,null,null,"['Shared Swimming Pool', 'Caretaker']","₹4,146 per night",null,null,null,CoupleFriendlyFreeCancellationBook@₹0available
Red Stone Heritage in Baga,Baga,| 1.6 km drive to Calangute Beach,null,"['Bar', '| 1 Bedroom | Sleeps 4 guests']","₹3,100 per night",null,Room in an Apartment,| 1 Bedroom | Sleeps 3 guests,FreeCancellationBook@₹0available
Villa Saudade,Arpora,null,null,"['Swimming Pool', 'Reception']","₹25,452 per night",null,Entire Villa,| 4 Bedrooms | Sleeps 16 guests,CoupleFriendly
Casa Mahua,Anjuna,null,null,"['Entire Apartment', '| 1 Bedroom | Sleeps 4 guests']","₹33,420 per night",null,Entire Homestay,| 3 Bedrooms | Sleeps 6 guests,
Sunset Bay 1BHK Pool Siolim,Siolim,| 9 minutes walk to Calangute Beach,4.3,"['Private Swimming Pool', 'Caretaker']","₹5,369 per night",null,Entire Apartment,| 1 Bedroom | Sleeps 4 guests,FreeCancellationBook@₹0available
Calangute Apartment with Pool,Calangute,| 2.0 km drive to Baga Beach,null,"['Entire Apartment', '| 2 Bedrooms | Sleeps 8 guests']","₹12,563 per night",Like a 3 Star,Entire Apartment,| 1 Bedroom | Sleeps 16 guests,
Olive 1 BHK Apartment by tisyastays,Candolim,| 3 minutes walk to Calangute Beach,null,"['Shared Swimming Pool', 'Caretaker']","₹4,910 per night",null,Entire Apartment,| 1 Bedroom | Sleeps 4 guests,CoupleFriendly
Villa Lumi - Villas by Noor,Bardez,| 4-5 minutes walk from Calangute Beach,null,"['Room in an Apartment', '| 1 Bedroom | Sleeps 3 guests']","₹27,556 per night",null,Entire Villa,| 4 Bedrooms | Sleeps 20 guests,CoupleFriendlyBreakfastIncluded
"Casa Mastimol, Canacona, South Goa",Canacona,null,null,"['Reception', 'Free Parking']","₹22,672 per night",null,Entire Villa,| 2 Bedrooms | Sleeps 8 guests,CoupleFriendly
"Amora - 4BHK Private Pool Villa Near Calangute By Vio Stays, Goa",Nagoa,null,null,"['Room in an Apartment', '| 1 Bedroom | Sleeps 4 guests']","₹24,136 per night",null,Entire Villa,| 4 Bedrooms | Sleeps 16 guests,CoupleFriendly
Off The Grid by Masaya Stays,South Goa,null,null,"['Housekeeping', 'Shared Parking']","₹2,17,340 per night",null,Entire Villa,| 6 Bedrooms | Sleeps 24 guests,CoupleFriendly
Matashree Beach huts Talpona,Talpona Beach,| 2.0 km drive to Baga Beach,null,"['Restaurant', 'Swimming Pool']","₹2,865 per night",null,Room in a Beach Hut,| 1 Bedroom | Sleeps 6 guests,
Staymaster Sea La Vie  Infinity Pool  Sea View,Nerul,| 1.1 km drive to Agonda Beach,null,"['Restaurant', 'Swimming Pool']","₹61,860 per night",Like a 5 Star,Entire Villa,| 5 Bedrooms | Sleeps 20 guests,CoupleFriendly
Rainforest V5 Casa Del Bosque,Assagao,| 1.3 km drive to Candolim Beach,null,"['Restaurant', '| 4 Bedrooms | Sleeps 22 guests']","₹57,490 per night",Like a 5 Star,Entire Villa,| 4 Bedrooms | Sleeps 14 guests,"CoupleFriendlyVillawithapool,livingroom,diningarea&parking"
Hotel 7 wonders by Morjim Sea Waves,Morjim,| 1.1 km drive to Vagator Beach,4,"['Private Swimming Pool', 'Caretaker']","₹2,461 per night",null,null,null,FreeCancellationBook@₹0availableBreakfastavailableatextracharges
Meadows Villa,Calangute,| 4 minutes walk to Talpona Beach,null,"['Room in a Homestay', '| 1 Bedroom | Sleeps 4 guests']","₹67,750 per night",null,Entire Villa,| 3 Bedrooms | Sleeps 12 guests,CoupleFriendly
Pi'Sence 2BHK | Pool | Nr Thalasa Anjuna Vagatr,Siolim,| 2 minutes walk to Baga Beach,null,"['Restaurant', 'Luggage Storage']","₹4,662 per night",null,Entire Apartment,| 2 Bedrooms | Sleeps 8 guests,
El Rosario- 2 BHK at Reis Magos by The Blue Kite (102),Bardez,null,null,"['Room in a Homestay', '| 1 Bedroom | Sleeps 5 guests']","₹9,012 per night",Like a 5 Star,Entire Apartment,| 2 Bedrooms | Sleeps 8 guests,CoupleFriendly
1 BHK Apartment with Rooftop Pool,Candolim,| 2.9 km drive to Calangute Beach,null,"['Caretaker', 'Free Parking']","₹5,093 per night",null,Entire Apartment,| 1 Bedroom | Sleeps 4 guests,CoupleFriendly
"Brand New 1-BHK Flat on Ground Floor, in Arpora",Arpora,| 1.3 km drive to Candolim Beach,null,"['Entire Apartment', '| 1 Bedroom | Sleeps 4 guests']","₹3,292 per night",null,Entire Apartment,| 1 Bedroom | Sleeps 6 guests,FreeCancellationBook@₹0available
Luna Garden Ashwem,North Goa,null,null,"['Shared Swimming Pool', 'Reception']","₹5,073 per night",null,Entire Apartment,| 2 Bedrooms | Sleeps 8 guests,CoupleFriendly
Benirosa Residency Homestay Apartments 3,Mormugao,null,null,"['Entire Villa', '| 3 Bedrooms | Sleeps 10 guests']","₹2,130 per night",null,Entire Homestay,| 1 Bedroom | Sleeps 4 guests,CoupleFriendlyFreeCancellationBook@₹0available
Pednekar Plaza Guest House,Baga,null,null,"['Shared Swimming Pool', 'Caretaker']","₹2,689 per night",null,null,null,CoupleFriendlyFreeCancellationBook@₹0available
Q Lite Calangute By GOQ Hotels,Calangute,| 1.3 km drive to Benaulim Beach,null,"['Room in an Apartment', '| 1 Bedroom | Sleeps 3 guests']","₹2,062 per night",null,null,null,FreeCancellationBook@₹0availableBreakfastavailableatextracharges
Mary Haven Beachway Guesthouse,Calangute,| 2.0 km drive to Baga Beach,null,"['Swimming Pool', 'Reception']","₹10,088 per night",null,Entire Homestay,| 2 Bedrooms | Sleeps 8 guests,CoupleFriendlyFreeCancellationBook@₹0available
Villa Moringa 4 BHK Private Pool,Assagao,| 9 minutes walk to Ashwem Beach,null,"['| 3 Bedrooms | Sleeps 12 guests', 'Private Swimming Pool']","₹17,276 per night",null,Entire Villa,| 4 Bedrooms | Sleeps 16 guests,CoupleFriendlyFreeCancellationBook@₹0available10%DiscountonAirportTransfer
Casa De Fernandes Flavia Goa,Nerul,| 2.5 km drive to Vagator Beach,4.7,"['Caretaker', 'null']","₹1,276 per night",null,Entire Apartment,| 1 Bedroom | Sleeps 3 guests,CoupleFriendlyFreeCancellationBook@₹0available
2 BHK Exotic Apartment with Pool Anjuna  Vagator,Anjuna,| 3.0 km drive to Mandrem Beach,3.6,"['| 2 Bedrooms | Sleeps 8 guests', 'Shared Swimming Pool']","₹5,049 per night",null,Entire Apartment,| 2 Bedrooms | Sleeps 5 guests,FreeCancellationBook@₹0available
The Mayfield Beach Resort & Spa,Calangute Baga Road,| 940 m drive to Agonda Beach,null,"['Caretaker', 'Entire Apartment']","₹5,822 per night",null,Room in a Homestay,| 1 Bedroom | Sleeps 6 guests,CoupleFriendlyFreeCancellationBreakfastIncludedBook@₹0available
Rainforest  - SEIS Villa 1 - 4 BHK Private Pool Villa,Arpora,| About a minute walk to Morjim Beach,4.3,"['| 5 Bedrooms | Sleeps 20 guests', 'Reception']","₹55,898 per night",null,Entire Villa,| 4 Bedrooms | Sleeps 16 guests,"CoupleFriendlyVillawithapool,gazebo,livingroom,kitchen&parking"
Camp Sanfransico Beach Resort,Palolem,null,null,"['24-hour Security', 'Entire Apartment']","₹3,525 per night",null,Room in a Cottage,| 1 Bedroom | Sleeps 4 guests,CoupleFriendly
Sanfrancisco Holiday Homes,Candolim,null,null,"['| 1 Bedroom | Sleeps 4 guests', '24-hour Security']","₹8,217 per night",null,Room in an Apartment,| 1 Bedroom | Sleeps 3 guests,
Rados Holiday Home,Baga,null,null,"['Housekeeping', 'Entire Apartment']","₹10,828 per night",null,Entire Apartment,| 1 Bedroom | Sleeps 4 guests,FreeCancellation
Comfort  holiday homes Anjuna,Anjuna,| 3.0 km drive to Baga Beach,3.9,"['| 1 Bedroom | Sleeps 4 guests', 'Shared Swimming Pool']","₹29,048 per night",null,Room in a Homestay,| 1 Bedroom | Sleeps 4 guests,FreeCancellationBook@₹0available
Amazonika villa,Arpora,| 9 minutes walk to Calangute Beach,null,"['Reception', '| 3 Bedrooms | Sleeps 12 guests']","₹22,326 per night",Like a 3 Star,Entire Villa,| 6 Bedrooms | Sleeps 24 guests,CoupleFriendlyBreakfastIncluded
Rio De Grande Patnem Beach,Palolem,| 1.7 km drive to Calangute Beach,null,"['Private Swimming Pool', 'Caretaker']","₹4,184 per night",null,null,null,CoupleFriendly
Lavish 2bhk Apartment near Palolem Beach,Palolem,| 2.5 km drive to Vagator Beach,4.5,"['Entire Apartment', '| 2 Bedrooms | Sleeps 8 guests']","₹7,613 per night",null,Entire Apartment,| 2 Bedrooms | Sleeps 8 guests,CoupleFriendly
Saldana Kyle Gardens Luxury Apartment,Calangute,| 2.8 km drive to Baga Beach,null,"['Housekeeping', 'Free Wi-Fi']","₹6,709 per night",null,Entire Apartment,| 2 Bedrooms | Sleeps 8 guests,
Kepler Villa By AT Hotel Collection,Benaulim,| 2 minutes walk to Calangute Beach,null,"['Entire Apartment', '| 2 Bedrooms | Sleeps 8 guests']","₹8,213 per night",null,Entire Villa,| 3 Bedrooms | Sleeps 12 guests,CoupleFriendly
Casa Camotim,Goa,null,null,"['Housekeeping', 'Caretaker']","₹6,975 per night",null,Entire Farmhouse,| 3 Bedrooms | Sleeps 12 guests,CoupleFriendlyFreeCancellationBook@₹0available
Delta Housse by Oceanic Knight,Calangute,| 1.5 km drive to Candolim Beach,null,"['Entire Apartment', '| 1 Bedroom | Sleeps 4 guests']","₹8,469 per night",null,Room in an Apartment,| 1 Bedroom | Sleeps 4 guests,FreeCancellationBook@₹0available
Vijay Holiday Homes,Calangute,| 1.2 km drive to Baga Beach,null,"['Shared Parking', 'Power Backup']","₹3,432 per night",null,Room in a Homestay,| 1 Bedroom | Sleeps 4 guests,CoupleFriendly
StayVista at Tellado Canto,Siolim,| 7 minutes walk to Baga Beach,null,"['| 2 Bedrooms | Sleeps 12 guests', 'Reception']","₹37,139 per night",null,Entire Villa,| 4 Bedrooms | Sleeps 16 guests,CoupleFriendly
La Soria - 2 BHK Pool Villa at Assagao by The Blue Kite (02),Assagao,| 2.3 km drive to Baga Beach,null,"['Housekeeping', 'Room in an Apartment']","₹19,988 per night",Like a 5 Star,Entire Villa,| 2 Bedrooms | Sleeps 8 guests,CoupleFriendly
Aurelia Heaven Retreat Goa,Arambol,| 8 minutes walk to Anjuna Beach,null,"['| 1 Bedroom | Sleeps 4 guests', 'Reception']","₹2,622 per night",null,null,null,FreeCancellationBreakfastIncludedBook@₹0available
Shiva Home Stays,North Goa,Ends  in  03h:  08m:  11s,null,"['Free Wi-Fi', 'Entire Apartment']","₹1,531 per night",null,Entire Homestay,| 1 Bedroom | Sleeps 4 guests,
Saga De ArboriaV3 Luxurious 5BHK PrivatePool Villa,Baga,| 9 minutes walk to Calangute Beach,null,"['| 2 Bedrooms | Sleeps 6 guests', 'Housekeeping']","₹34,688 per night",Like a 3 Star,Entire Villa,| 5 Bedrooms | Sleeps 20 guests,CoupleFriendly
": Luxe Suite Apartment in a 4 Star Hotel, Candolim | Hireavilla",Candolim,| 1.2 km drive to Candolim Beach,null,"['Caretaker', 'Restaurant']","₹11,140 per night",null,Entire Apartment,| 1 Bedroom | Sleeps 4 guests,
Wood Words Arambol,Arambol Beach,null,null,"['Room in a Homestay', '| 1 Bedroom | Sleeps 4 guests']","₹1,942 per night",null,Room in a Beach Hut,| 1 Bedroom | Sleeps 4 guests,CoupleFriendlyFreeCancellationBook@₹0available
Amanjuna 5BHK Private Pool Villa,Anjuna,null,4.4,"['Pool/ Beach towels', 'Caretaker']","₹26,676 per night",Like a 4 Star,Entire Villa,| 5 Bedrooms | Sleeps 20 guests,
"Saga De Petra C, 3BHK Villa in the Heart of Anjuna",Anjuna,null,null,"['| 5 Bedrooms | Sleeps 20 guests', 'Shared Swimming Pool']","₹15,145 per night",Like a 3 Star,Entire Villa,| 3 Bedrooms | Sleeps 12 guests,CoupleFriendly
Hotel Arambol Paradise,Arambol,null,null,"['Housekeeping', 'Entire Villa']","₹2,720 per night",null,null,null,CoupleFriendly
DA to 2BHK DA1 AC Goa Homestay 700m fm Candolim Beach Wi FI Back Up,Candolim,| 3 minutes walk to Talpona Beach,null,"['| 3 Bedrooms | Sleeps 12 guests', 'Private Swimming Pool']","₹4,881 per night",null,Entire Homestay,| 2 Bedrooms | Sleeps 8 guests,CoupleFriendly
2BHK Sea view Villa on Talpona Beach,Talpona Beach,null,4.2,"['Private Kitchen', 'Room in a Homestay']","₹10,466 per night",Like a 3 Star,Entire Homestay,| 2 Bedrooms | Sleeps 8 guests,CoupleFriendly
Portuguese style modern villa in calangute beach,Calangute,null,null,"['| 1 Bedroom | Sleeps 8 guests', 'Kitchenette']","₹29,313 per night",null,Entire Villa,| 6 Bedrooms | Sleeps 24 guests,"CoupleFriendlyEntire2BHKvillawithapool,kitchen,livingroom,terrace&parking"
Shiloh by Tru Voya | 3BHK Luxury Private Pool Villa,Assagao,| About a minute walk to Morjim Beach,null,"['Living Room', '| 1 Bedroom | Sleeps 3 guests']","₹29,217 per night",null,Entire Villa,| 3 Bedrooms | Sleeps 12 guests,CoupleFriendly
Sea escape by coral BnB,Mormugao,Ends  in  18h:  13m:  06s,4.3,"['Caretaker', 'Housekeeping']","₹5,064 per night",null,Entire Apartment,| 2 Bedrooms | Sleeps 8 guests,CoupleFriendly
La Perla Resort by Circle Hotels & Resort,Morjim,| 9 minutes walk to Calangute Beach,null,"['| 2 Bedrooms | Sleeps 8 guests', 'Shared Swimming Pool']","₹3,928 per night",null,null,null,CoupleFriendlyBreakfastavailableatextracharges
Green Sky AC Rooms,Calangute,null,null,"['Pool/ Beach towels', '| 4 Bedrooms | Sleeps 16 guests']","₹6,708 per night",null,Room in an Apartment,| 1 Bedroom | Sleeps 3 guests,
Rainforest Aquamarinne 4 BHK RiverFront Private Pool Villa,Candolim,null,3.9,"['Private Living Room', 'Air Conditioning']","₹64,125 per night",null,Entire Villa,| 4 Bedrooms | Sleeps 16 guests,"CoupleFriendlyPoolvillawithalivingroom,kitchen,gazebo&riverviews"
Nimai Nest- Double Bedroom Studio,North Goa,null,4.1,"['| 1 Bedroom | Sleeps 2 guests', 'Bonfire']","₹18,225 per night",null,Room in an Apartment,| 1 Bedroom | Sleeps 8 guests,
Casa Pamiya by tisyastays,Siolim,| 2.3 km drive to Baga Beach,null,"['Caretaker', 'Room in a Villa']","₹21,771 per night",null,Entire Villa,| 3 Bedrooms | Sleeps 12 guests,CoupleFriendly
Palm Beach Lifestyle Resort Managed by Anusaksh Solutions,Agonda,| 1.2 km drive to Ashwem Beach,null,"['| 1 Bedroom | Sleeps 10 guests', 'Swimming Pool']","₹5,129 per night",null,Room in a Cottage,| 1 Bedroom | Sleeps 4 guests,BreakfastIncluded
Casa Villassa,Assagao,null,null,"['Living Room', 'Entire Villa']","₹8,617 per night",null,Entire Apartment,| 2 Bedrooms | Sleeps 8 guests,CoupleFriendlyFreeCancellationBook@₹0available
1BHK apartment with Swimming pool and Kitchen,Calangute,| 8 minutes walk to Baga Beach,3.7,"['| 2 Bedrooms | Sleeps 4 guests', 'Housekeeping']","₹13,892 per night",null,Entire Apartment,| 1 Bedroom | Sleeps 4 guests,CoupleFriendly
Birdsong 2 BHK condo Assagaon,Assagao,| 2.3 km drive to Calangute Beach,null,"['Free Wi-Fi', '| 1 Bedroom']","₹41,344 per night",null,Entire Apartment,| 2 Bedrooms | Sleeps 8 guests,CoupleFriendly
El Raso - 1 BHK at Parra by The Blue Kite (106),Bardez,| 980 m drive to Calangute Beach,4.5,"['Reception', 'Housekeeping']","₹6,348 per night",null,Entire Apartment,| 1 Bedroom | Sleeps 4 guests,CoupleFriendly
Santa terra 05,Nerul,Ends  in  03h:  08m:  32s,null,"['Entire Apartment', '| 3 Bedrooms | Sleeps 12 guests']","₹8,763 per night",null,Entire Apartment,| 1 Bedroom | Sleeps 4 guests,CoupleFriendly
River Deck Baga,Baga,| 2.5 km drive to Candolim Beach,null,"['Private Swimming Pool', 'Housekeeping']","₹5,443 per night",null,null,null,CoupleFriendlyFreeCancellationBook@₹0availableBreakfastavailableatextracharges10%offonFood&Beverages
Casa Coconut 3BHK with pvt pool Nr Vagator,Bardez,| 8 minutes walk to Anjuna Beach,null,"['Indoor Games', 'Restaurant']","₹55,047 per night",null,Entire Villa,| 3 Bedrooms | Sleeps 12 guests,
ELIVAAS 4 BHK with Pvt Pool & Entertainment Room | Indah,Bardez,| 7 minutes walk to Calangute Beach,4.6,"['Entire Villa', '| 3 Bedrooms | Sleeps 12 guests']","₹26,624 per night",Like a 5 Star,Entire Villa,| 4 Bedrooms | Sleeps 16 guests,"CoupleFriendly4BHKvillawithatheatreroom,privatepool&plushlawn"
Sunshine Apartment,Palolem,null,null,"['Private Swimming Pool', 'Caretaker']","₹2,769 per night",null,Entire Apartment,| 1 Bedroom | Sleeps 4 guests,CoupleFriendlyBreakfastIncluded
Elegant 4bhk stay with pool near the major beaches 2BHKX2,Vagator,| 7 minutes walk to Palolem Beach,null,"['Entire Apartment', '| 3 Bedrooms | Sleeps 12 guests']","₹18,044 per night",null,Entire Apartment,| 4 Bedrooms | Sleeps 16 guests,CoupleFriendly
Kyle Garden Apartment - A1-202,Calangute,| 8 minutes walk to Candolim Beach,4.4,"['Shared Swimming Pool', 'Reception']","₹11,079 per night",null,Entire Apartment,| 1 Bedroom | Sleeps 4 guests,
Autumn House by BlackBuck,Arambol,| 8 minutes walk to Baga Beach,null,"['Restaurant', '24-hour Room Service']","₹1,412 per night",null,Room in an Apartment,| 1 Bedroom | Sleeps 3 guests,CoupleFriendly
Hotel O Om Babu Guest House,Arpora,| 3 minutes walk to Anjuna Beach,null,"['| 2 Bedrooms | Sleeps 12 guests', 'Shared Swimming Pool']","₹3,845 per night",null,null,null,CoupleFriendlyFreeCancellationBook@₹0availableDistributedbyOYO
La Bliss 5bhk by Basil Stays,Nerul,null,null,"['Caretaker', '| 1 Bedroom | Sleeps 4 guests']","₹66,977 per night",null,Entire Villa,| 5 Bedrooms | Sleeps 20 guests,
Hill & Garden View Stay,Arpora,| 2.2 km drive to Palolem Beach,null,"['Caretaker', 'Housekeeping']","₹4,850 per night",null,Entire Villa,| 1 Bedroom | Sleeps 6 guests,
Villa Sea Walk II 5BHK Villa Near the Beach,Candolim,| 1.2 km drive to Palolem Beach,null,"['Room in an Apartment', '| 1 Bedroom | Sleeps 1 guest']","₹14,512 per night",null,Entire Villa,| 5 Bedrooms | Sleeps 20 guests,CoupleFriendlyFreeCancellationBook@₹0available
Guddan holiday Home,Calangute,| 890 m drive to Calangute Beach,null,"['Housekeeping', 'Shared Parking']","₹2,274 per night",null,Room in a Homestay,| 1 Bedroom | Sleeps 4 guests,
Sea View Private Swimming Pool with Luxury Chalet,Goa,| 1.7 km drive to Sernabatim Beach,null,"['| 4 Bedrooms | Sleeps 16 guests', 'Private Swimming Pool']","₹7,800 per night",Like a 5 Star,Room in a Cottage,| 1 Bedroom | Sleeps 4 guests,CoupleFriendlyBreakfastIncluded
LohonoStays Villa Regato C,Siolim,null,null,"['Caretaker', 'Entire Apartment']","₹38,132 per night",Like a 5 Star,Entire Villa,| 3 Bedrooms | Sleeps 12 guests,CoupleFriendlyBreakfastIncluded
FabHotel After Shore,Baga,| About a minute walk to Calangute Beach,null,"['| 3 Bedrooms | Sleeps 12 guests', 'Private Swimming Pool']","₹1,777 per night",null,null,null,CoupleFriendlyFreeCancellationBook@₹0availableBreakfastavailableatextracharges
"Luxurystays: Panache 9, 5-BHK Villa with Private Pool",Orlim,| 1.5 km drive to Calangute Beach,null,"['Caretaker', 'Entire Villa']","₹32,156 per night",null,Entire Villa,| 5 Bedrooms | Sleeps 28 guests,
Serenity Villa by Masto Goa,Bardez,Ends  in  03h:  08m:  43s,null,"['| 3 Bedrooms | Sleeps 12 guests', 'Swimming Pool']","₹36,750 per night",null,Entire Villa,| 4 Bedrooms | Sleeps 14 guests,CoupleFriendly
Blue Moon Suites,Calangute,null,null,"['Housekeeping', 'Swimming Pool']","₹4,211 per night",null,Room in an Apartment,| 1 Bedroom | Sleeps 4 guests,CoupleFriendly
"Sparkling 2bhk apartment with Pool, wi-fi, parking",Vagator,| 2.0 km drive to Mandrem Beach,null,"['| 1 Bedroom | Sleeps 4 guests', 'Luggage Storage']","₹7,312 per night",null,Entire Apartment,| 2 Bedrooms | Sleeps 8 guests,CoupleFriendly
2BHK 10 min drive to GOI airport & beach @ Dabolim 3103,Mormugao,null,null,"['Seating Area', '| 4 Bedrooms | Sleeps 16 guests']","₹5,896 per night",null,Entire Apartment,| 2 Bedrooms | Sleeps 8 guests,
Rainforest Milroc 6 bhk Luxury Villa,Nerul,| 2.0 km drive to Baga Beach,null,"['Shared Swimming Pool', 'Caretaker']","₹92,317 per night",null,Entire Villa,| 6 Bedrooms | Sleeps 24 guests,CoupleFriendly
GS Home on the bay,Siolim,| 1.1 km drive to Candolim Beach,null,"['Entire Apartment', '| 2 Bedrooms | Sleeps 8 guests']","₹4,883 per night",null,Room in an Apartment,| 1 Bedroom | Sleeps 3 guests,CoupleFriendly
VIANAAR EL ROCIO VILLA NO 3,Assagao,| 2.5 km drive to Mandrem Beach,null,"['Shared Swimming Pool', 'Free Wi-Fi']","₹29,006 per night",null,Entire Villa,| 1 Bedroom | Sleeps 4 guests,
Villa Nea | Villas By Noor,Bardez,| 2.1 km drive to Anjuna Beach,null,"['Entire Apartment', '| 2 Bedrooms | Sleeps 8 guests']","₹23,075 per night",Like a 5 Star,Entire Villa,| 4 Bedrooms | Sleeps 16 guests,CoupleFriendlyBreakfastIncluded
Saldhana Palms by SJ Hospitality,Candolim,| 1.9 km drive to Anjuna Beach,null,"['Shared Swimming Pool', 'Caretaker']","₹1,751 per night",null,Room in an Apartment,| 1 Bedroom | Sleeps 4 guests,CoupleFriendlyFreeCancellationBook@₹0available
Ritali - 4 BHK Private Pool Paddy View Villa By Vio Stays,Siolim,| 2.6 km drive to Mandrem Beach,null,"['Room in an Apartment', '| 1 Bedroom | Sleeps 4 guests']","₹25,276 per night",Like a 4 Star,Entire Villa,| 4 Bedrooms | Sleeps 18 guests,CoupleFriendly
Hotel O Casa De Elevterio,South Goa,| 6 minutes walk to Candolim Beach,null,"['Reception', 'Housekeeping']","₹2,285 per night",null,null,null,CoupleFriendlyFreeCancellationBook@₹0available
Shree Rajeshwari Resort,Morjim,| 2 minutes walk to Talpona Beach,null,"['Room in an Apartment', '| 1 Bedroom | Sleeps 4 guests']","₹2,585 per night",null,Room in a Villa,| 1 Bedroom | Sleeps 4 guests,FreeCancellationBook@₹0available
Visao De Campo - By the White Hous,Bardez,| 9 minutes walk to Calangute Beach,null,"['24-hour Security', 'Housekeeping']","₹4,188 per night",null,Entire Villa,| 1 Bedroom | Sleeps 4 guests,CoupleFriendly
"Melhor Stays villa L-M108 Luxurious 4BHK villas with private pool, Anjuna",Anjuna,null,null,"['Room in an Apartment', '| 1 Bedroom | Sleeps 4 guests']","₹32,156 per night",null,Entire Villa,| 4 Bedrooms | Sleeps 16 guests,CoupleFriendlyBreakfastIncluded
El Arbol - 2 BHK Near Candolim by The Blue Kite (208),Nerul,| 6.8 km drive to Goa International Airport,4.2,"['Reception', 'Housekeeping']","₹9,768 per night",Like a 4 Star,Entire Apartment,| 2 Bedrooms | Sleeps 8 guests,
ama Stays & Trails | Palmeira de Saligao Goa,Bardez,| 1.3 km drive to Morjim Beach,4.5,"['Room in a Homestay', '| 1 Bedroom | Sleeps 3 guests']","₹72,000 per night",null,Entire Villa,| 4 Bedrooms | Sleeps 16 guests,"CoupleFriendlyBreakfastIncludedManagedbyTajHolidayVillageResort&Spa,Goa"
CocoVilde Arambol,Arambol,| 9 minutes walk to Calangute Beach,null,"['Caretaker', 'Luggage Storage']","₹1,492 per night",null,Entire Homestay,| 1 Bedroom | Sleeps 4 guests,CoupleFriendly
Holy Trinity Beach Guest House,Calangute,null,null,"['Room in a Homestay', '| 1 Bedroom | Sleeps 6 guests']","₹3,730 per night",null,Room in a Homestay,| 1 Bedroom | Sleeps 4 guests,CoupleFriendly
La Macedo  -  3 BHK Private Pool Villa at Assagao by The Blue Kite (05),Assagao,| 1.5 km drive to Mandrem Beach,null,"['Caretaker', 'Luggage Storage']","₹26,359 per night",Like a 5 Star,Entire Villa,| 3 Bedrooms | Sleeps 12 guests,CoupleFriendly
SV 4BHK VILLA MONTANA with Private Pool,Anjuna,null,null,"['Entire Villa', '| 3 Bedrooms | Sleeps 12 guests']","₹76,219 per night",null,Entire Villa,| 4 Bedrooms | Sleeps 16 guests,
Wave Martini by Casa Bella,Siolim,| About a minute walk to Agonda Beach,4.3,"['Private Swimming Pool', 'Caretaker']","₹3,404 per night",null,Entire Apartment,| 1 Bedroom | Sleeps 4 guests,CoupleFriendlyFreeCancellationBook@₹0available
Lar de Ferias,Siolim,null,null,"['Entire Apartment', '| 4 Bedrooms | Sleeps 16 guests']","₹7,207 per night",null,Entire Apartment,| 2 Bedrooms | Sleeps 8 guests,CoupleFriendly
Beachwalk 1bhk Apartment Candolim,Candolim,| 1.6 km drive to Calangute Beach,null,"['Shared Swimming Pool', 'Caretaker']","₹5,786 per night",null,Entire Apartment,| 1 Bedroom | Sleeps 4 guests,CoupleFriendly
Sagum Villa,Baga,null,null,"['| 2 Bedrooms | Sleeps 8 guests', 'Housekeeping']","₹23,713 per night",null,Entire Villa,| 3 Bedrooms | Sleeps 12 guests,FreeCancellationBook@₹0available
ELIVAAS 3 BHK with Pvt Pool | Azalea,Siolim,null,null,"['Caretaker', 'Room in an Apartment']","₹15,262 per night",Like a 5 Star,Entire Villa,| 3 Bedrooms | Sleeps 12 guests,CoupleFriendly
Safe homes,Vagator,null,null,"['| 1 Bedroom | Sleeps 4 guests', 'Luggage Assistance']","₹18,600 per night",null,Entire Homestay,| 3 Bedrooms | Sleeps 12 guests,CoupleFriendlyFreeCancellationBook@₹0available
"Lazy Frog Guesthouse Carmona, Goa",South Goa,| 960 m drive to Baga Beach,null,"['Paid Wi-Fi', 'Caretaker']","₹2,698 per night",Like a 3 Star,Room in an Apartment,| 1 Bedroom | Sleeps 3 guests,CoupleFriendly
Peaceful Stay in a 2 BHK Villa,Anjuna,null,null,"['Swimming Pool', 'Kids Play Area']","₹47,891 per night",null,Entire Villa,| 2 Bedrooms | Sleeps 8 guests,
ELIVAAS 4 BHK with Pvt Pool | Amado Villa Euphoria,Assagao,null,null,"['Vehicle Rentals', 'Entire Apartment']","₹34,565 per night",null,Entire Villa,| 4 Bedrooms | Sleeps 16 guests,CoupleFriendly
"S - 2, ,Rajvihar Co-operative Housing Society",Margao,| 1.1 km drive to Palolem Beach,null,"['| 1 Bedroom | Sleeps 7 guests', 'Caretaker']","₹17,825 per night",null,Entire Apartment,| 2 Bedrooms | Sleeps 8 guests,CoupleFriendly
Villa Meraki - Lux Villa w Pool near Goa's Top Spots,Assagao,| 2.7 km drive to Vagator Beach,null,"['Housekeeping', 'Gym']","₹27,563 per night",null,Entire Villa,| 4 Bedrooms | Sleeps 16 guests,FreeCancellationBook@₹0available
Hill View 3bhk Villa,Candolim,| 4-5 minutes walk from Calangute Beach,null,"['| 1 Bedroom | Sleeps 4 guests', 'Free Parking']","₹47,891 per night",null,Entire Villa,| 3 Bedrooms | Sleeps 12 guests,CoupleFriendlyFreeCancellation
Dreamz Homestay in Goa,Candolim,| 3.0 km drive to Mandrem Beach,null,"['Air Conditioning', 'Gym']","₹7,543 per night",null,Entire Apartment,| 1 Bedroom | Sleeps 4 guests,
Couple Friendly 1BHK3 Goa Candolim Homestay WiFi AC Back Up,Candolim,| 2.6 km drive to Baga Beach,null,"['Swimming Pool', 'Lounge']","₹2,751 per night",null,Entire Homestay,| 1 Bedroom | Sleeps 6 guests,CoupleFriendlyFreeCancellationBook@₹0available
Little Diva 1 @Villa Goa I 2 BHK Homestay,Candolim,| 2.3 km drive to Candolim Beach,null,"['Room in a Homestay', '| 1 Bedroom | Sleeps 8 guests']","₹34,071 per night",null,Entire Homestay,| 2 Bedrooms | Sleeps 8 guests,"BreakfastIncludedEntirehomestayofferingacaretaker,Wi-Fi&parking"
Rainforest Casa Azure 1 BHK Apartment,Calangute,| 2.8 km drive to Baga Beach,null,"['Caretaker', 'Spa']","₹6,474 per night",Like a 4 Star,Entire Apartment,| 1 Bedroom | Sleeps 3 guests,CoupleFriendlyPet-friendlypropertyinacentrallocation
StayVista at Baia Alondra,North Goa,| 4 minutes walk to Candolim Beach,null,"['Swimming Pool', 'Bar']","₹25,325 per night",null,Entire Villa,| 3 Bedrooms | Sleeps 12 guests,
Sangoz 2 bhk near Baga by Limestays,Arpora,null,4.4,"['Swimming Pool', 'Indoor Games']","₹14,502 per night",null,Entire Apartment,| 2 Bedrooms | Sleeps 8 guests,
Cosmos Inn,Candolim,| 6 minutes walk to Palolem Beach,null,"['Entire Apartment', '| 1 Bedroom | Sleeps 4 guests']","₹3,372 per night",Like a 3 Star,Entire Apartment,| 1 Bedroom | Sleeps 4 guests,
Coco Vilde Dorms Arambol,Arambol,Ends  in  03h:  09m:  13s,null,"['Paid Wi-Fi', 'Shared Kitchen']","₹1,839 per night",null,Entire Homestay,| 2 Bedrooms | Sleeps 4 guests,
Aalia Villas Anjuna by Aalia Collection,Anjuna,null,5,"['Swimming Pool', 'Restaurant']","₹50,495 per night",null,Room in a Villa,| 1 Bedroom | Sleeps 7 guests,"CoupleFriendlyBreakfastIncludedPoolvillawithakitchen,airyinteriors&adiningarea"
Hotel O Aqua Service Apartments,Bardez,| 5 minutes walk to Baga Beach,null,"['Restaurant', 'Bar']","₹4,052 per night",null,null,null,CoupleFriendlyFreeCancellationBook@₹0available
La Sea Beach Vue,Candolim,| 970 m drive to Varca Beach,null,"['Caretaker', 'Lawn']","₹3,117 per night",null,null,null,CoupleFriendlyFreeCancellationBreakfastIncludedBook@₹0available
Whistling Waters,Siolim,null,null,"['| 1 Bedroom | Sleeps 4 guests', 'Pool/ Beach towels']","₹7,918 per night",null,Entire Apartment,| 1 Bedroom | Sleeps 4 guests,CoupleFriendlyFreeCancellationBook@₹0available
Samaria Stays Calangute,Calangute,| 1.6 km drive to Calangute Beach,null,"['Free Wi-Fi', 'Room in an Apartment']","₹4,063 per night",null,Room in an Apartment,| 1 Bedroom | Sleeps 3 guests,CoupleFriendlyFreeCancellationBook@₹0available
1BHK Studio with Pvt Jacuzzi by tisyastays,Nerul,| 2.7 km drive to Vagator Beach,null,"['| 1 Bedroom | Sleeps 2 guests', 'Reception']","₹12,758 per night",Like a 4 Star,Entire Apartment,| 1 Bedroom | Sleeps 4 guests,CoupleFriendly
Casa De Suenos - 3BHK | Baga,Arpora,| 6.8 km drive to Goa International Airport,null,"['Wi-Fi', 'Room in an Apartment']","₹9,789 per night",null,Entire Homestay,| 3 Bedrooms | Sleeps 12 guests,CoupleFriendly
La Soria - 2 BHK Pool Villa at Assagao by The Blue Kite (01),Assagao,null,null,"['| 1 Bedroom | Sleeps 2 guests', 'Reception']","₹21,128 per night",Like a 5 Star,Entire Villa,| 2 Bedrooms | Sleeps 8 guests,CoupleFriendly
Luna : 2bhk Apartment in Arpora,Arpora,| 2.4 km drive to Vagator Beach,null,"['Free Wi-Fi', 'Room in a Villa']","₹8,591 per night",null,Entire Apartment,| 2 Bedrooms | Sleeps 8 guests,CoupleFriendly
Rivera Hermitage Ocean Breeze,Arpora,null,null,"['| 1 Bedroom | Sleeps 4 guests', 'Wi-Fi']","₹4,297 per night",null,Entire Apartment,| 1 Bedroom | Sleeps 6 guests,CoupleFriendly
Hotel O Etllina Valley Villa,North Goa,null,null,"['Kitchenette', 'Restaurant']","₹3,668 per night",null,null,null,CoupleFriendlyFreeCancellationBreakfastIncludedBook@₹0available100%MoneyBackGuaranteeonServiceRelatedIssues
ROW HOUSE,Panjim,| 3 minutes walk to Candolim Beach,null,"['Room in a Cottage', '| 1 Bedroom | Sleeps 4 guests']","₹4,911 per night",null,Entire Homestay,| 3 Bedrooms | Sleeps 14 guests,FreeCancellationBook@₹0available
Villa Nora | Villas By Noor,Bardez,null,null,"['Shared Swimming Pool', 'Housekeeping']","₹51,079 per night",Like a 5 Star,Entire Villa,| 4 Bedrooms | Sleeps 20 guests,"CoupleFriendlyBreakfastIncludedPet-friendlyvillawithanoutdoorpool,aspa&aprivatechef"
Skys Heaven,Benaulim,null,null,"['Room in a Homestay', '| 1 Bedroom | Sleeps 4 guests']","₹19,951 per night",null,Entire Villa,| 3 Bedrooms | Sleeps 12 guests,CoupleFriendlyFreeCancellationBook@₹0available
Greenwood 1BHK by Rightstay in Candolim,Candolim,| About a minute walk to Morjim Beach,null,"['Pool/ Beach towels', 'Bonfire']","₹3,795 per night",null,Entire Apartment,| 1 Bedroom | Sleeps 4 guests,CoupleFriendly
White Castle Morjim Sea View,Morjim,null,null,"['Entire Homestay', '| 1 Bedroom | Sleeps 4 guests']","₹8,469 per night",null,Entire Villa,| 4 Bedrooms | Sleeps 8 guests,CoupleFriendlyFreeCancellationBook@₹0available
Havana By DanCenter - 3BHK Villa In Siolim,Siolim,null,null,"['Private Swimming Pool', 'Private Kitchen']","₹26,299 per night",null,null,null,CoupleFriendlyFreeCancellationBook@₹0available
Casa Yna by tisyastays,Nerul,null,4.5,"['Caretaker', 'Lawn']","₹25,138 per night",null,Entire Villa,| 3 Bedrooms | Sleeps 12 guests,CoupleFriendly
Echo - Classy 3bhk Villa,Vagator,null,null,"['Room in a Homestay', '| 1 Bedroom | Sleeps 4 guests']","₹16,124 per night",Like a 3 Star,Entire Villa,| 3 Bedrooms | Sleeps 12 guests,CoupleFriendly
Palash Villa.,Candolim,| 2.0 km drive to Mandrem Beach,null,"['Shared Swimming Pool', 'Caretaker']","₹2,126 per night",null,Room in a Villa,| 1 Bedroom | Sleeps 4 guests,
Cinnamon Anjuna Goa,Anjuna,| 4 minutes walk to Calangute Beach,4.5,"['Spa', 'Restaurant']","₹12,748 per night",null,Entire Apartment,| Sleeps 6 guests,FreeCancellationBook@₹0available
LaZorita|3BHK|Pvt Pool & Terrace|(02),Anjuna,null,null,"['Restaurant', 'Bar']","₹32,156 per night",null,Entire Villa,| 3 Bedrooms | Sleeps 8 guests,CoupleFriendly
Lavish 3 BHK villa with a private swimming pool,Vagator,| 8 minutes walk to Anjuna Beach,null,"['| 1 Bedroom | Sleeps 4 guests', 'Swimming Pool']","₹29,923 per night",null,Entire Villa,| 3 Bedrooms | Sleeps 12 guests,CoupleFriendly
White House Beach Apartments,North Goa,Ends  in  03h:  09m:  30s,null,"['Housekeeping', 'Fireplace']","₹1,338 per night",null,Room in an Apartment,| 1 Bedroom | Sleeps 3 guests,CoupleFriendly
La Sierra - 3 BHK Private Pool Villa at Vagator by The Blue Kite (05),Vagator,null,4.5,"['Room in a Homestay', '| 1 Bedroom | Sleeps 4 guests']","₹26,075 per night",Like a 5 Star,Entire Villa,| 3 Bedrooms | Sleeps 12 guests,"CoupleFriendlyDesignervillawithapool,kitchen,livingroom&parking"
Rainforest - SEIS Villa 4 - 4 BHK Private Pool Villa,Arpora,| 1.9 km drive to Candolim Beach,null,"['Shared Swimming Pool', 'Shared Kitchen']","₹55,898 per night",null,Entire Villa,| 4 Bedrooms | Sleeps 16 guests,"CoupleFriendlyPoolvillawithagazebo,livingroom,kitchen&alawn"
"HideAway, Parra STU",Bardez,| 7 minutes walk to Baga Beach,4.2,"['Bar', 'Entire Villa']","₹5,173 per night",Like a 3 Star,Entire Apartment,| 1 Bedroom | Sleeps 6 guests,CoupleFriendlyChicapartmentneatlydonewithplushfurnishing&apool
Arcadia Villa Luxurious 3 Bedroom Beach Villa with Pool Just 100mtr From Candolim Beach,Candolim,null,null,"['| 4 Bedrooms | Sleeps 16 guests', 'Swimming Pool']","₹16,251 per night",null,Entire Villa,| 3 Bedrooms | Sleeps 16 guests,CoupleFriendly
Aviator Resort,Arambol,| 2.0 km drive to Anjuna Beach,null,"['Caretaker', 'Gym']","₹9,125 per night",null,Room in a Homestay,| 1 Bedroom | Sleeps 4 guests,CoupleFriendlyFreeCancellationBook@₹0available
Crossandra Sunrise 1 BHK near Anjuna N Assagao,Bardez,null,4.5,"['Swimming Pool', 'Caretaker']","₹3,593 per night",null,Entire Apartment,| 1 Bedroom | Sleeps 4 guests,CoupleFriendly
Rannygazzo Baga Apartments,Baga,null,null,"['Restaurant', 'Swimming Pool']","₹4,211 per night",null,Entire Apartment,| 2 Bedrooms | Sleeps 8 guests,CoupleFriendlyFreeCancellationBook@₹0available
El Arbol  - 2 BHK near Candolim by The Blue Kite (310),Nerul,null,4.5,"['Restaurant', 'Restaurant']","₹10,858 per night",Like a 4 Star,Entire Apartment,| 2 Bedrooms | Sleeps 8 guests,CoupleFriendly
white Villa 3 Bhk in Sangolda Goa,Porvorim,null,null,"['Vehicle Rentals', 'Swimming Pool']","₹50,813 per night",null,Entire Villa,| 1 Bedroom | Sleeps 4 guests,
4 BHK villa with Pvt Pool & Entertainment Lounge,Vagator,null,null,"['Entire Villa', '| 4 Bedrooms | Sleeps 16 guests']","₹27,725 per night",null,Entire Villa,| 5 Bedrooms | Sleeps 20 guests,CoupleFriendly
Boutique Resort spacious Private Apartment with Pool North Goa,Siolim,| 2 minutes walk to Candolim Beach,4.4,"['Shared Swimming Pool', 'Caretaker']","₹3,405 per night",null,Room in a Cottage,| 1 Bedroom | Sleeps 4 guests,CoupleFriendly
Santa Terra - 1 BHK at Reis Magos by The Blue Kite (104),Nerul,| 5 minutes walk to Candolim Beach,4.3,"['Luggage Storage', 'Swimming Pool']","₹7,080 per night",Like a 3 Star,Entire Apartment,| 1 Bedroom | Sleeps 4 guests,CoupleFriendly
2 BHK Apartment by LORNSTAYS,Anjuna,| 1.5 km drive to Candolim Beach,null,"['Entire Apartment', '| 2 Bedrooms | Sleeps 8 guests']","₹13,843 per night",null,Entire Apartment,| 2 Bedrooms | Sleeps 6 guests,
Casa de Julio,Bardez,| 5 minutes walk to Candolim Beach,null,"['Housekeeping', 'Shared Parking']","₹16,938 per night",null,Room in a Villa,| 1 Bedroom | Sleeps 4 guests,FreeCancellationBook@₹0available
Peaceful guest house,Majorda,| 1.0 km drive to Candolim Beach,null,"['| 5 Bedrooms | Sleeps 20 guests', 'Private Swimming Pool']","₹1,750 per night",null,Entire Villa,| 1 Bedroom | Sleeps 4 guests,CoupleFriendlyFreeCancellationBook@₹0available
El Sereno - 2 BHK at Vagator by The Blue Kite (205),Vagator,| 1.7 km drive to Mandrem Beach,4.1,"['Power Backup', 'Swimming Pool']","₹10,766 per night",Like a 4 Star,Entire Apartment,| 2 Bedrooms | Sleeps 8 guests,CoupleFriendly
Villa Terra Viva by tisyastays,Anjuna,| 2.6 km drive to Baga Beach,null,"['Restaurant', '| 4 Bedrooms | Sleeps 16 guests']","₹28,056 per night",null,Entire Villa,| 3 Bedrooms | Sleeps 12 guests,CoupleFriendly
ELIVAAS 3 BHK with Pvt Pool | Mirai Taurus,Vagator,| 10 minutes walk to Candolim Beach,null,"['Housekeeping', 'Kitchenette']","₹19,669 per night",Like a 5 Star,Entire Villa,| 3 Bedrooms | Sleeps 12 guests,CoupleFriendly
Kensho Villas by Viiking Homestays,Majorda,| 2.0 km drive to Mandrem Beach,null,"['Entire Villa', '| 3 Bedrooms | Sleeps 12 guests']","₹46,235 per night",null,Entire Apartment,| 3 Bedrooms | Sleeps 12 guests,CoupleFriendlyBreakfastIncluded
Akash Guest House,Calangute,| 3.0 km drive to Anjuna Beach,null,"['Swimming Pool', 'Kitchenette']","₹2,215 per night",null,Entire Apartment,| 1 Bedroom | Sleeps 4 guests,CoupleFriendly
Bliss rooms,Arambol,| 2.9 km drive to Calangute Beach,null,"['| 4 Bedrooms | Sleeps 16 guests', 'Shared Swimming Pool']","₹8,252 per night",null,Room in a Homestay,| 1 Bedroom | Sleeps 4 guests,FreeCancellationBook@₹0available
BulBul Nest,Palolem,| 5 minutes walk to Candolim Beach,null,"['Caretaker', '| 2 Bedrooms | Sleeps 8 guests']","₹2,444 per night",null,null,null,CoupleFriendly
LaVerona Family Friendly Villa(07),Assagao,null,null,"['Housekeeping', 'Pool/ Beach towels']","₹43,426 per night",null,Entire Villa,| 4 Bedrooms | Sleeps 16 guests,CoupleFriendlyFreeCancellation
Rainforest Casa Oriana,Vagator,| 4 minutes walk to Calangute Beach,4.5,"['Restaurant', 'Fireplace']","₹72,951 per night",Like a 5 Star,Entire Villa,| 4 Bedrooms | Sleeps 16 guests,
Basil Stays-La Bliss 6BHK Villa,Nerul,| 2.3 km drive to Candolim Beach,null,"['Entire Apartment', '| 2 Bedrooms | Sleeps 8 guests']","₹44,651 per night",null,Entire Villa,| 6 Bedrooms | Sleeps 24 guests,
La Anjuna by Basil Stays,Vagator,null,null,"['Private Swimming Pool', 'Caretaker']","₹16,038 per night",null,Entire Villa,| 1 Bedroom | Sleeps 4 guests,CoupleFriendly
Heritage holiday home's,Arpora,null,null,"['Room in a Homestay', '| 1 Bedroom | Sleeps 4 guests']","₹6,743 per night",null,Entire Apartment,| 2 Bedrooms | Sleeps 8 guests,CoupleFriendly
La Avila - 2 BHK Private Pool Villa at Siolim by The Blue Kite (18),Siolim,null,4.4,"['Restaurant', 'Free Parking']","₹13,515 per night",Like a 4 Star,Entire Villa,| 2 Bedrooms | Sleeps 8 guests,CoupleFriendly
HOT - Homes by HOUSE OF TRAVELLERS,Vagator,null,null,"['Lounge', 'Restaurant']","₹11,025 per night",null,Entire Apartment,| 2 Bedrooms | Sleeps 8 guests,FreeCancellationBook@₹0available
Mantra Stay,Arambol Beach,null,null,"['Room in an Apartment', '| 1 Bedroom | Sleeps 3 guests']","₹3,033 per night",null,Room in a Homestay,| 1 Bedroom | Sleeps 4 guests,FreeCancellationBook@₹0available
2bhk luxurious apartment at calangute parra road by Ecovista,Bardez,| 10 minutes walk to Miramar Beach,null,"['Reception', 'Housekeeping']","₹6,433 per night",null,Entire Apartment,| 2 Bedrooms | Sleeps 4 guests,FreeCancellationBook@₹0available
Blissvilla 1bhk near Dabolim Airport,Mormugao,null,null,"['Room in an Apartment', '| 1 Bedroom | Sleeps 5 guests']","₹3,036 per night",null,Entire Apartment,| 1 Bedroom | Sleeps 4 guests,CoupleFriendly
SaffronStays Cielo,Vagator,| 1.7 km drive to Sernabatim Beach,null,"['Housekeeping', 'Caretaker']","₹30,318 per night",Like a 5 Star,Entire Villa,| 4 Bedrooms | Sleeps 16 guests,CoupleFriendlyAluxurious4-bedroomprivatepoolvillawithPortugueseaestheticsandmodernamenities
Beach River House,North Goa,| 1.5 km drive to Candolim Beach,null,"['null', 'Room in a Cottage']","₹3,034 per night",null,null,null,CoupleFriendlyFreeCancellationBook@₹0available
Free Spirit Villa,Bardez,| 1.6 km drive to Morjim Beach,null,"['| 1 Bedroom | Sleeps 4 guests', 'Barbeque']","₹24,186 per night",null,Entire Villa,| 3 Bedrooms | Sleeps 12 guests,CoupleFriendly
Delmas Guest House Baga,Baga,null,null,"['Caretaker', 'Room in a Villa']","₹4,408 per night",null,Room in a Homestay,| 1 Bedroom | Sleeps 4 guests,FreeCancellationBook@₹0available
ama Stays & Trails | Hacienda De Bastora  Goa,Bardez,| 2.5 km drive to Candolim Beach,4.5,"['| 1 Bedroom | Sleeps 4 guests', 'Swimming Pool']","₹2,87,100 per night",Like a 5 Star,Entire Villa,| 5 Bedrooms | Sleeps 20 guests,"CoupleFriendlyBreakfastIncludedManagedbyTajHolidayVillageResort&Spa,Goa"
Casa Beach Huts Resorts,Palolem,| 880 m drive to Vagator Beach,null,"['Kitchenette', '| 3 Bedrooms | Sleeps 6 guests']","₹4,610 per night",null,null,null,
Larisa Homes Morjim Villa 2BHK with Kids Room,Morjim,| 5 minutes walk to Candolim Beach,null,"['Shared Kitchen', 'Private Living Room']","₹23,394 per night",null,Entire Villa,| 2 Bedrooms | Sleeps 6 guests,CoupleFriendly
La Maroma W Private Pool6 By Travaholic Stays,Vagator,| 2.4 km drive to Vagator Beach,null,"['| 1 Bedroom | Sleeps 3 guests', 'Reception']","₹93,156 per night",null,Entire Villa,| 3 Bedrooms | Sleeps 12 guests,CoupleFriendly
3 Bedroom with historic church view in Candolim,Candolim,| 2.8 km drive to Anjuna Beach,null,"['Caretaker', 'Room in an Apartment']","₹15,131 per night",null,Entire Apartment,| 3 Bedrooms | Sleeps 12 guests,FreeCancellationBook@₹0available
Casa 2565 by tisyastays,Anjuna,| 2.4 km drive to Vagator Beach,null,"['| 1 Bedroom | Sleeps 4 guests', '24-hour Security']","₹27,998 per night",null,Entire Villa,| 3 Bedrooms | Sleeps 12 guests,CoupleFriendly
Casa Azul,Vagator,null,null,"['Housekeeping', 'Rooms in an Apartment']","₹34,453 per night",null,Entire Villa,| 4 Bedrooms | Sleeps 16 guests,CoupleFriendlyFreeCancellationBook@₹0available
ama Stays & Trails | Eden Farms Paradise Goa,South Goa,| 1.9 km drive to Vagator Beach,4.8,"['| 2 Bedrooms | Sleeps 4 guests', 'Reception']","₹14,355 per night",null,Entire Villa,| 1 Bedroom | Sleeps 4 guests,"CoupleFriendlyBreakfastIncludedManagedbyTajExoticaResort&Spa,Goa"
Saga De Petra R Private Pool 4BHK Villa in Anjuna,Anjuna,null,null,"['Caretaker', 'Swimming Pool']","₹20,363 per night",Like a 4 Star,Entire Villa,| 4 Bedrooms | Sleeps 16 guests,CoupleFriendly
LohonoStays Villa Sacri Borod Hill 4,Ashwem Beach,null,null,"['Water Sports', 'Restaurant']","₹2,31,459 per night",null,Entire Villa,| 6 Bedrooms | Sleeps 24 guests,CoupleFriendlyBreakfastIncluded
La Macedo - 3 BHK Private Pool Villa at Assagao by The Blue Kite (03),Assagao,| About a minute walk to Candolim Beach,4.5,"['Caretaker', 'Room in a Homestay']","₹26,359 per night",null,Entire Villa,| 3 Bedrooms | Sleeps 12 guests,"CoupleFriendlyGorgeousvillawithapool,kitchen&adiningarea"
Villa Lirio by tisyastays,Bardez,null,4.4,"['| 1 Bedroom | Sleeps 4 guests', 'Caretaker']","₹18,099 per night",Like a 5 Star,Entire Villa,| 2 Bedrooms | Sleeps 8 guests,"CoupleFriendlySpanish-stylevillawithapool,garden&indoorgames"
Beautiful Lavish 2bhk,Assagao,null,4.4,"['Shared Parking', 'Swimming Pool']","₹14,234 per night",null,Entire Apartment,| 2 Bedrooms | Sleeps 8 guests,CoupleFriendly
Staymaster Presha Villa 6BHK Pool Large Groups,North Goa,| 8 minutes walk to Baga Beach,null,"['null', 'Swimming Pool']","₹18,271 per night",null,Entire Homestay,| 6 Bedrooms | Sleeps 24 guests,CoupleFriendly
StayVista at Mawi Summers,Arambol Beach,null,3.8,"['Water Sports', 'Vehicle Rentals']","₹17,071 per night",Like a 3 Star,Entire Villa,| 4 Bedrooms | Sleeps 16 guests,CoupleFriendly
El Rocio - 2 BHK at Assagao by The Blue Kite (22),Assagao,null,null,"['Entire Apartment', '| 1 Bedroom | Sleeps 4 guests']","₹10,842 per night",null,Entire Apartment,| 2 Bedrooms | Sleeps 8 guests,CoupleFriendly
UnigoOne Ace,Canacona,null,null,"['Housekeeping', 'Paid Wi-Fi']","₹3,863 per night",null,Entire Apartment,| 1 Bedroom | Sleeps 4 guests,CoupleFriendlyFreeCancellationBook@₹0available
Edgar's Luxury Villa by the Lagoon,Povorim,null,null,"['Fireplace', 'Rooms in a Hostel']","₹8,215 per night",null,Entire Villa,| 3 Bedrooms | Sleeps 12 guests,CoupleFriendlyCoupleFriendlyHassleFreeCheck-inPrivateBookingsUnmarriedCouplesLocalId'sAcceptedFreeCancellationBook@₹0available
"Nirvana Serenity, ( The Luxury Sea view Villa )",Bardez,null,null,"['| 2 Bedrooms | Sleeps 2 guests', 'Swimming Pool']","₹16,938 per night",null,Entire Villa,| 3 Bedrooms | Sleeps 12 guests,
Ourem Palace Luxury Beach Huts,Palolem,| 7 minutes walk to Anjuna Beach,null,"['Living Room', 'null']","₹7,570 per night",null,null,null,
villa beach road 2bedroom kitchen with pool,Calangute,null,2.7,"['Restaurant', '24-hour Room Service']","₹7,122 per night",null,Entire Villa,| 2 Bedrooms | Sleeps 8 guests,
SAVEE'S LAKESIDE GOA,Arpora,null,null,"['Entire Apartment', '| 2 Bedrooms | Sleeps 8 guests']","₹3,086 per night",null,null,null,FreeCancellationBook@₹0available
Lovely 1BHK 9 Near Candolim Beach with WiFi AC POOL,Candolim,| 2.4 km drive to Vagator Beach,4.5,"['Caretaker', 'Housekeeping']","₹3,181 per night",null,Entire Apartment,| 1 Bedroom | Sleeps 4 guests,CoupleFriendly
Cerca Del Mar,Calangute,| 8 minutes walk to Anjuna Beach,4.7,"['Restaurant', 'Bar']","₹13,450 per night",null,Entire Apartment,| 1 Bedroom | Sleeps 3 guests,FreeCancellationBook@₹0available
SMR Baga Beach Resort Goa,Baga,| 2.4 km drive to Vagator Beach,null,"['Room in a Cottage', '| 1 Bedroom | Sleeps 4 guests']","₹2,989 per night",null,Room in an Apartment,| 1 Bedroom | Sleeps 2 guests,CoupleFriendly
Luxury Studio near Candolim,Candolim,| 1.5 km drive to Majorda Beach,null,"['Restaurant', 'Lawn']","₹11,653 per night",null,Entire Apartment,| 1 Bedroom | Sleeps 4 guests,CoupleFriendly
The White House,Ashwem Beach,| 9 minutes walk to Calangute Beach,null,"['Gym', 'Swimming Pool']","₹13,389 per night",Like a 3 Star,Entire Villa,| 3 Bedrooms | Sleeps 12 guests,CoupleFriendly
FabHotel Prime Sai Swastik,Nerul,null,null,"['Kids Play Area', 'Free Parking']","₹2,211 per night",null,null,null,CoupleFriendlyFreeCancellationBook@₹0availableBreakfastavailableatextracharges
Open Cage Villa | 2 BHK Pool Villa,Anjuna,| About a minute walk to Palolem Beach,3.1,"['Seating Area', 'Swimming Pool']","₹42,344 per night",null,Entire Villa,| 2 Bedrooms | Sleeps 8 guests,FreeCancellation
3 BHK villa | Entertainment Room | Pvt Pool I Garden,Bardez,null,null,"['Kids Play Area', 'null']","₹24,894 per night",null,Entire Villa,| 4 Bedrooms | Sleeps 16 guests,CoupleFriendly
1BHK w Pool & Sauna | 2km to Calangute & Baga Beach | Hireavilla,Calangute,null,null,"['Water Sports', 'Swimming Pool']","₹3,150 per night",null,Entire Apartment,| 1 Bedroom | Sleeps 4 guests,CoupleFriendlyFreeCancellationBook@₹0available
La Mer - 2 BHK Apt at Reis Magos by The Blue Kite (104),Bardez,| 2.3 km drive to Candolim Beach,4,"['Restaurant', 'Swimming Pool']","₹9,246 per night",null,Entire Apartment,| 2 Bedrooms | Sleeps 8 guests,CoupleFriendly
2bhk lotus pool apartment By benaulim beach,Benaulim,Ends  in  03h:  12m:  40s,null,"['Restaurant', 'Swimming Pool']","₹18,704 per night",null,Entire Apartment,| 2 Bedrooms | Sleeps 8 guests,CoupleFriendly
2 BHK with Pvt Pool | Garden & Gazebo |,Bardez,null,null,"['Swimming Pool', 'Kids Play Area']","₹13,692 per night",null,Entire Villa,| 3 Bedrooms | Sleeps 12 guests,CoupleFriendly
Temple Garden Seaside cottages,Palolem,null,3.4,"['Spa', 'Restaurant']","₹14,369 per night",null,null,null,
Cosy 3BHK Villa with Private Pool and Jacuzzi,Bardez,| 10 minutes walk to Vagator Beach,null,"['Swimming Pool', 'Gym']","₹17,273 per night",null,Entire Villa,| 3 Bedrooms | Sleeps 12 guests,CoupleFriendly
Villa Beleza Infinita | A Ultra luxurious villa with infinity pool & Jacuzzi,Bardez,null,4.6,"['Swimming Pool', 'Indoor Games']","₹28,577 per night",null,Entire Villa,| 4 Bedrooms | Sleeps 16 guests,BreakfastIncluded
The Sunset Chalet Anjuna,Anjuna,null,null,"['Swimming Pool', 'Restaurant']","₹7,314 per night",null,Entire Homestay,| 2 Bedrooms | Sleeps 8 guests,
Vibes Hotel,Vagator,| 7.2 km drive to Goa International Airport,null,"['null', 'Spa']","₹3,710 per night",null,null,null,CoupleFriendlyFreeCancellationBook@₹0availableBreakfastavailableatextracharges
Nyast Valley Resort,Arpora,null,null,"['Water Sports', 'null']","₹18,665 per night",null,null,null,CoupleFriendlyBreakfastIncluded
Page 3 Hostel,Anjuna,| 8 minutes walk to Ashwem Beach,null,"['Swimming Pool', 'Gym']",₹884 per night,null,Rooms in a Hostel,| 2 Bedrooms | Sleeps 4 guests,
TROPICANA VILLA,Bardez,null,null,"['Room in an Apartment', '| 1 Bedroom | Sleeps 4 guests']","₹21,172 per night",null,Entire Villa,| 2 Bedrooms | Sleeps 8 guests,
Villa Asna - Villas by Noor,Bardez,| 3 minutes walk to Baga Beach,null,"['Housekeeping', 'Free Wi-Fi']","₹27,556 per night",null,Entire Villa,| 4 Bedrooms | Sleeps 16 guests,CoupleFriendlyBreakfastIncluded
Casa Mora Assagao,Assagao,null,null,"['Spa', 'Swimming Pool']","₹20,998 per night",null,Entire Villa,| 3 Bedrooms | Sleeps 12 guests,CoupleFriendly
Joelene Mandrem,North Goa,| 2.2 km drive to Palolem Beach,3.9,"['Restaurant', 'Gym']","₹1,434 per night",null,Room in a Homestay,| 1 Bedroom | Sleeps 4 guests,CoupleFriendlyFreeCancellationBook@₹0available
Villa White Pearl,Bardez,| 1.6 km drive to Morjim Beach,null,"['Swimming Pool', 'Swimming Pool']","₹22,219 per night",null,Entire Villa,| 3 Bedrooms | Sleeps 14 guests,
The Cider 2BHK Apartment - Sleeps 7,Palolem,| 2.3 km drive to Vagator Beach,null,"['Spa', 'null']","₹9,225 per night",null,Entire Apartment,| 2 Bedrooms | Sleeps 8 guests,CoupleFriendly
Studio Apartment is Candolim,Candolim,| 5 minutes walk to Candolim Beach,4.5,"['Swimming Pool', 'Indoor Games']","₹3,573 per night",null,Entire Apartment,| 1 Bedroom | Sleeps 4 guests,CoupleFriendly
Staymaster Paradise Perch | Pool | 4BR Calangute,Nagoa,null,null,"['Restaurant', 'Bar']","₹16,376 per night",Like a 4 Star,Entire Villa,| 4 Bedrooms | Sleeps 16 guests,"CoupleFriendlyResideinthisimpeccablydesignedvillawithaprivatepool,garden&terrace"
The Coastline Stays Arambol,Arambol Beach,null,null,"['Gym', 'Caretaker']","₹1,231 per night",null,Room in an Apartment,| 1 Bedroom | Sleeps 2 guests,
Melhorstays villas- L-M 305 Luxurious 3bhk villa,Anjuna,null,null,"['Luggage Storage', 'Restaurant']","₹22,969 per night",null,Entire Villa,| 3 Bedrooms | Sleeps 12 guests,CoupleFriendlyFreeCancellationBreakfastIncludedBook@₹0available
Maria's guest house,Baga,| 8 minutes walk to Anjuna Beach,4.6,"['Bar', 'Indoor Games']","₹2,761 per night",null,Entire Apartment,| 1 Bedroom | Sleeps 4 guests,CoupleFriendly
Casa Illonka,Bardez,| 2 minutes walk to Ashwem Beach,null,"['Spa', 'Swimming Pool']","₹24,439 per night",null,Entire Villa,| 3 Bedrooms | Sleeps 12 guests,CoupleFriendlyFreeCancellationBook@₹0available
Lee Carlos A/c Rooms Calangute,Calangute,Ends  in  03h:  12m:  52s,null,"['Restaurant', 'Bar']","₹2,976 per night",null,Entire Apartment,| 2 Bedrooms | Sleeps 8 guests,
Three Bedroom Villas in Arpora,Arpora,null,null,"['Swimming Pool', 'Indoor Games']","₹46,403 per night",null,Entire Apartment,| 3 Bedrooms | Sleeps 12 guests,FreeCancellation
SUNBBATH beach EXOTICA,Palolem,null,null,"['Room in a Homestay', '| 1 Bedroom | Sleeps 4 guests']","₹5,841 per night",null,null,null,CoupleFriendlyFreeCancellationBook@₹0available
Whiteboard Homes Siolim,Siolim,null,4.7,"['Living Room', 'Caretaker']","₹2,583 per night",Like a 3 Star,Room in an Apartment,| 1 Bedroom | Sleeps 4 guests,CoupleFriendly
In the Heights Guest House Majorda,Majorda,null,null,"['Kids Play Area', 'Indoor Games']","₹2,708 per night",null,null,null,FreeCancellationBook@₹0available
Echor Reis Magos Villa Goa,Bandoli,| 2.8 km drive to Mandrem Beach,null,"['Swimming Pool', 'Restaurant']","₹41,096 per night",null,Room in a Villa,| 1 Bedroom | Sleeps 20 guests,CoupleFriendlyFreeCancellationBreakfastavailableatextracharges
Kevrich Beach house,Calangute,Ends  in  03h:  12m:  56s,null,"['| 1 Bedroom | Sleeps 4 guests', 'Shared Swimming Pool']","₹3,106 per night",null,Room in a Cottage,| 1 Bedroom | Sleeps 4 guests,CoupleFriendlyFreeCancellationBook@₹0available
Waters villa 7 bhk by Limestays,Calangute Baga Road,null,null,"['Caretaker', 'Restaurant']","₹31,628 per night",null,Entire Villa,| 7 Bedrooms | Sleeps 28 guests,
Mi amore village royal resort Calangute,Bardez,| 2.0 km drive to Palolem Beach,null,"['Indoor Games', 'Swimming Pool']","₹2,693 per night",null,Room in a Homestay,| 1 Bedroom | Sleeps 4 guests,
ARYAN Suite,Calangute,null,null,"['Fireplace', 'Restaurant']","₹7,386 per night",null,Room in an Apartment,| 1 Bedroom | Sleeps 3 guests,
1 BHK Apartment with Jacuzzi & Lift in Goa,Candolim,null,null,"['Swimming Pool', 'Water Sports']","₹5,457 per night",null,Entire Apartment,| 1 Bedroom | Sleeps 4 guests,CoupleFriendly
The Sunset Haven 3 BHK Villa With Pool,Assagao,| About a minute walk to Palolem Beach,null,"['Swimming Pool', 'Water Sports']","₹44,109 per night",null,Entire Villa,| 4 Bedrooms | Sleeps 16 guests,CoupleFriendly
Namaslay Homes 1BHK Apartment,Calangute,| 9 minutes walk to Calangute Beach,null,"['Restaurant', 'null']","₹2,527 per night",null,Entire Apartment,| 1 Bedroom | Sleeps 4 guests,
Beautiful 2BHK Homestay at South Goa,South Goa,| 2.2 km drive to Baga Beach,null,"['Restaurant', 'Bar']","₹2,948 per night",null,Entire Homestay,| 2 Bedrooms | Sleeps 8 guests,CoupleFriendlyFreeCancellationBook@₹0available
La Viola (3BHK) By Travaholic Stays,Vagator,| 1.5 km drive to Candolim Beach,null,"['Restaurant', 'Caretaker']","₹52,930 per night",null,Entire Villa,| 3 Bedrooms | Sleeps 12 guests,CoupleFriendly
La Meira - 3 BHK Pool Villa at Vagator by The Blue Kite (02),Vagator,| 9 minutes walk to Calangute Beach,null,"['Luggage Storage', 'Gym']","₹26,178 per night",null,Entire Villa,| 3 Bedrooms | Sleeps 12 guests,CoupleFriendly
5bhk Pvt Pool Villa Near Baga by Eniyi Stays,Baga,| 2.3 km drive to Baga Beach,null,"['Swimming Pool', 'Swimming Pool']","₹42,100 per night",null,Entire Villa,| 5 Bedrooms | Sleeps 20 guests,
Fortune 4BHK Luxurious Villa A,Candolim,null,4.2,"['Gym', 'Spa']","₹15,809 per night",Like a 3 Star,Entire Villa,| 4 Bedrooms | Sleeps 16 guests,CoupleFriendly
The Old Quarter Heritage Fountainhas,31st January Road,| About a minute walk to Ashwem Beach,null,"['Fireplace', 'Vehicle Rentals']","₹2,527 per night",null,Entire Apartment,| 1 Bedroom | Sleeps 3 guests,CoupleFriendlyFreeCancellationBook@₹0available
Casa Amore La Verona,Assagao,null,null,"['Swimming Pool', 'Jacuzzi']","₹28,794 per night",null,Entire Villa,| 1 Bedroom | Sleeps 12 guests,CoupleFriendly
Asgard Luxury Apartments I Near Thalalssa & Chapora Fort,Siolim,| 3.0 km drive to Anjuna Beach,null,"['Swimming Pool', 'Water Sports']","₹6,362 per night",null,null,null,CoupleFriendly
C homes,Siolim,null,null,"['Kids Play Area', 'Restaurant']","₹3,711 per night",null,Entire Homestay,| 2 Bedrooms | Sleeps 8 guests,CoupleFriendlyFreeCancellationBook@₹0available
White Den by BacchusHomes,Anjuna,| 950 m drive to Calangute Beach,null,"['Spa', 'Swimming Pool']","₹5,896 per night",null,Entire Apartment,| 2 Bedrooms | Sleeps 8 guests,
Gajas guest house,Calangute,null,null,"['Lounge', 'Spa']","₹7,057 per night",null,Room in a Homestay,| 1 Bedroom | Sleeps 4 guests,CoupleFriendlyFreeCancellationBook@₹0available
2BHK Villa at Calangute by Rightstay,Calangute,| 1.3 km drive to Benaulim Beach,null,"['Indoor Games', 'Water Sports']","₹6,142 per night",null,Entire Villa,| 2 Bedrooms | Sleeps 8 guests,CoupleFriendly
Luxurious 4BHK Villa at Candolim,Candolim,null,null,"['24-hour Room Service', '| 1 Bedroom | Sleeps 4 guests']","₹37,347 per night",null,Entire Villa,| 4 Bedrooms | Sleeps 14 guests,CoupleFriendly
Charming Coastal Haven Luxury 1BHK in Calangute with Pool,Calangute,| About a minute walk to Palolem Beach,null,"['24-hour Security', 'Housekeeping']","₹4,800 per night",null,Entire Apartment,| 1 Bedroom | Sleeps 4 guests,CoupleFriendly
LaMasseria-3bhk Lushful Villa with Private Pool(09),Siolim,null,null,"['null', 'null']","₹28,721 per night",null,Entire Villa,| 3 Bedrooms | Sleeps 12 guests,CoupleFriendly
Ananda Hills 1 bhk villa,Arpora,null,null,"['Room in a Homestay', '| 1 Bedroom | Sleeps 4 guests']","₹25,000 per night",null,Entire Villa,| 1 Bedroom | Sleeps 4 guests,CoupleFriendly
Serra Nirvana,Canacona,| About a minute walk to Anjuna Beach,null,"['Free Public Parking', 'Air Conditioning']","₹1,597 per night",null,Room in a Villa,| 1 Bedroom | Sleeps 4 guests,FreeCancellationBook@₹0available
El Rosario- 2 BHK at Reis Magos by The Blue Kite (203),Bardez,| 8 minutes walk to Vagator Beach,null,"['Swimming Pool', 'Kids Play Area']","₹10,162 per night",Like a 4 Star,Entire Apartment,| 2 Bedrooms | Sleeps 8 guests,CoupleFriendly
Nazri Hotel,Arambol,null,null,"['Restaurant', 'Fireplace']","₹3,421 per night",null,null,null,CoupleFriendlyBreakfastavailableatextracharges
3 BR Apartment in Candolim near the beach Goa,Goa,| About a minute walk to Anjuna Beach,null,"['Spa', 'Restaurant']","₹10,982 per night",Like a 3 Star,Entire Apartment,| 2 Bedrooms | Sleeps 8 guests,CoupleFriendly
Vrihi Luxury A-Frames,North Goa,null,null,"['Restaurant', '24-hour Room Service']","₹6,725 per night",null,Room in a Cottage,| 1 Bedroom | Sleeps 8 guests,CoupleFriendlyFreeCancellationBook@₹0available
Colorato By Sash Villas with Pool at Siolim,Siolim,null,null,"['null', 'Lounge']","₹9,332 per night",null,Entire Apartment,| 2 Bedrooms | Sleeps 8 guests,CoupleFriendlyFreeCancellationBook@₹0available
Serendipity Goa Apartments and Cafe,Arambol,null,null,"['Fireplace', 'null']","₹3,899 per night",null,Entire Apartment,| Sleeps 4 guests,
"Casa de Bella, 2bhk, Candolim",Candolim,null,null,"['Bar', 'Fireplace']","₹3,495 per night",null,Entire Apartment,| 2 Bedrooms | Sleeps 8 guests,
Purple Bloom by BaccusHomes,Anjuna,null,null,"['Swimming Pool', '24-hour Room Service']","₹7,492 per night",null,Entire Apartment,| 2 Bedrooms | Sleeps 8 guests,
ChitChat Villa | 3BHK Private Pool with Caretaker | Baga,Baga,| 1.2 km drive to Palolem Beach,null,"['Room in an Apartment', '| 1 Bedroom | Sleeps 4 guests']","₹28,283 per night",Like a 4 Star,Entire Villa,| 3 Bedrooms | Sleeps 12 guests,CoupleFriendly
Goan Hideaway Uno,Siolim,| 1.3 km drive to Candolim Beach,null,"['Housekeeping', 'Shared Parking']","₹3,333 per night",null,Entire Apartment,| 1 Bedroom | Sleeps 4 guests,CoupleFriendly
Rare Earth SkyVilla,Mormugao,null,5,"['null', 'null']","₹22,280 per night",null,Entire Villa,| 3 Bedrooms | Sleeps 12 guests,CoupleFriendlyFreeCancellationBreakfastIncludedBook@₹0available
Green Sky 2BHK apartment,Calangute,null,null,"['Indoor Games', 'Restaurant']","₹10,088 per night",null,Entire Apartment,| 2 Bedrooms | Sleeps 8 guests,
Rainbow Resort Bar and Restaurant,Morjim,null,null,"['Swimming Pool', 'Water Sports']","₹1,453 per night",null,null,null,Breakfastavailableatextracharges
Sere Resort Goa,Vagator,| 9 minutes walk to Baga Beach,null,"['Swimming Pool', 'Restaurant']","₹63,168 per night",null,null,null,BreakfastIncluded20%DiscountonHi-Tea/Buffet/Brunch/alacarte
3bhk villa In Arpora,Arpora,Ends  in  03h:  14m:  08s,null,"['| 1 Bedroom | Sleeps 4 guests', 'Air Conditioning']","₹37,409 per night",null,Entire Villa,| 3 Bedrooms | Sleeps 20 guests,CoupleFriendly
Botanica - Apartment - 211,Candolim,| 10 minutes walk to Calangute Beach,null,"['Free Wi-Fi', 'Restaurant']","₹6,428 per night",null,Entire Apartment,| 1 Bedroom | Sleeps 4 guests,CoupleFriendlyFreeCancellationBook@₹0available
Luxury Villas Goa - Solitaire Stays,Panjim,| 2.2 km drive to Baga Beach,null,"['Restaurant', 'Bar']","₹1,27,500 per night",null,Entire Villa,| Sleeps 11 guests,CoupleFriendlyBreakfastIncluded
River-view Apartment | Pool & Restaurant,Morjim,| 7 minutes walk to Palolem Beach,null,"['null', 'null']","₹8,733 per night",null,Entire Apartment,| 2 Bedrooms | Sleeps 5 guests,"Entire1BHKapartmentwithakitchen,kidsplayground&sundeck"
Palolem Hill Apartment,Palolem,null,null,"['Fireplace', 'Luggage Storage']","₹9,125 per night",null,Entire Apartment,| 1 Bedroom | Sleeps 3 guests,CoupleFriendlyFreeCancellationBook@₹0available
"River Bank Villas, Baga by Stay Leisurely",Arpora,| 1.2 km drive to Majorda Beach,null,"['Free Parking', 'Swimming Pool']","₹38,019 per night",null,Entire Apartment,| 1 Bedroom | Sleeps 9 guests,CoupleFriendlyFreeCancellation
Anjuna Villa,Vagator,Ends  in  03h:  14m:  10s,null,"['Kids Play Area', 'Swimming Pool']","₹29,400 per night",null,Entire Villa,| 3 Bedrooms | Sleeps 6 guests,FreeCancellationBook@₹0available
Cozy Agonda by EPICTEA RESORTS AND HOTELS,Agonda,| About a minute walk to Calangute Beach,null,"['Jacuzzi', 'Restaurant']","₹5,052 per night",null,Room in a Homestay,| 1 Bedroom | Sleeps 4 guests,CoupleFriendly
Serene 2BHK Apartment by tisyastays,Candolim,| 7 minutes walk to Calangute Beach,4.5,"['Gym', 'Swimming Pool']","₹11,573 per night",null,Entire Apartment,| 2 Bedrooms | Sleeps 8 guests,CoupleFriendly
Casa Amor By There4You Tourism,Candolim,| 2.4 km drive to Calangute Beach,4.3,"['Entire Villa', '| 4 Bedrooms | Sleeps 16 guests']","₹10,397 per night",null,Entire Apartment,| 1 Bedroom | Sleeps 4 guests,CoupleFriendly
Kevrich guest house,Calangute Baga Road,| About a minute walk to Calangute Beach,null,"['Shared Swimming Pool', 'Private Kitchen']","₹4,211 per night",null,Room in an Apartment,| 1 Bedroom | Sleeps 2 guests,
The Secret Cove by Stay ALYF,Calangute,null,4.7,"['Restaurant', 'Fireplace']","₹6,727 per night",Like a 3 Star,Room in an Apartment,| 1 Bedroom | Sleeps 2 guests,CoupleFriendlyFreeCancellationBook@₹0available
Velankani beach house calangute goa,Calangute Baga Road,null,null,"['Entire Villa', '| 1 Bedroom | Sleeps 4 guests']","₹6,952 per night",null,Room in a Homestay,| 1 Bedroom | Sleeps 4 guests,
SaffronStays Eden Greens,Calangute,| 1.7 km drive to Calangute Beach,null,"['Shared Kitchen', 'Living Room']","₹29,523 per night",null,Entire Villa,| 4 Bedrooms | Sleeps 16 guests,CoupleFriendlyBreakfastIncluded
Casa Vilasa Family Suite Assagao,Assagao,null,null,"['Room in an Apartment', '| 1 Bedroom | Sleeps 2 guests']","₹10,340 per night",null,Entire Apartment,| 2 Bedrooms | Sleeps 8 guests,CoupleFriendly
Villa Mara Del Ter 3BHK Private Pool by HORIZON STAYS,Arpora,| 2.9 km drive to Vagator Beach,null,"['Reception', 'Housekeeping']","₹39,415 per night",null,Entire Villa,| 3 Bedrooms | Sleeps 12 guests,
Villa 18,Arpora,null,null,"['Water Sports', 'Beach club']","₹23,942 per night",null,Entire Villa,| 3 Bedrooms | Sleeps 12 guests,CoupleFriendly
Vienna Oasis : Peaceful Space | Pool | Nr Thalassa,Siolim,| 6 minutes walk to Baga Beach,null,"['Indoor Games', 'Restaurant']","₹5,995 per night",null,Entire Apartment,| 1 Bedroom | Sleeps 4 guests,CoupleFriendly
Graceland,Calangute,null,null,"['Entire Homestay', '| 1 Bedroom | Sleeps 4 guests']","₹2,108 per night",null,null,null,FreeCancellationBook@₹0available
ELIVAAS 3 BHK with Pvt Pool | Mirai Gemini,Vagator,| 7 minutes walk to Deltin Royale,null,"['Private Kitchen', 'Luggage Storage']","₹19,669 per night",Like a 5 Star,Entire Villa,| 3 Bedrooms | Sleeps 12 guests,CoupleFriendly
Good Stay Premium Studio Apartment T10-206,Mormugao,null,null,"['Entire Apartment', '| 1 Bedroom | Sleeps 4 guests']","₹3,459 per night",null,Entire Apartment,| 1 Bedroom | Sleeps 4 guests,CoupleFriendly
El Reino - 2 BHK at Reis Magos by The Blue Kite (B1),Bardez,null,4.5,"['Swimming Pool', 'Reception']","₹10,893 per night",Like a 4 Star,Entire Apartment,| 2 Bedrooms | Sleeps 8 guests,CoupleFriendly
The nest @205 1bhk with pool in Assagaon,Assagao,null,null,"['Swimming Pool', 'Fireplace']","₹32,156 per night",null,Entire Apartment,| 1 Bedroom | Sleeps 4 guests,
Papilio Beach Front Cottages,Baga,| 7 minutes walk to Anjuna Beach,null,"['Butler Services', 'Luggage Storage']","₹5,517 per night",null,null,null,FreeCancellationBook@₹0available
La Avila - 2 BHK Pool Villa at Siolim by The Blue Kite (20),Siolim,| 1.3 km drive to Calangute Beach,4.5,"['Entire Apartment', '| 1 Bedroom | Sleeps 3 guests']","₹14,856 per night",Like a 4 Star,Entire Villa,| 2 Bedrooms | Sleeps 8 guests,CoupleFriendly
De Alara Morjim,Morjim,| 770 m drive to Calangute Beach,null,"['Reception', 'Housekeeping']","₹2,677 per night",null,null,null,CoupleFriendlyFreeCancellationBook@₹0availableBreakfastavailableatextracharges
El Raso - 1 BHK at Parra by The Blue Kite (108),Bardez,| 10 minutes walk to Sinquerium Beach,null,"['Entire Apartment', '| Sleeps 3 guests']","₹5,842 per night",Like a 4 Star,Entire Apartment,| 1 Bedroom | Sleeps 4 guests,CoupleFriendly
Hotel Inn Morjim Goa,Morjim,| 1.3 km drive to Calangute Beach,4.2,"['Housekeeping', 'Caretaker']","₹3,288 per night",null,null,null,CoupleFriendly
Kevrich beach house.,Calangute Baga Road,null,null,"['Lawn', 'Swimming Pool']","₹8,422 per night",null,Rooms in an Apartment,| 2 Bedrooms | Sleeps 4 guests,
Arambol Bliss,Arambol Beach,| 2.3 km drive to Baga Beach,null,"['Balcony/Terrace', 'null']","₹3,034 per night",null,null,null,CoupleFriendly
La Sierra Estate Villa14  by Travaholic Stays 3BHK,Anjuna,null,null,"['Rooms in a Homestay', '| 2 Bedrooms | Sleeps 6 guests']","₹95,274 per night",null,Room in a Villa,| 1 Bedroom | Sleeps 4 guests,CoupleFriendly
Emmanuel Guesthouse,Anjuna,null,null,"['Kitchenette', 'Parking']","₹2,731 per night",null,Room in a Cottage,| 1 Bedroom | Sleeps 4 guests,CoupleFriendly
Elegant 4BHK Villa with Private Pool,Assagao,| 2.5 km drive to Mandrem Beach,null,"['Swimming Pool', 'Kids Play Area']","₹26,982 per night",null,Entire Villa,| 4 Bedrooms | Sleeps 16 guests,CoupleFriendly
Rajbag Residency Guest House,Palolem,| About a minute walk to Majorda Beach,null,"['Entire Apartment', '| 1 Bedroom | Sleeps 4 guests']","₹4,457 per night",null,Room in an Apartment,| 1 Bedroom | Sleeps 4 guests,CoupleFriendly
La Serena,Calangute,| 9 minutes walk to Mandrem Beach,null,"['Housekeeping', 'Elevator/Lift']","₹5,572 per night",null,Entire Apartment,| 1 Bedroom | Sleeps 4 guests,FreeCancellationBook@₹0available
Elivaas Savannah Azure 5 BHK Villa with Lift & Pool,Calangute,null,null,"['null', '24-hour Room Service']","₹40,336 per night",null,Entire Villa,| 5 Bedrooms | Sleeps 20 guests,CoupleFriendly
Santoshi Holiday Home 2BHK,Vasco Da Gama,| 2.3 km drive to Mandrem Beach,null,"['Swimming Pool', 'Gym']","₹8,406 per night",null,Entire Apartment,| 2 Bedrooms | Sleeps 8 guests,
Villa Svar by tisyastays,Calangute,Ends  in  03h:  15m:  51s,null,"['null', 'Room in an Apartment']","₹27,628 per night",Like a 4 Star,Entire Villa,| 5 Bedrooms | Sleeps 20 guests,CoupleFriendly
Stefleenas Nest,South Goa,| 8 minutes walk to Candolim Beach,4.5,"['| 1 Bedroom | Sleeps 4 guests', 'Housekeeping']","₹5,329 per night",null,Entire Homestay,| 2 Bedrooms | Sleeps 8 guests,CoupleFriendly
Tisya Prestige 1 BHK Apartments,Candolim,| 7 minutes walk to Anjuna Beach,null,"['Free Parking', 'Bar']","₹5,488 per night",null,Entire Apartment,| Sleeps 3 guests,CoupleFriendly
Staymaster Villa Anasoh4BR AssagaoPool&Garden,Vagator,Ends  in  03h:  15m:  51s,4.6,"['| 1 Bedroom | Sleeps 2 guests', 'Parking']","₹20,474 per night",null,Entire Villa,| 4 Bedrooms | Sleeps 16 guests,CoupleFriendly
Palatial stay|4 BHK Casa De Roopa by Stay ALYF,North Goa,| 1.8 km drive to Baga Beach,null,"['Wi-Fi', '| 1 Bedroom | Sleeps 4 guests']","₹41,540 per night",null,Entire Villa,| 4 Bedrooms | Sleeps 16 guests,CoupleFriendly
Aqua Luxury 4BHK Private Pool Villa by VioStays,Nagoa,null,null,"['Shared Swimming Pool', 'Shared Parking']","₹25,276 per night",null,Entire Villa,| 4 Bedrooms | Sleeps 16 guests,CoupleFriendly
Hireavilla | Casa Rosita - 4BR Portuguese Styled Villa w Private Pool,Bardez,| 6.3 km drive to Goa International Airport,null,"['Restaurant', 'Bar']","₹14,700 per night",null,Entire Villa,| 3 Bedrooms | Sleeps 12 guests,CoupleFriendlyFreeCancellationBook@₹0available
Localvibe - Quintara service apartment in North Goa (GF),Bardez,| 9 minutes walk to Calangute Beach,4.5,"['Room in a Homestay', '| 1 Bedroom | Sleeps 4 guests']","₹7,127 per night",null,Entire Homestay,| 2 Bedrooms | Sleeps 8 guests,CoupleFriendly
Aquamarine Suites,Baga,| About a minute walk to Morjim Beach,null,"['Lawn', 'Room in an Apartment']","₹15,468 per night",null,Entire Apartment,| 1 Bedroom | Sleeps 3 guests,
Grandiosa 1 BHK Apartment by tisyastays,Candolim,| 1.2 km drive to Vagator Beach,null,"['| 1 Bedroom | Sleeps 4 guests', 'Wi-Fi']","₹8,216 per night",null,Entire Apartment,| 1 Bedroom | Sleeps 4 guests,CoupleFriendly
Villa Comfy 3BH Private Pool Villa by HUE GUH,Benaulim,| 2.3 km drive to Baga Beach,null,"['Parking', 'Entire Homestay']","₹18,631 per night",Like a 4 Star,Entire Villa,| 3 Bedrooms | Sleeps 12 guests,CoupleFriendly
Skandi Sol - Peaceful Yoga Retreat,North Goa,| 2.0 km drive to Candolim Beach,null,"['| Sleeps 3 guests', 'Gym']","₹3,680 per night",null,Room in a Villa,| 1 Bedroom | Sleeps 4 guests,FreeCancellationBook@₹0available
Alekhya Penthouse.,Panjim,| 2.1 km drive to Miramar Beach,null,"['Swimming Pool', 'null']","₹33,624 per night",null,Entire Apartment,| 1 Bedroom | Sleeps 4 guests,
Pooja Misras Crib by the baga beach,Baga,null,null,"['Room in an Apartment', '| 1 Bedroom | Sleeps 3 guests']","₹9,866 per night",Like a 3 Star,Room in a Homestay,| 1 Bedroom | Sleeps 4 guests,CoupleFriendly
Jyots homestays Antique suite,Vagator,| 7 minutes walk to Palolem Beach,4.3,"['Swimming Pool', 'Reception']","₹2,768 per night",null,Entire Apartment,| 3 Bedrooms | Sleeps 7 guests,CoupleFriendly
Hotel O Pravin Guest House,Calangute,| 2.9 km drive to Baga Beach,null,"['Restaurant', 'Bar']","₹4,128 per night",null,null,null,CoupleFriendlyFreeCancellationBook@₹0availableGreatValuewithSpaciousRoomsandQuickCheck-In
Villa Del Sol - Patnem Beach Goa,Palolem,| 2.9 km drive to Vagator Beach,null,"['null', 'Swimming Pool']","₹3,341 per night",null,Room in a Cottage,| 1 Bedroom | Sleeps 4 guests,FreeCancellationBook@₹0available
7BHK Infinity Pool Villa| Lost Traveller | LT710,Bardez,| 2 minutes walk to Agonda Beach,null,"['Restaurant', 'Spa']","₹1,86,313 per night",null,Entire Villa,| 7 Bedrooms | Sleeps 28 guests,
Albert Place,Anjuna,| 5 minutes walk to Candolim Beach,null,"['Swimming Pool', 'Swimming Pool']","₹2,295 per night",null,Rooms in a Hostel,| 2 Bedrooms | Sleeps 2 guests,
Pogo's Mountain House - part of the 12 Monks Family,Arambol Beach,| 8 minutes walk to Candolim Beach,null,"['Beach club', 'Entire Apartment']","₹1,034 per night",null,Beds in a Hostel,| 2 Dorm Beds,CoupleFriendly
1-BHK Apartment with Balcony & Lift,Candolim,| 7 minutes walk to Calangute Beach,null,"['| 2 Bedrooms | Sleeps 8 guests', 'Caretaker']","₹4,077 per night",null,Entire Apartment,| 1 Bedroom | Sleeps 4 guests,CoupleFriendly
Blissful Studio Apartment Candolim Goa,Candolim,| 9 minutes walk to Calangute Beach,null,"['Housekeeping', 'Spa']","₹2,737 per night",null,Entire Apartment,| Sleeps 2 guests,
La Mer - Studio at Reis Magos by The Blue Kite,Bardez,| 6 minutes walk to Calangute Beach,4.2,"['Swimming Pool', 'Water Sports']","₹5,499 per night",Like a 4 Star,Entire Apartment,| 1 Bedroom | Sleeps 4 guests,"CoupleFriendlyModernstudioapartmentwithapool,livingroom&parking"
StayVista at Quinta Backpackers Retreat,Anjuna,| 1.3 km drive to Candolim Beach,null,"['Lounge', 'Swimming Pool']","₹49,267 per night",null,Entire Villa,| 9 Bedrooms | Sleeps 32 guests,CoupleFriendly
ELIVAAS 4 BHK with Private Pool | Suntuarios,Assagao,Ends  in  03h:  16m:  09s,null,"['Restaurant', 'Rooms in a Hostel']","₹49,797 per night",Like a 5 Star,Entire Villa,| 4 Bedrooms | Sleeps 16 guests,CoupleFriendly
Pednekar's House,Nerul,null,null,"['| 2 Bedrooms | Sleeps 2 guests', 'Swimming Pool']","₹4,054 per night",null,Entire Apartment,| 1 Bedroom | Sleeps 4 guests,CoupleFriendlyFreeCancellationBook@₹0available
ELIVAAS 3 BHK with Pvt Pool & Gazebo | Mier,Bardez,null,null,"['Restaurant', 'Swimming Pool']","₹14,161 per night",Like a 5 Star,Entire Villa,| 3 Bedrooms | Sleeps 12 guests,CoupleFriendly
Hotel O Shruti Guest House,Baga,null,null,"['Restaurant', 'Swimming Pool']","₹3,543 per night",null,null,null,CoupleFriendlyFreeCancellationBook@₹0availableGreatValuewithSpaciousRoomsandQuickCheck-In
Botanica - Apartment - 303,Candolim,null,null,"['Restaurant', 'Spa']","₹6,428 per night",null,Entire Apartment,| 1 Bedroom | Sleeps 4 guests,CoupleFriendly
Boutique 2BHK Apartment in Candolim,Candolim,| 1.4 km drive to Calangute Beach,null,"['Swimming Pool', 'Spa']","₹15,583 per night",null,Entire Apartment,| 2 Bedrooms | Sleeps 8 guests,
Hostel Mandala,Anjuna,| 2.4 km drive to Vagator Beach,null,"['Swimming Pool', 'Entire Apartment']","₹2,891 per night",null,Beds in a Hostel,| 2 Dorm Beds,CoupleFriendly
MoonEYE Guesthouse,Calangute,| 2.2 km drive to Bogmalo Beach,3.5,"['| 1 Bedroom | Sleeps 4 guests', 'Shared Swimming Pool']","₹5,054 per night",null,Room in a Homestay,| 1 Bedroom | Sleeps 3 guests,CoupleFriendly
Cozy 1bhk Candolim beach Goa,Candolim,null,null,"['Reception', 'Spa']","₹3,015 per night",null,Entire Apartment,| 1 Bedroom | Sleeps 6 guests,
MoonShine Villa,Calangute,null,null,"['Swimming Pool', 'Restaurant']","₹67,750 per night",null,Entire Villa,| 3 Bedrooms | Sleeps 12 guests,
Aetheria By Sash Villas at Siolim with Field View,Siolim,| About a minute walk to Baga Beach,4.5,"['Restaurant', 'Bar']","₹12,897 per night",null,Entire Villa,| 3 Bedrooms | Sleeps 12 guests,CoupleFriendly
Angie's Gardenia,Candolim,null,null,"['Restaurant', 'Bar']","₹4,286 per night",null,Room in a Villa,| 1 Bedroom | Sleeps 8 guests,CoupleFriendlyFreeCancellationBook@₹0available
Saga De Banyan M 2BHK Luxurious Apt Candolim,Candolim,| 3 minutes walk to Morjim Beach,4.2,"['Entire Apartment', '| 1 Bedroom | Sleeps 4 guests']","₹9,923 per night",null,Entire Apartment,| 2 Bedrooms | Sleeps 8 guests,CoupleFriendly
Friends Heaven,Arpora,null,null,"['Shared Swimming Pool', 'Free Wi-Fi']","₹2,308 per night",null,Entire Homestay,| 1 Bedroom | Sleeps 4 guests,CoupleFriendly
DADA GUEST HOUSE,Pernem,| About a minute walk to Morjim Beach,null,"['Kids Play Area', 'Swimming Pool']","₹2,108 per night",null,null,null,FreeCancellationBook@₹0available
Casa Elora- 3BR lavish Villa with plunge pool and a private terrace,Vagator,| 7 minutes walk to Calangute Beach,null,"['Kitchenette', '| 1 Bedroom | Sleeps 4 guests']","₹9,432 per night",null,Entire Villa,| 3 Bedrooms | Sleeps 10 guests,FreeCancellationBook@₹0available
Sk villa goa,Nagoa,null,null,"['Housekeeping', 'Free Parking']","₹6,332 per night",null,Entire Villa,| 3 Bedrooms | Sleeps 12 guests,FreeCancellationBook@₹0available
Villa Sol Beach Resort,Baga,| 1.9 km drive to Anjuna Beach,null,"['null', 'Swimming Pool']","₹6,151 per night",null,null,null,CoupleFriendlyFreeCancellationBook@₹0available
Aksara Villas,Assagao,| 2 minutes walk to Anjuna Beach,null,"['Restaurant', 'null']","₹76,219 per night",null,Entire Villa,| 3 Bedrooms | Sleeps 12 guests,CoupleFriendlyFreeCancellation
La Pumpkin,Vagator,null,null,"['Swimming Pool', 'Kids Play Area']","₹5,865 per night",null,Entire Apartment,| 1 Bedroom | Sleeps 4 guests,CoupleFriendlyFreeCancellationBook@₹0available
1 Bedroom in Candolim,Candolim,| 10 minutes walk to Rajbag Beach,null,"['Entire Apartment', '| 1 Bedroom | Sleeps 4 guests']","₹12,610 per night",null,Entire Apartment,| 1 Bedroom | Sleeps 4 guests,FreeCancellationBook@₹0available
LA Maroma Estate Villa 2 By Travaholic Stay,Vagator,| 2.3 km drive to Calangute Beach,null,"['Shared Swimming Pool', 'Free Wi-Fi']","₹59,281 per night",null,Entire Villa,| 3 Bedrooms | Sleeps 12 guests,CoupleFriendly
Farrm Areca De Goa,North Goa,| 1.5 km drive to Candolim Beach,null,"['Entire Apartment', '| 1 Bedroom | Sleeps 4 guests']","₹4,511 per night",null,Room in a Farm House,| 1 Bedroom | Sleeps 4 guests,CoupleFriendlyFreeCancellationBook@₹0available
Saga De Rhodes 3BHK Luxurious Villa in Candolim,Candolim,| 7.9 km drive to Goa International Airport,4.5,"['Housekeeping', 'Caretaker']","₹15,033 per night",Like a 3 Star,Entire Villa,| 3 Bedrooms | Sleeps 12 guests,CoupleFriendly
Kitty Apartments by mariners bay suites,Calangute,| 1.6 km drive to Candolim Beach,null,"['null', 'Swimming Pool']","₹7,565 per night",null,Room in an Apartment,| 1 Bedroom | Sleeps 4 guests,CoupleFriendlyFreeCancellationBook@₹0available
Saga De Keshia - 2BHK Luxurious Villa Anjuna,Assagao,null,4.2,"['Restaurant', 'Swimming Pool']","₹8,983 per night",Like a 3 Star,Entire Villa,| 2 Bedrooms | Sleeps 8 guests,CoupleFriendly
"Rio De Grande, Goa",Agonda,| 1.7 km drive to Candolim Beach,null,"['Restaurant', 'Swimming Pool']","₹5,923 per night",null,null,null,CoupleFriendlyBreakfastIncluded
3 BHK Villa with a Pvt Pool & Gazebo in Assagao,Assagao,null,null,"['Swimming Pool', 'Swimming Pool']","₹23,525 per night",null,Entire Villa,| 4 Bedrooms | Sleeps 16 guests,CoupleFriendly
Luxe 5bhk villa in Assagao | Pvt Pool | 5 min to Bawri,Assagao,| 1.9 km drive to Mandrem Beach,null,"['Kids Play Area', '| 1 Bedroom | Sleeps 4 guests']","₹99,756 per night",null,Entire Villa,| 5 Bedrooms | Sleeps 20 guests,
Ocean Mist Villa - Steps away from Calangute Beach,Calangute,null,4.2,"['Kitchenette', 'Housekeeping']","₹5,985 per night",null,Entire Villa,| 2 Bedrooms | Sleeps 8 guests,
Villa Orann by Hireavilla,Vagator,null,null,"['Entire Apartment', '| 2 Bedrooms | Sleeps 8 guests']","₹44,789 per night",null,Entire Villa,| 5 Bedrooms | Sleeps 20 guests,CoupleFriendlyCoupleFriendlyHassleFreeCheck-inPrivateBookingsUnmarriedCouplesLocalId'sAcceptedFreeCancellation
8BHK Luxurious Villa Escala with 2 Private Pools in Assagaon by AVISA HOMES,Assagao,null,null,"['Housekeeping', 'Pool/ Beach towels']","₹1,59,636 per night",null,Entire Villa,| 8 Bedrooms | Sleeps 32 guests,CoupleFriendlyFreeMealUpgrade
Villa Aradhana by tisyastays,Calangute,| 6 minutes walk to Baga Beach,null,"['Water Sports', 'Swimming Pool']","₹26,485 per night",null,Entire Villa,| 4 Bedrooms | Sleeps 16 guests,CoupleFriendly
El Raso - 1 BHK at Parra by The Blue Kite (07),Bardez,| 9 minutes walk to Candolim Beach,null,"['Restaurant', 'Kitchenette']","₹6,461 per night",Like a 4 Star,Entire Apartment,| 1 Bedroom | Sleeps 4 guests,CoupleFriendly
LohonoStays Estate de Carmo,Siolim,| 3.0 km drive to Benaulim Beach,null,"['Water Sports', 'Restaurant']","₹46,351 per night",Like a 5 Star,Entire Villa,| 4 Bedrooms | Sleeps 16 guests,CoupleFriendlyBreakfastIncluded
Nistula Luxury Apartment with Pool in Assagao,Assagao,| 5 minutes walk to Mandrem Beach,null,"['Room in an Apartment', '| 1 Bedroom | Sleeps 4 guests']","₹7,450 per night",null,Entire Apartment,| 2 Bedrooms | Sleeps 8 guests,CoupleFriendly
Villa Unplug 2.0 Luxury Pool Villa by HUE GUH,South Goa,| 7 minutes walk to Dona Paula Beach,4.5,"['Caretaker', 'Parking']","₹42,343 per night",null,Entire Villa,| 5 Bedrooms | Sleeps 20 guests,CoupleFriendly
Saldanha Rosa,South Goa,| 6 minutes walk to Baga Beach,null,"['Swimming Pool', 'Restaurant']","₹7,44,000 per night",null,Entire Villa,| 3 Bedrooms | Sleeps 12 guests,FreeCancellation
Love paradise,Arambol Beach,| 2.7 km drive to Vagator Beach,null,"['Fireplace', 'Room in a Homestay']","₹1,158 per night",null,Room in an Apartment,| 1 Bedroom | Sleeps 3 guests,FreeCancellationBook@₹0available
Rewas Guest House,Arpora,| 1.2 km drive to Calangute Beach,null,"['| 1 Bedroom | Sleeps 4 guests', 'Shared Parking']","₹3,468 per night",null,null,null,FreeCancellationBook@₹0availableBreakfastavailableatextracharges
Amore Serenity Resort,Arambol,| 9 minutes walk to Palolem Beach,null,"['Power Backup', 'null']","₹3,919 per night",null,null,null,CoupleFriendlyFreeCancellationBook@₹0availableBreakfastavailableatextracharges
Ocean view villa,Panjim,null,null,"['Spa', 'Swimming Pool']","₹21,248 per night",null,Entire Homestay,| 4 Bedrooms | Sleeps 16 guests,CoupleFriendly
RN  Guest House,Arambol,| About a minute walk to Anjuna Beach,null,"['Free Parking', 'Power Backup']","₹5,054 per night",null,Entire Apartment,| 1 Bedroom | Sleeps 4 guests,CoupleFriendlyFreeCancellationBook@₹0available
Nistula Luxury Villa with Private Pool in Assagao C1,Assagao,null,null,"['Swimming Pool', 'Restaurant']","₹32,563 per night",null,Entire Villa,| 3 Bedrooms | Sleeps 12 guests,
4 BHK Private Pool Luxury Premium Villa in Anjuna,Anjuna,| 1.7 km drive to Candolim Beach,null,"['Swimming Pool', 'Water Sports']","₹21,320 per night",null,Entire Villa,| 4 Bedrooms | Sleeps 16 guests,CoupleFriendlyFreeCancellationBreakfastIncludedBook@₹0available
LaVerona | New 2 bhk villa | Pvt Pool | Assagao,Assagao,| 5 minutes walk to Candolim Beach,null,"['null', '| 1 Bedroom | Sleeps 4 guests']","₹18,727 per night",null,Entire Villa,| 2 Bedrooms | Sleeps 8 guests,CoupleFriendly
El Rosario - 2BHK Apartment at Reis Magos by the Bluekite(303),Bardez,null,null,"['Shared Swimming Pool', 'Wi-Fi']","₹9,721 per night",Like a 4 Star,Entire Apartment,| 2 Bedrooms | Sleeps 8 guests,CoupleFriendly
Shell: Stylish and Charming AC Cottage in Vagator,Vagator,| 2 minutes walk to Anjuna Beach,4.2,"['Living Room', 'Lounge']","₹6,143 per night",null,Entire Cottage,| 1 Bedroom | Sleeps 4 guests,CoupleFriendlyBreakfastIncluded
Lio Suites Anjuna,Anjuna,null,null,"['Swimming Pool', 'Restaurant']","₹31,165 per night",Like a 3 Star,Room in an Apartment,| 1 Bedroom | Sleeps 4 guests,
Maya Nature Retreat,North Goa,| 2.9 km drive to Candolim Beach,null,"['Spa', 'Water Sports']","₹6,351 per night",null,Room in a Villa,| 1 Bedroom | Sleeps 4 guests,CoupleFriendly
La Zamora - 3 BHK Private Pool Villa at Vagator by The Blue Kite (04),Vagator,null,null,"['| 1 Bedroom | Sleeps 4 guests', 'Reception']","₹25,198 per night",Like a 5 Star,Entire Villa,| 3 Bedrooms | Sleeps 12 guests,CoupleFriendly
Room in Beach Villa,Calangute,| 4 minutes walk to Baga Beach,2.5,"['24-hour Security', 'Water Sports']","₹9,824 per night",null,Entire Villa,| 4 Bedrooms | Sleeps 8 guests,CoupleFriendlyFreeCancellationBook@₹0available
El Rosario- 2 BHK at Reis Magos by The Blue Kite (204),Bardez,| 2.0 km drive to Candolim Beach,null,"['Restaurant', 'Restaurant']","₹10,562 per night",Like a 4 Star,Entire Apartment,| 2 Bedrooms | Sleeps 8 guests,CoupleFriendly
Echor The Rose Beachside Resort Agonda Goa,Agonda,| 4-5 minutes walk from Candolim Beach,null,"['Bar', 'Water Sports']","₹21,499 per night",null,Room in a Cottage,| 1 Bedroom | Sleeps 4 guests,CoupleFriendlyBreakfastavailableatextracharges
Rainforest Boulevard A2 - 4 BHK Private Pool Villa,Anjuna,| About a minute walk to Anjuna Beach,null,"['Restaurant', 'Caretaker']","₹40,755 per night",Like a 5 Star,Entire Villa,| 4 Bedrooms | Sleeps 16 guests,"CoupleFriendlyVillawithapool,kitchen,livingroom,lawn&sit-outs"
Saga De Colosseum 3 Bhk  Luxurious Private Pool Villa  at Arpora Anjuna,Arpora,| 1.5 km drive to Calangute Beach,null,"['Luggage Storage', 'Room in an Apartment']","₹22,571 per night",Like a 5 Star,Entire Villa,| 3 Bedrooms | Sleeps 12 guests,"CoupleFriendlyLuxuryvillawithapool,livingroom,diningarea&alawn"
Luxurious 4 BHK Villa in Siolim with pool and gazebo,Siolim,| 1.5 km drive to Candolim Beach,null,"['| 1 Bedroom | Sleeps 3 guests', 'Parking']","₹18,213 per night",null,Entire Villa,| 4 Bedrooms | Sleeps 16 guests,CoupleFriendly
Staymaster Emerald Escape  I 3BR,Bardez,| 9 minutes walk to Calangute Beach,4.1,"['Swimming Pool', 'Swimming Pool']","₹6,534 per night",Like a 3 Star,Entire Villa,| 3 Bedrooms | Sleeps 12 guests,CoupleFriendly
Namaslay Homes 2BHK,Calangute,null,null,"['Gym', '| 8 Bedrooms | Sleeps 32 guests']","₹3,601 per night",null,Entire Apartment,| 2 Bedrooms | Sleeps 8 guests,
Lillas Cottages,Baga,| 1.1 km drive to Candolim Beach,null,"['Private Swimming Pool', 'Private Kitchen']","₹10,088 per night",null,Entire Cottage,| 2 Bedrooms | Sleeps 4 guests,
Couple Friendly 1BHK9 Goa Candolim Homestay WiFi AC Back Up,Candolim,| 5 minutes walk to Candolim Beach,null,"['Indoor Games', 'Restaurant']","₹2,698 per night",null,Entire Homestay,| 1 Bedroom | Sleeps 6 guests,CoupleFriendly
SP Apartments At Candolim,Candolim,| 1.9 km drive to Baga Beach,null,"['Room in a Homestay', '| 1 Bedroom | Sleeps 4 guests']","₹18,225 per night",null,Room in an Apartment,| 1 Bedroom | Sleeps 4 guests,
Idyllic Abode 2 bhk apartment,Candolim,null,null,"['Air Conditioning', 'Wi-Fi']","₹7,033 per night",null,Entire Apartment,| 2 Bedrooms | Sleeps 12 guests,CoupleFriendlyFreeCancellationBook@₹0available
Saga De Petra R3 3BHK Villa in heart of Anjuna,Anjuna,| 2.5 km drive to Vagator Beach,null,"['Living Room', 'Restaurant']","₹13,025 per night",Like a 3 Star,Entire Villa,| 3 Bedrooms | Sleeps 12 guests,CoupleFriendly
Hotel El Paso,Arambol Beach,null,null,"['Room in an Apartment', '| 1 Bedroom | Sleeps 2 guests']","₹2,529 per night",null,null,null,CoupleFriendlyFreeCancellationBook@₹0available
Babu Beach Resort,Ashwem Beach,| 4 minutes walk to Baga Beach,null,"['Reception', 'Housekeeping']","₹14,942 per night",null,null,null,CoupleFriendlyFreeCancellationBreakfastIncludedBook@₹0available
ELIVAAS 4 Plus 1 BHK with Pvt pool | Amado Villa Shai,Assagao,null,null,"['null', 'Swimming Pool']","₹26,435 per night",Like a 5 Star,Entire Villa,| 4 Bedrooms | Sleeps 16 guests,CoupleFriendly
Hotel O 810599 Villagrande by Emmanuel,Calangute,null,null,"['Restaurant', '24-hour Room Service']","₹2,971 per night",null,null,null,CoupleFriendlyFreeCancellationBook@₹0availableGreatValuewithSpaciousRoomsandQuickCheck-In
Modern Studio Apartment with common pool,Candolim,| 5 minutes walk to Candolim Beach,null,"['Beds in a Hostel', '| 2 Dorm Beds']","₹2,948 per night",null,Entire Apartment,| 1 Bedroom | Sleeps 4 guests,
Dias Guest House  Rooms,Talpona Beach,| 2.3 km drive to Vagator Beach,null,"['Parking', 'Power Backup']","₹2,769 per night",null,Room in a Cottage,| 1 Bedroom | Sleeps 4 guests,CoupleFriendlyFreeCancellationBook@₹0available
1 Bhk with historic view in candolim,Candolim,null,null,"['Restaurant', 'Bar']","₹12,610 per night",null,Entire Apartment,| 1 Bedroom | Sleeps 4 guests,
SNS Apartments Candolim,Candolim,| 980 m drive to Candolim Beach,null,"['Room in an Apartment', '| 1 Bedroom | Sleeps 4 guests']","₹13,875 per night",null,Entire Apartment,| 2 Bedrooms | Sleeps 8 guests,
Mariyo 1 BHK Apartments,Calangute,null,null,"['Swimming Pool', 'Reception']","₹7,566 per night",null,Entire Apartment,| 1 Bedroom | Sleeps 4 guests,FreeCancellation
"Grace, MORJIM",Morjim,null,null,"['null', 'Restaurant']","₹2,331 per night",null,Room in a Villa,| 1 Bedroom | Sleeps 4 guests,CoupleFriendlyFreeCancellationBook@₹0available
Elegant Pool View Apartment by Leela Homes,Arpora,| 2 minutes walk to Agonda Beach,4.4,"['Bar', 'Room in an Apartment']","₹6,509 per night",null,Entire Apartment,| 2 Bedrooms | Sleeps 8 guests,CoupleFriendly
Casa Akshika,Bardez,null,null,"['| 1 Bedroom | Sleeps 5 guests', 'Wi-Fi']","₹58,947 per night",null,Entire Villa,| 6 Bedrooms | Sleeps 24 guests,
Elegant 2bhk stay with pool near the major beaches,Vagator,null,null,"['Parking', 'Entire Apartment']","₹8,162 per night",null,Entire Apartment,| 2 Bedrooms | Sleeps 8 guests,CoupleFriendly
Hotel O Shoreline Horizon Hideaway,Anjuna,| 3 minutes walk to Calangute Beach,null,"['| 6 Bedrooms | Sleeps 2 guests', 'Free Wi-Fi']","₹4,660 per night",null,null,null,CoupleFriendlyFreeCancellationBook@₹0available
SCIROCCO HOTELS,Calangute,| 2.2 km drive to Vagator Beach,null,"['Parking', '| 1 Bedroom | Sleeps 4 guests']","₹1,332 per night",null,null,null,CoupleFriendlyCoupleFriendlyHassleFreeCheck-inPrivateBookingsUnmarriedCouplesLocalId'sAccepted
ELIVAAS 4 BHK With Pvt Pool & Outdoor Sitting Area | Anasa,Siolim,null,null,"['Reception', 'Housekeeping']","₹16,370 per night",null,Entire Villa,| 4 Bedrooms | Sleeps 16 guests,CoupleFriendly
StayVista at Tellado Adagio,Siolim,null,null,"['| 1 Bedroom | Sleeps 4 guests', 'Parking']","₹37,139 per night",null,Entire Villa,| 4 Bedrooms | Sleeps 16 guests,
Flower Valley by BacchusHomes,Anjuna,null,null,"['Air Conditioning', 'Swimming Pool']","₹10,702 per night",null,Entire Apartment,| 2 Bedrooms | Sleeps 8 guests,
Villa Casa De Leo by HORIZON STAYS,Assagao,Ends  in  03h:  17m:  25s,null,"['Spa', 'Swimming Pool']","₹23,752 per night",null,Entire Villa,| 3 Bedrooms | Sleeps 12 guests,
Good Stay 1 BHK Apartment T7-604,Mormugao,null,null,"['Restaurant', '| 1 Bedroom | Sleeps 3 guests']","₹2,479 per night",null,Entire Apartment,| 1 Bedroom | Sleeps 4 guests,CoupleFriendly
Villa Rouz,Assagao,null,null,"['Housekeeping', 'Parking']","₹59,281 per night",null,Entire Villa,| 4 Bedrooms | Sleeps 16 guests,CoupleFriendlyFreeCancellation
Mahabal's Mandovi Grandeur | 7BHK Villa with Pool,Tiswadi,| 1.5 km drive to Arossim Beach,null,"['Room in an Apartment', '| 1 Bedroom | Sleeps 2 guests']","₹50,802 per night",null,Entire Villa,| 7 Bedrooms | Sleeps 28 guests,CoupleFriendly
Shree Stays  Anjuna Beach,Anjuna,| 2.6 km drive to Mandrem Beach,null,"['Reception', 'Housekeeping']","₹1,375 per night",null,Room in a Cottage,| 1 Bedroom | Sleeps 4 guests,CoupleFriendly
Luxury 1 bhk serviced apartment with infinity pool near Candolim beach,Calangute,| 2.3 km drive to Baga Beach,4.2,"['Swimming Pool', 'Restaurant']","₹9,839 per night",null,Entire Apartment,| 1 Bedroom | Sleeps 4 guests,CoupleFriendly
El Rosario- 2 BHK at Reis Magos by The Blue Kite (04),Bardez,| 10 minutes walk to Mandrem Beach,null,"['| 1 Bedroom | Sleeps 6 guests', 'Free Wi-Fi']","₹10,560 per night",null,Entire Apartment,| 2 Bedrooms | Sleeps 8 guests,CoupleFriendly
Saifamilyholidaygoa,Bardez,| 1.9 km drive to Miramar Beach,null,"['Gym', 'Entire Apartment']","₹5,054 per night",null,Room in a Villa,| 1 Bedroom | Sleeps 4 guests,FreeCancellationBook@₹0available
2 Bedroom Near Calangute Beach With AC Backup E3,Calangute,null,4.4,"['| 2 Bedrooms | Sleeps 13 guests', 'Shared Swimming Pool']","₹8,347 per night",null,Entire Apartment,| 2 Bedrooms | Sleeps 8 guests,
Sukoon Residency,Bardez,null,null,"['Caretaker', 'Spa']","₹8,625 per night",null,Entire Apartment,| 2 Bedrooms | Sleeps 8 guests,
Candolim Beach Touch 3 BHK Villa Blue Palm C 11,Candolim,| 1.3 km drive to Anjuna Beach,4.4,"['Water Sports', 'null']","₹25,406 per night",Like a 3 Star,Entire Villa,| 3 Bedrooms | Sleeps 12 guests,
3BHK Apartment Hilton View- Riviera Hermitage,Arpora,null,null,"['Room in an Apartment', '| 1 Bedroom | Sleeps 4 guests']","₹10,508 per night",null,Entire Apartment,| 3 Bedrooms | Sleeps 12 guests,BreakfastIncluded
Havaana Stays Morjim,Morjim,null,null,"['Housekeeping', 'Elevator/Lift']","₹2,527 per night",null,Room in a Homestay,| 1 Bedroom | Sleeps 6 guests,CoupleFriendlyFreeCancellationBook@₹0available
The Pause Project Siolim Goa,Siolim,| 1.1 km drive to Vagator Beach,null,"['Room in a Cottage', '| 1 Bedroom | Sleeps 4 guests']","₹21,016 per night",null,Entire Apartment,| 1 Bedroom | Sleeps 4 guests,CoupleFriendly
Serenity Apartments,Orlim,| 9 minutes walk to Anjuna Beach,3.7,"['Free Wi-Fi', 'Restaurant']","₹4,756 per night",Like a 3 Star,Entire Homestay,| 2 Bedrooms | Sleeps 8 guests,CoupleFriendly
Boho,Arpora,null,null,"['Room in an Apartment', '| 1 Bedroom | Sleeps 4 guests']","₹3,137 per night",null,Room in an Apartment,| 1 Bedroom | Sleeps 3 guests,
Garden View,Arpora,| 2.5 km drive to Vagator Beach,null,"['Free Wi-Fi', 'Air Conditioning']","₹2,511 per night",null,Entire Villa,| 1 Bedroom | Sleeps 4 guests,CoupleFriendly
Staymaster Casa Sant | Lavish 4BHK w/ Pvt Pool,Bardez,| 9 minutes walk to Calangute Beach,null,"['Entire Apartment', '| 1 Bedroom | Sleeps 4 guests']","₹16,762 per night",null,Entire Villa,| 4 Bedrooms | Sleeps 14 guests,CoupleFriendly
La Rozalia - 4 BHK Private Pool Villa at Vagator by The Blue Kite (02),Bardez,null,null,"['Shared Swimming Pool', 'Caretaker']","₹35,494 per night",null,Entire Villa,| 4 Bedrooms | Sleeps 16 guests,CoupleFriendly
Hibiscus Sunkissed 1 BHK near Anjuna N Assagao,Bardez,| About a minute walk to Agonda Beach,4.5,"['Room in an Apartment', '| 1 Bedroom | Sleeps 4 guests']","₹3,593 per night",null,Entire Apartment,| 1 Bedroom | Sleeps 4 guests,CoupleFriendly
Tanisi Villas,Candolim,| 8 minutes walk to Anjuna Beach,null,"['Reception', 'Caretaker']","₹73,500 per night",null,Entire Villa,| 4 Bedrooms | Sleeps 20 guests,CoupleFriendly
2 BHK Ocean Pearl Apartment,Arpora,| 2.6 km drive to Baga Beach,null,"['Room in an Apartment', '| 1 Bedroom | Sleeps 3 guests']","₹7,566 per night",null,Room in an Apartment,| 1 Bedroom | Sleeps 4 guests,
Sadafuli Apartment,Assagao,null,4.2,"['Reception', 'Caretaker']","₹2,160 per night",null,Room in an Apartment,| 1 Bedroom | Sleeps 5 guests,CoupleFriendlyFreeCancellationBook@₹0available
The Russet House | Candolim | 2BHK byZaraGosa,Candolim,null,4.4,"['Spa', 'Swimming Pool']","₹7,782 per night",Like a 3 Star,Entire Apartment,| 2 Bedrooms | Sleeps 8 guests,CoupleFriendly
Resort Hippie Paws,North Goa,| 9 minutes walk to Calangute Beach,null,"['Restaurant', 'null']","₹1,834 per night",null,null,null,FreeCancellationBook@₹0available
Localvibe - Portuguese 1BHK villa in North Goa,Porvorim,| 3 minutes walk to Baga Beach,4.5,"['Water Sports', 'Restaurant']","₹5,170 per night",null,Entire Villa,| 1 Bedroom | Sleeps 4 guests,CoupleFriendly
Greenspace 2BHK with resort style amenities 4306,Mormugao,| 1.5 km drive to Candolim Beach,null,"['Swimming Pool', '24-hour Room Service']","₹4,375 per night",null,Entire Apartment,| 2 Bedrooms | Sleeps 8 guests,CoupleFriendlyGuaranteed50%DiscountonAirportTransfer
"The Dreamland Beach Resort, Agonda",Agonda,| 6 minutes walk to Candolim Beach,null,"['| 3 Bedrooms | Sleeps 12 guests', 'Private Swimming Pool']","₹3,687 per night",null,null,null,CoupleFriendlyBreakfastavailableatextracharges
Staymaster Stardust Manor | 3BR-Pool Villa|Vagator,Vagator,| 1.3 km drive to Candolim Beach,null,"['Caretaker', 'Kids Play Area']","₹22,749 per night",Like a 4 Star,Entire Villa,| 3 Bedrooms | Sleeps 12 guests,CoupleFriendly
Villa Luminosa 3bhk Luxe Pvt Pool Assagao by Eniyi Homestays,Assagao,Ends  in  03h:  17m:  47s,null,"['Indoor Games', '| 1 Bedroom | Sleeps 4 guests']","₹55,047 per night",null,Entire Villa,| 3 Bedrooms | Sleeps 12 guests,
404 Coral BnB | Relax by the Pool,Mormugao,| 2.5 km drive to Anjuna Beach,4.4,"['Shared Swimming Pool', 'Caretaker']","₹4,845 per night",Like a 3 Star,Entire Apartment,| 2 Bedrooms | Sleeps 8 guests,CoupleFriendly
Casa Blue,Assagao,| 2.7 km drive to Mandrem Beach,null,"['Restaurant', '| 1 Bedroom | Sleeps 8 guests']","₹18,138 per night",null,Entire Villa,| 3 Bedrooms | Sleeps 12 guests,CoupleFriendlyFreeCancellationBook@₹0available
Melhor stays villas L-E4 luxurious 3BHK villa,Arpora,| About a minute walk to Ashwem Beach,null,"['Reception', 'Free Parking']","₹36,750 per night",null,Entire Villa,| 4 Bedrooms | Sleeps 16 guests,FreeCancellationBook@₹0available
2BHK Villa with Private Pool | WiFi-Caretaker-Parking | Baga,Calangute,null,null,"['24-hour Room Service', 'Swimming Pool']","₹14,646 per night",Like a 4 Star,Entire Villa,| 2 Bedrooms | Sleeps 10 guests,CoupleFriendly
"Lumina - 2bhk Apartment - Anjuna, Goa",Anjuna,| 1.5 km drive to Calangute Beach,null,"['Spa', 'Room in an Apartment']","₹8,142 per night",Like a 3 Star,Entire Apartment,| 2 Bedrooms | Sleeps 8 guests,CoupleFriendly
The BABA Hostel by La Voglia,Vagator,| 5 minutes walk to Candolim Beach,4,"['| 1 Bedroom | Sleeps 4 guests', 'Housekeeping']","₹8,654 per night",null,Beds in a Hostel,| 2 Dorm Beds,
"YoYoGoa, The Apartmenthotel",Vagator,| 2.3 km drive to Talpona Beach,null,"['Caretaker', 'Entire Apartment']","₹8,406 per night",null,Entire Apartment,| 1 Bedroom | Sleeps 4 guests,
3BHK LUXURIOUS VILLA,Arpora,| 5 minutes walk to Candolim Beach,null,"['| 1 Bedroom | Sleeps 4 guests', 'Wi-Fi']","₹23,250 per night",null,Room in a Villa,| 1 Bedroom | Sleeps 16 guests,CoupleFriendlyBreakfastIncluded
Niclohas Rodrigues Guest House,Arpora,| 1.3 km drive to Candolim Beach,null,"['Shared Parking', 'Room in a Homestay']","₹1,063 per night",null,Room in an Apartment,| 1 Bedroom | Sleeps 5 guests,
Hotel O Nosso Amor Stay,Siolim,| 9 minutes walk to Calangute Beach,null,"['| 1 Bedroom | Sleeps 4 guests', 'Air Conditioning']","₹3,297 per night",null,null,null,CoupleFriendlyFreeCancellationBook@₹0available
Villa d riverview,Candolim,| 7 minutes walk to Morjim Beach,null,"['Free Wi-Fi', 'Kids Play Area']","₹16,322 per night",null,Entire Villa,| 3 Bedrooms | Sleeps 12 guests,CoupleFriendlyFreeCancellationBook@₹0available
Villa De riverview,Candolim,| 2.0 km drive to Baga Beach,null,"['Restaurant', 'Swimming Pool']","₹12,090 per night",null,Entire Villa,| 3 Bedrooms | Sleeps 14 guests,CoupleFriendly
Casa Delight Villa,Arpora,null,null,"['Restaurant', 'Restaurant']","₹10,437 per night",null,Entire Homestay,| 3 Bedrooms | Sleeps 12 guests,CoupleFriendlyFreeCancellationBook@₹0available
Rupasgar villa,South Goa,| 2.7 km drive to Vagator Beach,null,"['Fireplace', 'Swimming Pool']","₹9,300 per night",null,Entire Villa,| 3 Bedrooms | Sleeps 12 guests,FreeCancellationBook@₹0available
Saga De Banyan G- 2BHK Luxurious Apt Candolim,Candolim,| 8 minutes walk to Anjuna Beach,null,"['| 1 Bedroom | Sleeps 2 guests', 'Housekeeping']","₹9,432 per night",Like a 3 Star,Entire Apartment,| 2 Bedrooms | Sleeps 8 guests,CoupleFriendly
Gipsy Cove colva,Betalbatim,| 1.2 km drive to Calangute Beach,null,"['Free Public Parking', 'Swimming Pool']","₹2,646 per night",null,Room in an Apartment,| 1 Bedroom | Sleeps 4 guests,CoupleFriendlyFreeCancellationBook@₹0available
Saga De Petra M 3BHK Villa in the heart of Anjuna,Anjuna,null,null,"['Restaurant', 'Entire Villa']","₹16,374 per night",Like a 3 Star,Entire Villa,| 3 Bedrooms | Sleeps 12 guests,CoupleFriendly
Tropical Dream 1 BHK Penthouse Apartment,Arpora,Ends  in  03h:  18m:  07s,4.4,"['| 3 Bedrooms | Sleeps 12 guests', 'Private Swimming Pool']","₹5,451 per night",Like a 3 Star,Room in an Apartment,| 1 Bedroom | Sleeps 6 guests,
Dias Guest House,Talpona Beach,| 7 minutes walk to Anjuna Beach,null,"['Caretaker', 'Kids Play Area']",₹976 per night,null,Room in a Villa,| 1 Bedroom | Sleeps 4 guests,CoupleFriendlyFreeCancellationBook@₹0available
Shrikrishna Luxury 4BHK Villa with Private Pool and Bathtub,Calangute,Ends  in  03h:  18m:  07s,null,"['Restaurant', 'Entire Apartment']","₹13,720 per night",null,Entire Villa,| 4 Bedrooms | Sleeps 20 guests,CoupleFriendly
Kranti's Beach Resort,Palolem,null,null,"['| 1 Bedroom | Sleeps 6 guests', 'Swimming Pool']","₹13,346 per night",null,null,null,CoupleFriendlyFreeCancellationBreakfastIncludedBook@₹0available
Adrista Divine Cottage Suite Room with private balcony sea view,Arambol,| 2.2 km drive to Bogmalo Beach,null,"['Free Wi-Fi', 'Vehicle Rentals']","₹12,610 per night",null,Room in a Cottage,| 1 Bedroom | Sleeps 4 guests,FreeCancellationBook@₹0available
StayVista at Amalia By Tellado,Assagao,null,null,"['| 3 Bedrooms | Sleeps 16 guests', 'Shared Swimming Pool']","₹40,343 per night",null,Entire Villa,| 6 Bedrooms | Sleeps 24 guests,
Chic 1 bhk apartment in Calangute,Arpora,null,null,"['Caretaker', '| 1 Bedroom | Sleeps 4 guests']","₹11,725 per night",null,Entire Apartment,| 1 Bedroom | Sleeps 8 guests,FreeCancellationBook@₹0available
Blue Tide Apartment,Candolim,| 2 minutes walk to Anjuna Beach,null,"['Shared Swimming Pool', 'Caretaker']","₹6,863 per night",null,Entire Apartment,| 1 Bedroom | Sleeps 10 guests,CoupleFriendlyFreeCancellationBook@₹0available
Tisya Grande 1BHK Apartments,Candolim,| 1.5 km drive to Calangute Beach,null,"['Kitchenette', 'Power Backup']","₹7,227 per night",null,Entire Apartment,| Sleeps 3 guests,CoupleFriendly
Whispering Waves Luxury Homes,Majorda,null,null,"['Restaurant', 'Free Parking']","₹2,589 per night",null,Room in a Homestay,| 1 Bedroom | Sleeps 4 guests,CoupleFriendlyFreeCancellationBook@₹0available
La Pasado,Vagator,null,null,"['Seating Area', 'Caretaker']","₹49,235 per night",null,Entire Villa,| 4 Bedrooms | Sleeps 16 guests,CoupleFriendly
2BHK Apartment in North Goa Near Anjuna,Bardez,| 1.3 km drive to Calangute Beach,4.3,"['Luggage Storage', '| 3 Bedrooms | Sleeps 12 guests']","₹2,632 per night",null,Entire Apartment,| 2 Bedrooms | Sleeps 8 guests,CoupleFriendly
Dragonfly Arambol,Arambol,null,null,"['Shared Swimming Pool', 'Free Wi-Fi']","₹2,320 per night",null,Beds in a Hostel,| 2 Dorm Beds,
Botanica - Apartment - 503,Candolim,| 5 minutes walk to Candolim Beach,null,"['Room in a Beach Hut', '| 1 Bedroom | Sleeps 4 guests']","₹6,428 per night",null,Entire Apartment,| 1 Bedroom | Sleeps 4 guests,CoupleFriendly
Staymaster Exquisite Edge Water Escape 4BR Pool,Nerul,null,4.2,"['Free Wi-Fi', 'Restaurant']","₹22,749 per night",Like a 4 Star,Entire Villa,| 4 Bedrooms | Sleeps 20 guests,CoupleFriendly
Villa Bella @Villa Goa | 4 BHK Villa,Calangute,| 4 minutes walk to Morjim Beach,null,"['Vehicle Rentals', 'Entire Apartment']","₹26,606 per night",null,Entire Villa,| 4 Bedrooms | Sleeps 16 guests,"CoupleFriendlyBreakfastIncludedEntirepoolvillawithakitchen,caretaker&sit-outs"
Highland beach resort candolim goa,Candolim,null,null,"['| 1 Bedroom | Sleeps 4 guests', 'Reception']","₹7,201 per night",null,Entire Apartment,| 2 Bedrooms | Sleeps 8 guests,
La Avila - 2 BHK Private Pool Villa at Siolim by The Blue Kite (21),Siolim,| 1.1 km drive to Varca Beach,null,"['Housekeeping', 'Entire Apartment']","₹14,856 per night",Like a 4 Star,Entire Villa,| 2 Bedrooms | Sleeps 8 guests,CoupleFriendly
Hotel Amrut,Calangute,null,null,"['| Sleeps 3 guests', 'Housekeeping']","₹3,481 per night",null,null,null,CoupleFriendlyFreeCancellationBook@₹0availableBreakfastavailableatextracharges
Apartment (1BHK Luxurious AC Apartment with Swimming Pool),Assagao,| 2.8 km drive to Baga Beach,4,"['Caretaker', 'Beds in a Homestay']","₹15,241 per night",null,Entire Apartment,| 1 Bedroom | Sleeps 4 guests,
Villa Verdura Candolim 4BHK with Pool,Calangute,null,4.3,"['| Sleeps 2 guests', 'Living Room']","₹46,235 per night",null,Entire Villa,| 4 Bedrooms | Sleeps 16 guests,CoupleFriendly
Chrisanders Resort,South Goa,null,null,"['Caretaker', 'Restaurant']","₹2,287 per night",null,null,null,
EL Raso - 1 BHK Apt at Parra by The Blue Kite (01),Bardez,null,4.3,"['Fireplace', 'Room in a Cottage']","₹6,461 per night",null,Entire Apartment,| 1 Bedroom | Sleeps 4 guests,CoupleFriendly
Casa Dolce Vita,Siolim,| 1.1 km drive to Candolim Beach,null,"['| 1 Bedroom | Sleeps 4 guests', 'Housekeeping']","₹12,324 per night",null,Entire Villa,| 3 Bedrooms | Sleeps 12 guests,CoupleFriendly
4bhk villa with private pool near Casino,Bardez,| 2.6 km drive to Baga Beach,4.4,"['Free Wi-Fi', 'Swimming Pool']","₹15,809 per night",null,Entire Villa,| 4 Bedrooms | Sleeps 16 guests,CoupleFriendly
Sea Horizon Villas in Morjim,North Goa,Ends  in  03h:  20m:  34s,null,"['Restaurant', 'Entire Apartment']","₹7,280 per night",null,Entire Apartment,| 3 Bedrooms | Sleeps 8 guests,CoupleFriendly
Localvibe - 1 BHK service apartment in Arpora (D101),Arpora,| 2.0 km drive to Candolim Beach,4,"['| 1 Bedroom | Sleeps 6 guests', 'Free Wi-Fi']","₹5,557 per night",null,Entire Apartment,| 1 Bedroom | Sleeps 4 guests,CoupleFriendly
Casa Solace by tisyastays,Assagao,| 5 minutes walk to Mandrem Beach,null,"['Shared Kitchen', 'Restaurant']","₹20,606 per night",null,Entire Villa,| 3 Bedrooms | Sleeps 12 guests,CoupleFriendly
Rainforest Casa Do Rio 3BHK Riverfront Private Pool Villa,Candolim,null,null,"['Fireplace', 'Beds in a Hostel']","₹45,296 per night",null,Entire Villa,| 3 Bedrooms | Sleeps 12 guests,CoupleFriendly
Casa 407,Candolim,| 6.8 km drive to Goa International Airport,null,"['| 2 Dorm Beds', 'Kitchenette']","₹4,578 per night",null,Entire Homestay,| 1 Bedroom | Sleeps 4 guests,CoupleFriendlyFreeCancellationBook@₹0available
Lux 5BHK villa with Breakfast & Jacuzzi near Bawri,Assagao,| About a minute walk to Agonda Beach,null,"['Living Room', '| 1 Bedroom | Sleeps 4 guests']","₹97,489 per night",null,Entire Villa,| 5 Bedrooms | Sleeps 20 guests,CoupleFriendly
Charming 2 bedroom apartment with pool,Calangute,| 2.0 km drive to Vagator Beach,null,"['Shared Swimming Pool', 'Shared Kitchen']","₹12,610 per night",null,Entire Apartment,| 2 Bedrooms | Sleeps 8 guests,FreeCancellation
Rio by BaccusHomes,Anjuna,null,null,"['Room in an Apartment', '| 1 Bedroom | Sleeps 3 guests']","₹8,539 per night",null,Entire Apartment,| 2 Bedrooms | Sleeps 8 guests,
La Risa - 2 BHK Private Pool Villa at Vagator by The Blue Kite (9),Vagator,| 6.8 km drive to Goa International Airport,4.1,"['Reception', 'Housekeeping']","₹16,481 per night",null,Entire Villa,| 2 Bedrooms | Sleeps 8 guests,"CoupleFriendlyEntire2BHKvillawithalivingroom,kitchen,cook&closetoVagatorbeach"
El Arbol - 2 BHK at Nerul by The Blue Kite (10 ),Nerul,null,null,"['Entire Apartment', '| 1 Bedroom | Sleeps 8 guests']","₹8,916 per night",Like a 4 Star,Entire Apartment,| 2 Bedrooms | Sleeps 8 guests,CoupleFriendly
Lykke Suites - A Unit by Goan Felicidade Hospitality Private Limited,Majorda,null,null,"['24-hour Security', 'Housekeeping']","₹3,553 per night",null,null,null,CoupleFriendly
La Mosteiro- 4 BHK Pool Villa at Assagao by The Blue Kite (08),Vagator,null,null,"['Kitchenette', 'Pool/ Beach towels']","₹49,235 per night",null,Entire Villa,| 4 Bedrooms | Sleeps 16 guests,CoupleFriendly
Benirosa Residency Homestay Apartment 1,Mormugao,| 7 minutes walk to Anjuna Beach,null,"['Swimming Pool', 'Restaurant']","₹1,810 per night",null,Entire Homestay,| 1 Bedroom | Sleeps 4 guests,CoupleFriendly
El Arbol - 2 BHK at Nerul by The Blue Kite (304 ),Nerul,| 1.3 km drive to Vagator Beach,null,"['| 1 Bedroom | Sleeps 4 guests', 'Free Wi-Fi']","₹8,610 per night",Like a 4 Star,Entire Apartment,| 2 Bedrooms | Sleeps 8 guests,CoupleFriendly
Home & Beyond by Myroom,Bardez,| 1.1 km drive to Vagator Beach,null,"['Free Parking', 'Entire Apartment']","₹4,392 per night",null,Room in an Apartment,| 1 Bedroom | Sleeps 3 guests,CoupleFriendlyFreeCancellationBook@₹0availableBreakfastavailableatextracharges
1-BHK Luxury Apartment,Candolim,| 2.3 km drive to Baga Beach,null,"['| 2 Bedrooms | Sleeps 8 guests', 'Shared Swimming Pool']","₹12,986 per night",null,Entire Apartment,| 1 Bedroom | Sleeps 4 guests,
LohonoStays Villa Regato E,Siolim,| 2.2 km drive to Baga Beach,null,"['Caretaker', 'null']","₹82,158 per night",Like a 5 Star,Entire Homestay,| 5 Bedrooms | Sleeps 20 guests,CoupleFriendlyBreakfastIncluded
Jomo Hostel Cafe and Bar in Arambol,Arambol Beach,null,null,"['Entire Apartment', '| 2 Bedrooms | Sleeps 8 guests']",₹745 per night,null,Rooms in a Hostel,| 2 Bedrooms | Sleeps 2 guests,CoupleFriendlyFreeCancellationBook@₹0available
5Bhk Pvt Pool Villa Candolim by Eniyi Homestays,Candolim,null,null,"['Housekeeping', 'Caretaker']","₹35,878 per night",null,Entire Villa,| 5 Bedrooms | Sleeps 20 guests,
El Tesoro By The Blue Kite - Private 2 BHK Apartments Near Siolim,Siolim,null,null,"['null', 'Room in a Homestay']","₹9,271 per night",Like a 4 Star,Entire Apartment,| 2 Bedrooms | Sleeps 6 guests,CoupleFriendlyContemporaryApartmentsinagatedcommunitywithasharedpool
Mulberry House in Morjim | Pvt Pool | Outdoor Bar,Morjim,| 2.9 km drive to Baga Beach,null,"['| 1 Bedroom | Sleeps 4 guests', 'Caretaker']","₹31,238 per night",null,Entire Villa,| 4 Bedrooms | Sleeps 16 guests,CoupleFriendlyFreeCancellationBook@₹0available
KAMISAMA BOUTIQUE STAY.,Vagator,null,null,"['Parking', 'Kitchenette']","₹21,314 per night",null,Entire Apartment,| 3 Bedrooms | Sleeps 12 guests,
Kepler Executive Apartment by AT Hotel Collection,Colva,| 900 m drive to Candolim Beach,null,"['Free Parking', 'Fireplace']","₹2,714 per night",null,Entire Apartment,| 2 Bedrooms | Sleeps 8 guests,CoupleFriendlyFreeCancellationBook@₹0available
Casa Palmera by StayJade Bay View Pool Kayaking,Mormugao,| 1.6 km drive to Colva Beach,null,"['Free Public Parking', 'Balcony/Terrace']","₹22,968 per night",null,Entire Villa,| 2 Bedrooms | Sleeps 8 guests,CoupleFriendlyFreeCancellationBook@₹0available
Hotel O Guddan Holiday,Calangute,| 2.5 km drive to Anjuna Beach,null,"['Room in an Apartment', '| 1 Bedroom | Sleeps 3 guests']","₹4,322 per night",null,null,null,CoupleFriendlyFreeCancellationBook@₹0availableGreatValuewithSpaciousRoomsandQuickCheck-In
Staymaster Nagra Villa-Pvt Pool | 3BHK,Arpora,Ends  in  03h:  22m:  01s,null,"['Air Conditioning', 'null']","₹17,486 per night",null,Entire Villa,| 3 Bedrooms | Sleeps 12 guests,CoupleFriendly
2BHK at Beiramar Baga by Rightstay,Baga,| 1.9 km drive to Talpona Beach,4.1,"['Lounge', 'Entire Apartment']","₹5,244 per night",Like a 3 Star,Entire Apartment,| 2 Bedrooms | Sleeps 8 guests,CoupleFriendly
Luxury 1 bhk condo with pool in north goa,Porvorim,null,null,"['| 2 Bedrooms | Sleeps 8 guests', 'Shared Swimming Pool']","₹4,558 per night",null,Entire Apartment,| 1 Bedroom | Sleeps 4 guests,CoupleFriendly
Villa Firefly by tisyastays,Arpora,| 2.2 km drive to Palolem Beach,4.3,"['Caretaker', 'Room in a Homestay']","₹30,301 per night",Like a 4 Star,Entire Villa,| 4 Bedrooms | Sleeps 16 guests,CoupleFriendly
Velenkani guest house,Arambol Beach,null,null,"['| 1 Bedroom | Sleeps 4 guests', 'Free Parking']","₹11,160 per night",null,Room in a Homestay,| 1 Bedroom | Sleeps 4 guests,FreeCancellationBook@₹0available
Sagi'tastic | 1 BHK | Pool |Nr Thallasa Vagator,Siolim,Ends  in  03h:  22m:  07s,null,"['Air Conditioning', 'Swimming Pool']","₹5,708 per night",null,Entire Apartment,| 1 Bedroom | Sleeps 4 guests,
Ocean view house,Calangute,| 1.9 km drive to Baga Beach,null,"['Restaurant', 'Entire Apartment']","₹2,024 per night",null,null,null,CoupleFriendlyFreeCancellationBook@₹0available
La Soria - 2 BHK Pool Villa at Assagao by The Blue Kite (05),Assagao,| 9 minutes walk to Candolim Beach,null,"['| 2 Bedrooms | Sleeps 8 guests', 'Shared Swimming Pool']","₹19,988 per night",null,Entire Villa,| 2 Bedrooms | Sleeps 8 guests,CoupleFriendly
2BHK Spacious Apartment with Pool Anjuna Vagator,Anjuna,| 910 m drive to Candolim Beach,3.8,"['Free Wi-Fi', 'null']","₹5,000 per night",null,Entire Apartment,| 2 Bedrooms | Sleeps 6 guests,FreeCancellationBook@₹0available
The Arks Villa Beach Resort,Siolim,| 7 minutes walk to Majorda Beach,null,"['null', 'Restaurant']","₹26,677 per night",null,Entire Villa,| 3 Bedrooms | Sleeps 12 guests,
"Ginger Goa, Candolim",Candolim,null,null,"['Lounge', 'Entire Apartment']","₹6,159 per night",null,null,null,CoupleFriendlyFreeCancellationBreakfastIncludedBook@₹0available
Brisa 3BHK Villa with Pool by Kaz Stays,Candolim,null,null,"['| 1 Bedroom | Sleeps 4 guests', 'Shared Swimming Pool']","₹29,641 per night",null,Entire Villa,| 3 Bedrooms | Sleeps 12 guests,CoupleFriendlyFreeCancellationBook@₹0available
"Pushpa Inn, Assagao",Assagao,null,null,"['Reception', '| 1 Bedroom | Sleeps 4 guests']","₹2,058 per night",null,null,null,CoupleFriendly
Nunes sea Villa,Candolim,| 2.0 km drive to Candolim Beach,null,"['Shared Kitchen', 'Shared Living Room']","₹2,589 per night",null,Room in an Apartment,| 1 Bedroom | Sleeps 4 guests,CoupleFriendlyFreeCancellationBook@₹0available
Renes - The Blissful Nook,Anjuna,| 2.5 km drive to Candolim Beach,null,"['| 4 Bedrooms | Sleeps 16 guests', 'Private Swimming Pool']","₹5,929 per night",null,Room in a Cottage,| 1 Bedroom | Sleeps 5 guests,CoupleFriendlyFreeCancellationBook@₹0available
Bungalow Dona,Panjim,| 10 minutes walk to Candolim Beach,null,"['Free Wi-Fi', '| 4 Bedrooms | Sleeps 16 guests']","₹16,091 per night",Like a 3 Star,Entire Villa,| 4 Bedrooms | Sleeps 16 guests,CoupleFriendly
3BHK Colina Villas by LohonoStays,Assagao,| 6 minutes walk to Candolim Beach,null,"['Private Swimming Pool', 'Housekeeping']","₹43,405 per night",Like a 5 Star,Entire Villa,| 3 Bedrooms | Sleeps 12 guests,CoupleFriendlyBreakfastIncluded
Hilltop Vista,Mormugao,null,null,"['Entire Apartment', '| 3 Bedrooms | Sleeps 12 guests']","₹2,123 per night",null,Entire Apartment,| 1 Bedroom | Sleeps 4 guests,FreeCancellationBook@₹0available
2bhk beach resort with pool Calangute baga,Calangute,| 1.2 km drive to Calangute Beach,null,"['Swimming Pool', 'Free Wi-Fi']","₹8,955 per night",null,Entire Apartment,| 2 Bedrooms | Sleeps 4 guests,
Colomb Bay Homes 3,Palolem,null,4.5,"['Entire Apartment', '| 2 Bedrooms | Sleeps 8 guests']","₹3,372 per night",null,Entire Homestay,| 5 Bedrooms | Sleeps 4 guests,CoupleFriendlyFreeCancellationBook@₹0available
Inn Morjim Villa Goa Beachside,Morjim,| 9 minutes walk to Calangute Beach,4.5,"['Private Swimming Pool', 'Caretaker']","₹72,550 per night",null,Entire Villa,| 3 Bedrooms | Sleeps 10 guests,
SALVADOR GUEST HOUSE,Bardez,null,null,"['| 1 Bedroom | Sleeps 4 guests', 'Shared Swimming Pool']","₹5,227 per night",null,Entire Homestay,| 1 Bedroom | Sleeps 4 guests,CoupleFriendly
El Rocio - 2 BHK at Assagao by The Blue Kite (21),Assagao,null,null,"['Caretaker', '| 1 Bedroom | Sleeps 6 guests']","₹10,842 per night",null,Entire Apartment,| 2 Bedrooms | Sleeps 8 guests,CoupleFriendly
"Serene 1BHK near Palolem beach, South goa",Palolem,null,null,"['Power Backup', 'Entire Apartment']","₹8,406 per night",null,Entire Apartment,| 1 Bedroom | Sleeps 4 guests,
2BHK Luxurious Pool Facing Apartment,Calangute,| 1.9 km drive to Deltin Royale,null,"['| 1 Bedroom | Sleeps 4 guests', 'Shared Swimming Pool']","₹12,986 per night",null,Entire Apartment,| 2 Bedrooms | Sleeps 8 guests,
AV STAY,South Goa,| 7 minutes walk to Mandrem Beach,null,"['Reception', '| 3 Bedrooms | Sleeps 12 guests']","₹3,720 per night",null,Entire Homestay,| 2 Bedrooms | Sleeps 8 guests,FreeCancellationBook@₹0available
Casa Bela Vita hosted by Masaya Stays,Anjuna,Ends  in  03h:  22m:  24s,null,"['Shared Swimming Pool', 'Caretaker']","₹27,563 per night",null,Entire Villa,| 3 Bedrooms | Sleeps 12 guests,CoupleFriendly
Spacious 2BHK Apartment with pool 5 mins to beach,Majorda,| 2.6 km drive to Baga Beach,null,"['Entire Apartment', '| 2 Bedrooms | Sleeps 8 guests']","₹7,986 per night",Like a 3 Star,Entire Apartment,| 2 Bedrooms | Sleeps 8 guests,CoupleFriendly
Staymaster 104 - 1BR | AC | Wi-Fi | Calangute,Calangute,null,null,"['Shared Swimming Pool', 'Free Wi-Fi']","₹3,240 per night",null,Entire Apartment,| 1 Bedroom | Sleeps 4 guests,CoupleFriendly
LuxuryStays : Imperial Suites,Orlim,null,null,"['| 3 Bedrooms | Sleeps 12 guests', 'Free Wi-Fi']","₹4,464 per night",null,Entire Apartment,| 2 Bedrooms | Sleeps 8 guests,
Goa Chillout Apartment - 2BHK | North Goa,Arpora,| 9 minutes walk to Candolim Beach,4.5,"['Free Parking', '| 3 Bedrooms | Sleeps 12 guests']","₹6,468 per night",null,Entire Apartment,| 2 Bedrooms | Sleeps 8 guests,CoupleFriendly
The Baga Domingo,Calangute,null,null,"['Private Swimming Pool', 'Free Wi-Fi']","₹2,195 per night",null,Room in an Apartment,| 1 Bedroom | Sleeps 4 guests,
Godwill Kimo Guest House,Majorda,null,null,"['Room in an Apartment', '| 1 Bedroom | Sleeps 5 guests']","₹2,361 per night",null,null,null,FreeCancellationBook@₹0available
White Turtle Resort,Morjim,| 7 minutes walk to Anjuna Beach,null,"['Power Backup', 'Swimming Pool']","₹3,535 per night",null,null,null,FreeCancellationBook@₹0available
La Rozalia - 4 BHK Private Pool Villa at Parra by The Blue Kite (03),Bardez,Ends  in  03h:  22m:  29s,null,"['Entire Apartment', '| 1 Bedroom | Sleeps 4 guests']","₹36,907 per night",null,Entire Villa,| 4 Bedrooms | Sleeps 16 guests,CoupleFriendly
Vilmaris Homes 5BHK with Private Pool and Jacuzzi,Bardez,| 1.7 km drive to Vagator Beach,4.5,"['Shared Swimming Pool', 'Housekeeping']","₹3,20,119 per night",null,Entire Villa,| 10 Bedrooms | Sleeps 42 guests,
La Dora 3 BHK Private Pool Villa at Vagator by The Blue Kite 12,Vagator,null,null,"['24-hour Room Service', 'Lounge']","₹24,535 per night",null,Entire Villa,| 3 Bedrooms | Sleeps 12 guests,CoupleFriendly
La Branca - 4 BHK Private Pool Villa at A Siolim by The Blue Kite (4),Siolim,| 1.6 km drive to Colva Beach,null,"['Entire Villa', '| 3 Bedrooms | Sleeps 12 guests']","₹46,579 per night",null,Entire Villa,| 4 Bedrooms | Sleeps 16 guests,CoupleFriendly
Casa palmera,Siolim,null,null,"['Housekeeping', 'Wi-Fi']","₹5,323 per night",null,Room in an Apartment,| 1 Bedroom | Sleeps 4 guests,CoupleFriendlyFreeCancellationBook@₹0available
El Reino - 3 BHK at Reis Magos by The Blue Kite (K3),Bardez,null,null,"['| 3 Bedrooms | Sleeps 12 guests', 'Private Swimming Pool']","₹14,675 per night",Like a 4 Star,Entire Apartment,| 3 Bedrooms | Sleeps 12 guests,CoupleFriendly
Budget 2BHK Apartment,Bardez,null,4.5,"['Caretaker', '| 1 Bedroom | Sleeps 4 guests']","₹3,790 per night",null,Entire Apartment,| 2 Bedrooms | Sleeps 8 guests,CoupleFriendlyFreeCancellationBook@₹0available
Staymaster Flabris4BRSeaView,Panjim,null,4.6,"['Reception', 'Housekeeping']","₹12,771 per night",Like a 4 Star,Entire Villa,| 4 Bedrooms | Sleeps 16 guests,"CoupleFriendlySea-viewvillafeaturingakitchen,livingroom&abalcony"
Villa Escala 1 4BHK with Private Pool,Assagao,| 1.3 km drive to Candolim Beach,null,"['| 3 Bedrooms | Sleeps 12 guests', 'Private Swimming Pool']","₹67,327 per night",null,Entire Villa,| 4 Bedrooms | Sleeps 16 guests,
La Mosteiro- 4 BHK Pool Villa at Assagao by The Blue Kite (09),Vagator,null,null,"['Caretaker', 'Entire Villa']","₹49,235 per night",null,Entire Villa,| 4 Bedrooms | Sleeps 16 guests,CoupleFriendly
Casa Plamera 3BHK Pvt Pool Villa by HORIZON STAYS,Vagator,null,null,"['| 10 Bedrooms | Sleeps 40 guests', 'Private Swimming Pool']","₹57,413 per night",null,Entire Villa,| 3 Bedrooms | Sleeps 12 guests,
Indy suites Candolim,Candolim,| 5 minutes walk to Candolim Beach,null,"['Caretaker', 'null']","₹5,413 per night",null,null,null,FreeCancellationBreakfastIncludedBook@₹0available
2BHK Fully Air Conditioned Apartment with Private Terrace,Calangute,null,4.3,"['Entire Apartment', '| 1 Bedroom | Sleeps 4 guests']","₹7,361 per night",null,Entire Apartment,| 2 Bedrooms | Sleeps 8 guests,CoupleFriendlyFreeCancellationBook@₹0available
Peaceful Studio Apartment with Common Swimming Pool in Candolim,Candolim,| 990 m drive to Morjim Beach,null,"['Shared Swimming Pool', 'Reception']","₹2,948 per night",null,Entire Apartment,| 1 Bedroom | Sleeps 4 guests,
Melrose Place Goa,Calangute,| 1.1 km drive to Vagator Beach,null,"['Entire Apartment', '| 2 Bedrooms | Sleeps 8 guests']","₹2,066 per night",null,null,null,CoupleFriendlyFreeCancellationBook@₹0available
Casa Azure 3 BHK Villa by Horizon Stays,Assagao,| About a minute walk to Colva Beach,null,"['Shared Swimming Pool', 'Caretaker']","₹25,032 per night",null,Entire Villa,| 3 Bedrooms | Sleeps 12 guests,
Ales & Juli,Morjim,| 2.2 km drive to Bogmalo Beach,null,"['Kids Play Area', 'Restaurant']","₹1,939 per night",null,null,null,CoupleFriendlyFreeCancellationBook@₹0available
The Cider 1BHK Apartment - Sleeps 4,Palolem,null,null,"['Air Conditioning', 'Wi-Fi']","₹7,161 per night",null,Entire Apartment,| 1 Bedroom | Sleeps 4 guests,CoupleFriendly
"AM Hotel Kollection: Ivy, Morjim",Morjim,| 2.3 km drive to Baga Beach,null,"['| 3 Bedrooms | Sleeps 12 guests', 'Power Backup']","₹2,802 per night",null,null,null,"CoupleFriendlyFreeCancellationBook@₹0availableBreakfastavailableatextrachargesRoomUpgrade,subjecttoavailability"
Siolim Breezy 2bhk,Siolim,| 6 minutes walk to Baga Beach,null,"['Entire Apartment', '| 1 Bedroom | Sleeps 4 guests']","₹7,491 per night",null,Entire Villa,| 2 Bedrooms | Sleeps 6 guests,CoupleFriendlyFreeCancellationBook@₹0available
Flora villa guest house,Candolim,null,null,"['Caretaker', 'Housekeeping']","₹2,663 per night",null,Room in an Apartment,| 1 Bedroom | Sleeps 3 guests,
"The Hosteller Goa, Arpora",Arpora,| 2.6 km drive to Baga Beach,null,"['Entire Apartment', '| 2 Bedrooms | Sleeps 8 guests']","₹2,862 per night",null,Rooms in a Hostel,| 2 Bedrooms | Sleeps 2 guests,CoupleFriendlyBreakfastavailableatextracharges
LohonoStays Villa Supan 5 Bedroom,Candolim,| 2.9 km drive to Mandrem Beach,null,"['Housekeeping', 'Caretaker']","₹45,288 per night",Like a 5 Star,Entire Villa,| 5 Bedrooms | Sleeps 20 guests,"CoupleFriendlyBreakfastIncludedVillawitharooftoppool,lawn,pooltable&riverviews"
The Samudram villa Nerul,Nerul,null,null,"['| 1 Bedroom | Sleeps 12 guests', 'Housekeeping']","₹15,244 per night",Like a 3 Star,Entire Villa,| 4 Bedrooms | Sleeps 16 guests,CoupleFriendlyFreeCancellationBook@₹0available
Imperial Goa,Panjim,| 1.1 km drive to Candolim Beach,null,"['Caretaker', '| 1 Bedroom | Sleeps 4 guests']","₹9,909 per night",null,null,null,CoupleFriendlyFreeCancellationBreakfastIncludedBook@₹0available
Luxury Apartments in Heritage Exotica,Arpora,null,null,"['Private Swimming Pool', 'Caretaker']","₹10,695 per night",null,Entire Apartment,| 2 Bedrooms | Sleeps 4 guests,CoupleFriendly
Irhaan guest house calangute,Calangute,| 8 minutes walk to Anjuna Beach,null,"['| 2 Bedrooms | Sleeps 8 guests', 'Shared Swimming Pool']","₹4,915 per night",null,Room in a Homestay,| 1 Bedroom | Sleeps 4 guests,BreakfastIncluded
WTF My House Baga,Baga,null,null,"['Free Wi-Fi', 'Entire Villa']","₹5,193 per night",null,null,null,CoupleFriendly
Condo in Benaulim by MyGoaStay,Benaulim,| 870 m drive to Candolim Beach,null,"['| 2 Bedrooms | Sleeps 8 guests', 'Private Swimming Pool']","₹2,589 per night",null,Entire Apartment,| 1 Bedroom | Sleeps 4 guests,CoupleFriendly
LohonoStays Villa Supan 6 Bedroom,Candolim,| 9 minutes walk to Sinquerium Beach,null,"['Private Kitchen', 'Room in an Apartment']","₹54,345 per night",Like a 5 Star,Entire Villa,| 6 Bedrooms | Sleeps 24 guests,"CoupleFriendlyBreakfastIncludedVillaofferingarooftoppool,lawn,pooltable&riverviews"
Vistar Holidays 1,Candolim,null,null,"['| 1 Bedroom | Sleeps 4 guests', 'Housekeeping']","₹2,920 per night",null,null,null,CoupleFriendly
Rainforest Boulevard 4 BHK Private Pool Villa,Anjuna,| 3 minutes walk to Candolim Beach,null,"['Caretaker', 'Room in an Apartment']","₹46,963 per night",Like a 5 Star,Entire Villa,| 4 Bedrooms | Sleeps 16 guests,"CoupleFriendlyPoolvillawithalivingroom,kitchen,diningarea&parking"
La Tierra Viva 3BHK Private Garden Apartment in Assagaon,Assagao,| 1.3 km drive to Anjuna Beach,4.4,"['| 1 Bedroom | Sleeps 2 guests', 'Reception']","₹11,427 per night",null,Entire Apartment,| 3 Bedrooms | Sleeps 12 guests,
Serene stay by Leela Homes,Arpora,| 1.3 km drive to Miramar Beach,null,"['Pool/ Beach towels', 'Entire Villa']","₹6,509 per night",Like a 3 Star,Entire Apartment,| 2 Bedrooms | Sleeps 8 guests,
Santa Terra 1 BHK at Reis Magos by the Bluekite (04),Nerul,Ends  in  03h:  23m:  04s,null,"['| 3 Bedrooms | Sleeps 12 guests', 'Private Swimming Pool']","₹6,707 per night",Like a 3 Star,Entire Apartment,| 1 Bedroom | Sleeps 4 guests,CoupleFriendly
Raya Resort,Vagator,null,null,"['Caretaker', 'Room in a Cottage']","₹5,932 per night",null,null,null,CoupleFriendlyBreakfastIncluded
SN Blue Hotel,Povorim,| 9 minutes walk to Calangute Beach,null,"['| 1 Bedroom | Sleeps 3 guests', 'Parking']","₹4,713 per night",null,null,null,
2 bhk by Limestays in Calangute,Calangute Baga Road,| 5 minutes walk to Palolem Beach,null,"['Luggage Assistance', 'Entire Apartment']","₹8,278 per night",null,Entire Apartment,| 2 Bedrooms | Sleeps 8 guests,FreeCancellationBook@₹0available
El Reino - 2 BHK at Reis Magos by The Blue Kite (D2),Bardez,| About a minute walk to Morjim Beach,4.1,"['| 1 Bedroom | Sleeps 8 guests', 'Free Wi-Fi']","₹10,007 per night",Like a 4 Star,Entire Apartment,| 2 Bedrooms | Sleeps 8 guests,CoupleFriendly
Good Stay Studio Apartment 307,Mormugao,null,null,"['Free Parking', 'Swimming Pool']","₹3,390 per night",null,Entire Apartment,| 1 Bedroom | Sleeps 4 guests,CoupleFriendlyFreeCancellationBook@₹0available
ELIVAAS Kamerios Regalia 2BHK Apartment,Candolim,null,null,"['Spa', '| 1 Bedroom | Sleeps 4 guests']","₹15,476 per night",null,Entire Villa,| 2 Bedrooms | Sleeps 8 guests,CoupleFriendly
Mahamaya Kalika Guest House,Calangute,null,null,"['Caretaker', 'Housekeeping']","₹6,176 per night",null,null,null,CoupleFriendlyFreeCancellationBook@₹0available
Elegant Studio In Assagao,Assagao,| 1.6 km drive to Calangute Beach,null,"['| 3 Bedrooms | Sleeps 12 guests', 'Shared Swimming Pool']","₹4,211 per night",null,Entire Apartment,| 1 Bedroom | Sleeps 4 guests,
La Vaiencia luxury apartments - Siolim,Siolim,null,null,"['Free Wi-Fi', '| 2 Bedrooms | Sleeps 8 guests']","₹20,395 per night",null,Entire Apartment,| Sleeps 5 guests,FreeCancellationBook@₹0available
OV4 | Entire 4 BHK Pool Villa,Nagoa,| 2.8 km drive to Anjuna Beach,4.4,"['Swimming Pool', 'Wi-Fi']","₹22,197 per night",Like a 4 Star,Entire Villa,| 4 Bedrooms | Sleeps 20 guests,"CoupleFriendlyEntirevillawithakitchen,poolsidegazebo&parking"
El Raso - 1 BHK at Parra by The Blue Kite (02),Bardez,| 2.0 km drive to Majorda Beach,null,"['Room in an Apartment', '| 1 Bedroom | Sleeps 2 guests']","₹5,946 per night",Like a 4 Star,Entire Apartment,| 1 Bedroom | Sleeps 4 guests,CoupleFriendly
Calangute Nova Holiday Apartments,Calangute,| 1.4 km drive to Calangute Beach,null,"['Swimming Pool', 'Reception']","₹7,137 per night",null,Entire Apartment,| 2 Bedrooms | Sleeps 4 guests,CoupleFriendlyFreeCancellation
ELIVAAS 3 BHK With Private Pool and Gazebo | Terraces Villa Luxe,Bardez,| 970 m drive to Varca Beach,null,"['Entire Apartment', '| 1 Bedroom | Sleeps 4 guests']","₹19,915 per night",null,Entire Villa,| 3 Bedrooms | Sleeps 12 guests,CoupleFriendly
Saga De Pisa - 2BHK Luxurious Apartment Assagaon,Assagao,null,null,"['Private Swimming Pool', 'Free Wi-Fi']","₹6,669 per night",Like a 3 Star,Entire Apartment,| 2 Bedrooms | Sleeps 8 guests,CoupleFriendly
Coastal Charm Anjuna,Anjuna,| 10 minutes walk to Calangute Beach,null,"['Entire Villa', '| 4 Bedrooms | Sleeps 16 guests']","₹11,229 per night",null,Entire Apartment,| 2 Bedrooms | Sleeps 8 guests,CoupleFriendly
LohonoStays Castello Villa 2,Assagao,null,null,"['Private Swimming Pool', 'Caretaker']","₹58,498 per night",null,Entire Villa,| 3 Bedrooms | Sleeps 12 guests,CoupleFriendlyBreakfastIncluded
CASA NERUL VILLA,Nerul,| 1.1 km drive to Morjim Beach,null,"['Entire Villa', '| 3 Bedrooms | Sleeps 12 guests']","₹15,405 per night",Like a 4 Star,Entire Villa,| 4 Bedrooms | Sleeps 16 guests,
La Sierra Estate Villa (3BHK) at Vagator by Travaholic Stays,Anjuna,null,null,"['Private Swimming Pool', 'Caretaker']","₹1,50,850 per night",null,Entire Villa,| 3 Bedrooms | Sleeps 12 guests,CoupleFriendly
Greenvalley 301 - Luxury serviced apartment in North Goa by Localvibe,Porvorim,null,null,"['Entire Villa', '| 3 Bedrooms | Sleeps 12 guests']","₹9,770 per night",null,Entire Apartment,| 2 Bedrooms | Sleeps 8 guests,CoupleFriendly
Luiza Beach House,Calangute,| 1.5 km drive to Vagator Beach,null,"['Private Swimming Pool', 'Private Kitchen']","₹22,781 per night",null,Room in a Homestay,| 1 Bedroom | Sleeps 4 guests,
El Rocio - Apartment - 11,Assagao,null,null,"['null', '| 5 Bedrooms | Sleeps 20 guests']","₹12,468 per night",null,Entire Apartment,| 2 Bedrooms | Sleeps 8 guests,CoupleFriendly
The Bellissimo | Candolim | 2BHK by ZaraGosa,Candolim,null,4.4,"['Private Swimming Pool', 'Private Parking']","₹8,768 per night",Like a 3 Star,Entire Apartment,| 2 Bedrooms | Sleeps 8 guests,CoupleFriendly
Staymaster The High  2BR  near Candolim Beach,Nerul,null,4.4,"['Entire Homestay', '| 1 Bedroom | Sleeps 8 guests']","₹5,326 per night",Like a 4 Star,Entire Apartment,| 2 Bedrooms | Sleeps 8 guests,"Villawithapool,livingroom,kitchen&balconywithviews"
CHICOS BLISS 2BHK CANDOLIM,Candolim,null,null,"['Swimming Pool', 'Kitchenette']","₹12,357 per night",null,Entire Homestay,| 2 Bedrooms | Sleeps 5 guests,
The Greek Villa: 3 BHK Private Pool,Bardez,| 5 minutes walk to Caranzalem Beach,null,"['Water Sports', '24-hour Room Service']","₹19,690 per night",null,Entire Villa,| 3 Bedrooms | Sleeps 12 guests,FreeCancellationBook@₹0available
"1BHK w Sauna & Common Pool, Less than 2km to Beach | Hireavilla",Calangute,null,null,"['Room in an Apartment', '| 1 Bedroom | Sleeps 3 guests']","₹4,055 per night",null,Entire Apartment,| 1 Bedroom | Sleeps 4 guests,FreeCancellationBook@₹0available
Colva mai,Colva,null,null,"['Free Wi-Fi', 'Air Conditioning']","₹2,769 per night",null,Room in a Homestay,| 1 Bedroom | Sleeps 6 guests,CoupleFriendlyFreeCancellationBook@₹0available
4 Bedroom villa with private pool by Localvibe,Mapusa,null,null,"['Entire Villa', '| 4 Bedrooms | Sleeps 16 guests']","₹26,780 per night",null,Entire Villa,| 4 Bedrooms | Sleeps 16 guests,CoupleFriendly
La Olalian- 2 BHK Private Pool Villa at Anjuna by The Blue Kite (05),Assagao,| 880 m drive to Candolim Beach,null,"['Private Swimming Pool', 'Caretaker']","₹17,096 per night",Like a 5 Star,Entire Villa,| 2 Bedrooms | Sleeps 8 guests,CoupleFriendly
Premium 2bhk Apartment,Nagoa,| 9 minutes walk to Calangute Beach,null,"['Entire Homestay', '| 3 Bedrooms | Sleeps 6 guests']","₹4,692 per night",null,Entire Apartment,| 2 Bedrooms | Sleeps 8 guests,
Chakra: Premium Retro AC Cottage in Vagator,Vagator,| 5 minutes walk to Candolim Beach,4.3,"['Swimming Pool', 'Private Kitchen']","₹5,414 per night",null,Entire Cottage,| 1 Bedroom | Sleeps 4 guests,CoupleFriendlyBreakfastIncluded
The Cider C 2BHK Apartment - Sleeps 8,South Goa,| 4 minutes walk to Calangute Beach,null,"['| 1 Bedroom | Sleeps 4 guests', 'Private Swimming Pool']","₹8,972 per night",null,Entire Apartment,| 2 Bedrooms | Sleeps 14 guests,CoupleFriendly
Air-conditioned 2 Bedroom Flat Nr Calangute Beach,Calangute Baga Road,null,null,"['Caretaker', 'Entire Apartment']","₹4,245 per night",null,Entire Apartment,| 2 Bedrooms | Sleeps 10 guests,CoupleFriendly
Elegant Studio Apartment Candolim Goa,Candolim,| 4 minutes walk to Morjim Beach,null,"['| 1 Bedroom | Sleeps 16 guests', 'Private Parking']","₹2,316 per night",null,Entire Apartment,| 1 Bedroom | Sleeps 3 guests,
Maria by the sea cottage,Baga,| 1.2 km drive to Palolem Beach,null,"['Wi-Fi', 'Entire Apartment']","₹1,925 per night",null,Room in a Cottage,| 1 Bedroom | Sleeps 4 guests,
LohonoStays Aurelia Villa F,Vagator,| 2 minutes walk to Morjim Beach,null,"['| 1 Bedroom | Sleeps 4 guests', 'Private Swimming Pool']","₹45,780 per night",Like a 5 Star,Entire Villa,| 4 Bedrooms | Sleeps 16 guests,CoupleFriendly
Coastal Oasis,Colva,null,null,"['Free Wi-Fi', '| 4 Bedrooms | Sleeps 20 guests']","₹8,942 per night",null,Entire Apartment,| 1 Bedroom | Sleeps 4 guests,CoupleFriendlyFreeCancellationBook@₹0available
FabHotel Edem Garden - 200 Mtrs from morjim beach,Morjim,| 8 minutes walk to Candolim Beach,null,"['Private Swimming Pool', 'Caretaker']","₹1,759 per night",null,null,null,CoupleFriendlyFreeCancellationBook@₹0availableBreakfastavailableatextracharges
Good Stay 2 BHK Premium T1-101,Mormugao,| 2.8 km drive to Baga Beach,null,"['| 2 Bedrooms | Sleeps 8 guests', 'Free Wi-Fi']","₹9,642 per night",null,Entire Apartment,| 2 Bedrooms | Sleeps 8 guests,CoupleFriendly
Springfied,Bardez,| 5 minutes walk to Candolim Beach,null,"['Free Parking', '| 4 Bedrooms | Sleeps 16 guests']","₹33,625 per night",null,Entire Homestay,| 4 Bedrooms | Sleeps 12 guests,CoupleFriendlyFreeCancellationBook@₹0available
Vizraama by the river | Blue Sky Rentals,Canacona,Ends  in  03h:  23m:  39s,null,"['Private Swimming Pool', 'Free Wi-Fi']","₹9,063 per night",null,Entire Apartment,| 2 Bedrooms | Sleeps 8 guests,FreeCancellationBook@₹0available
"Pluto-Stylish 2BHK Assagao,Goa",Assagao,| 2.9 km drive to Candolim Beach,null,"['| 6 Bedrooms | Sleeps 24 guests', 'Private Swimming Pool']","₹6,496 per night",Like a 4 Star,Entire Apartment,| 2 Bedrooms | Sleeps 8 guests,CoupleFriendly
Swiss cottage room at home,Arambol,| 1.3 km drive to Basilica Of Bom Jesus,4,"['Housekeeping', 'Room in a Beach Hut']","₹2,780 per night",null,Entire Cottage,| 1 Bedroom | Sleeps 4 guests,
LohonoStays Bastora House 5 Bedroom,Bardez,null,null,"['| 1 Bedroom | Sleeps 6 guests', 'Free Wi-Fi']","₹50,274 per night",Like a 5 Star,Entire Villa,| 5 Bedrooms | Sleeps 20 guests,CoupleFriendlyBreakfastIncluded
ZAC Beach House,Calangute,| 9 minutes walk to Calangute Beach,null,"['Free Parking', '| 5 Bedrooms | Sleeps 20 guests']","₹1,288 per night",null,Entire Apartment,| 1 Bedroom | Sleeps 4 guests,FreeCancellationBook@₹0available
Alaya Stays 3 BHK Apartment with Pool | Veera Sarena,Candolim,| 5 minutes walk to Baga Beach,null,"['Private Swimming Pool', 'Caretaker']","₹13,547 per night",null,Entire Apartment,| 3 Bedrooms | Sleeps 12 guests,CoupleFriendly
"Flat Number 3903 ,B 6 sequeira vaddo highland beach home",Candolim,| 1.4 km drive to Benaulim Beach,null,"['| 4 Bedrooms | Sleeps 14 guests', 'Private Swimming Pool']","₹2,568 per night",null,Entire Apartment,| 1 Bedroom | Sleeps 12 guests,CoupleFriendly
Virginia's Guest House - Non A/c 2 Bedroom Apt,Candolim,| 5 minutes walk to Candolim Beach,null,"['Caretaker', 'Swimming Pool']","₹16,403 per night",null,Room in an Apartment,| 1 Bedroom | Sleeps 8 guests,FreeCancellation
God Gift Hostel Arambol,Arambol Beach,Ends  in  03h:  23m:  47s,null,"['Water Sports', 'Entire Villa']","₹1,568 per night",null,Room in a Hostel,| 1 Bedroom | Sleeps 2 guests,CoupleFriendly
Shradha Luxury 2BHK Apartment,Calangute,| 8 minutes walk to Candolim Beach,null,"['| 3 Bedrooms | Sleeps 12 guests', 'Private Kitchen']","₹5,714 per night",null,Entire Apartment,| 2 Bedrooms | Sleeps 8 guests,CoupleFriendly
Studio at Tio carmino Calangute 307,Calangute,| 9 minutes walk to Anjuna Beach,null,"['Air Conditioning', '| 2 Bedrooms | Sleeps 8 guests']","₹3,153 per night",null,Entire Apartment,| 1 Bedroom | Sleeps 4 guests,CoupleFriendly
Stylish 2BHK next to Bits Pilani Goa near Dabolim airport,Mormugao,null,null,"['Shared Swimming Pool', 'Free Wi-Fi']","₹7,566 per night",null,Entire Apartment,| 2 Bedrooms | Sleeps 8 guests,FreeCancellationBook@₹0available
Daffodils Pool View Shreem Homes,Benaulim,| 2.0 km drive to Baga Beach,4.3,"['| 2 Bedrooms | Sleeps 8 guests', 'Shared Swimming Pool']","₹10,349 per night",null,Entire Villa,| 1 Bedroom | Sleeps 4 guests,
2bhk cozy apartment in Siolim with all amenities,Siolim,null,null,"['Caretaker', '| 1 Bedroom | Sleeps 4 guests']","₹5,665 per night",null,Entire Apartment,| 2 Bedrooms | Sleeps 8 guests,CoupleFriendly
El Rocio - 2 BHK at Assagao by The Blue Kite (11),Assagao,null,null,"['Shared Swimming Pool', 'Caretaker']","₹11,957 per night",Like a 4 Star,Entire Apartment,| 2 Bedrooms | Sleeps 8 guests,CoupleFriendly
El Raso - 1 BHK at Parra by The Blue Kite (103),Bardez,null,null,"['Entire Apartment', '| 1 Bedroom | Sleeps 6 guests']","₹5,946 per night",Like a 4 Star,Entire Apartment,| 1 Bedroom | Sleeps 4 guests,CoupleFriendly
El Raso - 1 BHK at Parra by The Blue Kite (202),Bardez,| 7 minutes walk to Calangute Beach,null,"['Free Wi-Fi', 'Shared Swimming Pool']","₹5,946 per night",Like a 4 Star,Entire Apartment,| 1 Bedroom | Sleeps 4 guests,CoupleFriendly
Nirvana Serenity The Luxury Sea View Villa,Nerul,null,null,"['Entire Apartment', '| 2 Bedrooms | Sleeps 8 guests']","₹21,172 per night",null,Room in a Villa,| 1 Bedroom | Sleeps 8 guests,CoupleFriendlyFreeCancellationBook@₹0available
StayVista at White Whale,Bardez,| 2.2 km drive to Bogmalo Beach,null,"['Reception', 'Caretaker']","₹31,016 per night",Like a 5 Star,Entire Villa,| 5 Bedrooms | Sleeps 20 guests,10%offonsessionofSpa
Vyana Villa by the beach Morjim,Morjim,null,null,"['| 1 Bedroom | Sleeps 4 guests', 'Shared Kitchen']","₹2,106 per night",null,Room in an Apartment,| 1 Bedroom | Sleeps 4 guests,CoupleFriendly
El Rocio-23,Assagao,| 520 m drive to Calangute Beach,null,"['Private Dining Area', 'null']","₹14,728 per night",null,Entire Apartment,| 2 Bedrooms | Sleeps 8 guests,CoupleFriendly
Blue lagoon by BacchusHomes,Anjuna,null,null,"['Swimming Pool', 'Restaurant']","₹12,610 per night",null,Entire Apartment,| 2 Bedrooms | Sleeps 8 guests,FreeCancellationBook@₹0available
Lohonostays Villa Floresta,Assagao,null,null,"['Entire Homestay', '| 2 Bedrooms | Sleeps 8 guests']","₹53,656 per night",null,Entire Villa,| 4 Bedrooms | Sleeps 16 guests,CoupleFriendlyBreakfastIncluded
Pristine 2BHK Apartment by tisyastays,Candolim,null,4.4,"['Shared Kitchen', 'Caretaker']","₹11,093 per night",Like a 3 Star,Entire Apartment,| 2 Bedrooms | Sleeps 8 guests,CoupleFriendly
Swizel Nook,Calangute,null,null,"['| 4 Bedrooms | Sleeps 16 guests', 'Private Swimming Pool']","₹2,860 per night",null,null,null,CoupleFriendlyFreeCancellationBook@₹0availableBreakfastavailableatextracharges
2 BHK apartment in Assagaon,Assagao,| 4-5 minutes walk from Calangute Beach,null,"['Caretaker', 'Entire Apartment']","₹25,219 per night",null,Entire Apartment,| 2 Bedrooms | Sleeps 8 guests,CoupleFriendly
Deepiksha 2BHK,Talpona Beach,null,null,"['| 1 Bedroom | Sleeps 3 guests', 'Reception']","₹3,049 per night",null,Room in a Cottage,| 1 Bedroom | Sleeps 4 guests,CoupleFriendlyFreeCancellationBook@₹0available
Blue Eyes near Candolim Beach By Zaragosa,Candolim,null,4.4,"['Housekeeping', 'Entire Apartment']","₹9,299 per night",Like a 5 Star,Entire Homestay,| 2 Bedrooms | Sleeps 8 guests,CoupleFriendly
Rajkamal Suites A Home away Home in Goa,Vagator,| 1.7 km drive to Anjuna Beach,null,"['| 2 Bedrooms | Sleeps 5 guests', 'Housekeeping']","₹7,312 per night",null,Entire Apartment,| 2 Bedrooms | Sleeps 8 guests,
